donor,celltype,n_eff,floor,n1,n2
ALS21,Astrocytes,31.872611464968156,0.72279329259896,139,18
ALS21,Exc_FEZF2,13.490196078431374,0.8093610178847309,43,8
ALS21,Exc_LINC00507,57.62237762237761,0.5788877553940845,103,40
ALS21,Exc_RORB,48.27745664739884,0.555308847969468,144,29
ALS21,Exc_THEMIS,12.775,0.8624365837675023,73,7
ALS21,Inh_LAMP5_PAX6,6.608695652173913,2.9274570381789697,19,4
ALS21,Inh_PVALB,16.825396825396826,1.2107711047382892,53,10
ALS21,Inh_SST,8.214285714285714,2.7445431700273213,23,5
ALS21,Inh_TAFA1_VIP,20.07017543859649,1.0072507913082114,44,13
ALS21,Microglia,12.040000000000001,3.548930105683798,43,7
ALS21,OPC,17.97979797979798,1.3766803602685287,89,10
ALS21,Oligodendrocytes,76.77049180327869,0.7669051227187618,446,42
ALS22,Astrocytes,67.11961722488039,0.5552012728213533,167,42
ALS22,Exc_FEZF2,32.80788177339902,0.3673463431104161,185,18
ALS22,Exc_LINC00507,150.69795918367348,0.231202124965003,397,93
ALS22,Exc_RORB,127.70388349514563,0.2454035923599994,333,79
ALS22,Exc_THEMIS,25.580246913580247,0.4032136689131566,148,14
ALS22,Inh_LAMP5_PAX6,24.470588235294116,0.5609221037196538,52,16
ALS22,Inh_PVALB,27.547826086956523,0.5429816045079118,99,16
ALS22,Inh_SST,25.5,0.948937665776064,85,15
ALS22,Inh_TAFA1_VIP,42.36521739130435,0.5474689328385615,87,28
ALS22,Microglia,8.555555555555555,4.059314075551511,11,7
ALS22,OPC,16.51376146788991,1.2653547864864767,100,9
ALS22,Oligodendrocytes,99.02977667493798,0.4858570080802146,753,53
ALS23,Astrocytes,39.83739837398374,0.8192616291382757,98,25
ALS23,Exc_FEZF2,18.352941176470587,0.8282749818960192,39,12
ALS23,Exc_RORB,28.76712328767123,0.3712211122343551,350,15
ALS23,Exc_THEMIS,24.615384615384613,0.5440972129683961,32,20
ALS23,Inh_LAMP5_PAX6,7.085714285714286,1.5783449808957968,31,4
ALS23,Inh_PVALB,7.578947368421052,0.840647671773066,72,4
ALS23,Inh_SST,1.9375,2.45149161226313,31,1
ALS23,Inh_TAFA1_VIP,1.962962962962963,2.7193726491602948,53,1
ALS23,Microglia,8.869565217391305,3.796794941760295,17,6
ALS23,OPC,5.6000000000000005,2.103647413829953,42,3
ALS23,Oligodendrocytes,210.93725490196078,0.6777234331225269,361,149
ALS24,Astrocytes,33.69767441860465,0.7929057178501774,63,23
ALS24,Exc_FEZF2,4.800000000000001,1.3262909914095835,4,6
ALS24,Exc_LINC00507,172.29681978798587,0.2678856804287383,460,106
ALS24,Exc_RORB,98.79024390243903,0.4020637069181624,122,83
ALS24,Inh_LAMP5_PAX6,16.363636363636363,0.8088405983832201,45,10
ALS24,Inh_PVALB,31.093333333333334,0.6219123111951317,53,22
ALS24,Inh_SST,19.53488372093023,0.9280737624692932,28,15
ALS24,Inh_TAFA1_VIP,38.93805309734513,0.7439340019822944,88,25
ALS24,Microglia,9.1,4.9453181298973465,13,7
ALS24,OPC,17.433962264150942,1.1128526104868983,42,11
ALS24,Oligodendrocytes,109.05829596412558,0.7195936413709828,128,95
ALS25,Astrocytes,43.74576271186441,0.807791504212957,89,29
ALS25,Exc_FEZF2,31.397849462365592,0.5905311528401476,73,20
ALS25,Exc_LINC00507,36.16438356164383,0.5286966825315842,33,40
ALS25,Exc_RORB,55.94444444444445,0.4170794691693315,106,38
ALS25,Exc_THEMIS,24.886363636363637,0.429196463840208,73,15
ALS25,Inh_LAMP5_PAX6,11.030303030303031,0.9422551078941388,26,7
ALS25,Inh_PVALB,20.0,0.765861102036699,35,14
ALS25,Inh_SST,20.172413793103445,0.9424308741633204,45,13
ALS25,Inh_TAFA1_VIP,15.0,1.1287940263606735,12,20
ALS25,Microglia,9.333333333333334,2.069080276867735,21,6
ALS25,OPC,43.35766423357664,0.8658915432406853,110,27
ALS25,Oligodendrocytes,249.69133192389006,0.4749263497349898,798,148
ALS26,Astrocytes,5.825242718446602,2.348205195513009,100,3
ALS26,Exc_FEZF2,9.333333333333334,1.3816374162143474,21,6
ALS26,Exc_LINC00507,5.052631578947369,2.280611198209701,16,3
ALS26,Exc_RORB,14.171428571428573,1.2651121189661092,62,8
ALS26,Exc_THEMIS,6.769230769230769,1.2157979856403582,22,4
ALS26,Inh_PVALB,2.857142857142857,5.215062942781912,5,2
ALS26,Inh_SST,1.5,7.138320161878977,3,1
ALS26,OPC,1.9393939393939394,4.343658495667819,32,1
ALS26,Oligodendrocytes,14.884615384615387,3.6886756405382783,43,9
ALS27,Astrocytes,37.74509803921569,0.8620179779953022,77,25
ALS27,Exc_FEZF2,20.816326530612248,0.7611459396893189,34,15
ALS27,Exc_LINC00507,66.35151515151516,0.4797483563042185,119,46
ALS27,Exc_RORB,74.22772277227723,0.3678578195140821,153,49
ALS27,Exc_THEMIS,20.740740740740744,0.628621182422639,40,14
ALS27,Inh_LAMP5_PAX6,12.9375,0.9807922923688734,23,9
ALS27,Inh_PVALB,35.61290322580645,0.5865616212755831,69,24
ALS27,Inh_SST,17.77777777777778,0.9385647041719246,20,16
ALS27,Inh_TAFA1_VIP,18.666666666666668,0.892983454283151,42,12
ALS27,Microglia,10.24390243902439,3.29231857594972,35,6
ALS27,OPC,8.076923076923077,1.4789617104070074,21,5
ALS27,Oligodendrocytes,305.359477124183,0.5078411203833803,320,292
ALS28,Astrocytes,24.827586206896555,1.2506772711138918,72,15
ALS28,Exc_FEZF2,17.752808988764045,0.7769762547706369,79,10
ALS28,Exc_LINC00507,137.29859154929576,0.2991614134187435,633,77
ALS28,Exc_RORB,245.87305122494433,0.2287996348216063,751,147
ALS28,Exc_THEMIS,20.109375,0.5604930500014138,117,11
ALS28,Inh_LAMP5_PAX6,17.346153846153847,0.9556298546864376,41,11
ALS28,Inh_PVALB,39.529411764705884,0.7468814406527812,112,24
ALS28,Inh_SST,15.348837209302324,1.3338585720128489,33,10
ALS28,Inh_TAFA1_VIP,25.35064935064935,0.9662073036624528,61,16
ALS28,Microglia,6.315789473684211,3.817533297731936,15,4
ALS28,OPC,38.652631578947364,0.8319361485675867,68,27
ALS28,Oligodendrocytes,71.91964285714285,1.0444864110812164,179,45
HC1,Astrocytes,109.30316742081448,0.7203249116024515,122,99
HC1,Exc_LINC00507,289.44082332761576,0.2851276291083384,316,267
HC1,Exc_RORB,62.81879194630873,0.5325955292266441,104,45
HC1,Inh_LAMP5_PAX6,36.32876712328767,0.6657823337078204,39,34
HC1,Inh_PVALB,50.099009900990104,0.5401211460630988,55,46
HC1,Inh_SST,52.320754716981135,0.7149717796116957,59,47
HC1,Inh_TAFA1_VIP,80.472049689441,0.5468883194092486,82,79
HC1,Microglia,34.12048192771084,1.4362319328695392,59,24
HC1,OPC,46.37837837837838,0.8638688552838878,78,33
HC1,Oligodendrocytes,287.1921458625526,0.5488805664368435,1264,162
HC10,Astrocytes,109.99130434782609,0.4844228447546696,139,91
HC10,Exc_FEZF2,32.55882352941177,0.5589064670515417,27,41
HC10,Exc_LINC00507,285.2767857142857,0.1987996906335328,718,178
HC10,Exc_RORB,326.00846262341327,0.214717845853779,254,455
HC10,Exc_THEMIS,11.277777777777777,0.8504499949416425,7,29
HC10,Inh_LAMP5_PAX6,50.5982905982906,0.5128787502011283,80,37
HC10,Inh_PVALB,94.44933920704845,0.3805899531314321,160,67
HC10,Inh_SST,68.2258064516129,0.5401290572650386,141,45
HC10,Inh_TAFA1_VIP,91.22307692307692,0.4494611795913727,201,59
HC10,Microglia,35.09278350515464,1.092209876869137,74,23
HC10,OPC,65.51724137931033,0.6544820416502286,95,50
HC10,Oligodendrocytes,549.1324345757336,0.3858867608040303,857,404
HC11,Astrocytes,107.46558704453443,0.5395167990279669,168,79
HC11,Exc_LINC00507,371.9220779220779,0.1863648720238618,666,258
HC11,Exc_RORB,183.09278350515464,0.3803635379715712,240,148
HC11,Inh_LAMP5_PAX6,39.913978494623656,0.6115641150927165,64,29
HC11,Inh_PVALB,59.95774647887323,0.5006349613209031,99,43
HC11,Inh_SST,42.146341463414636,0.6737110778778975,96,27
HC11,Inh_TAFA1_VIP,90.28070175438597,0.4876558606169141,166,62
HC11,Microglia,11.428571428571429,2.204403793803231,20,8
HC11,OPC,44.99115044247788,0.7986537220073142,82,31
HC11,Oligodendrocytes,187.98620689655172,0.6352874019527323,462,118
HC12,Astrocytes,67.2551724137931,0.6352543812837667,92,53
HC12,Exc_FEZF2,1.6666666666666667,1.6429537033454282,5,1
HC12,Exc_LINC00507,426.6769494430163,0.2101159985754861,886,281
HC12,Exc_RORB,135.75757575757575,0.3410433164874581,192,105
HC12,Inh_LAMP5_PAX6,37.5,0.7375180172092064,75,25
HC12,Inh_PVALB,53.98787878787879,0.5565678469651092,131,34
HC12,Inh_SST,43.279411764705884,0.7828426689828928,109,27
HC12,Inh_TAFA1_VIP,103.29588014981273,0.452131038263367,197,70
HC12,Microglia,28.366666666666667,1.3051852804956996,37,23
HC12,OPC,43.40425531914893,0.8390438475624448,60,34
HC12,Oligodendrocytes,105.2482269503546,0.8069983202271777,212,70
HC15,Astrocytes,12.631578947368421,2.288287987796264,30,8
HC15,Exc_FEZF2,14.736842105263156,1.349453270862485,28,10
HC15,Exc_LINC00507,1.8181818181818181,3.661404695556264,1,10
HC15,Exc_RORB,4.800000000000001,4.29017257918009,4,6
HC15,Exc_THEMIS,6.857142857142858,3.2154110301715875,6,8
HC15,Inh_LAMP5_PAX6,6.875,4.358785057741807,11,5
HC15,Inh_PVALB,1.6666666666666667,6.752411043330334,5,1
HC15,Inh_SST,6.428571428571429,2.391986646960503,9,5
HC15,Inh_TAFA1_VIP,4.444444444444445,5.306654367290711,4,5
HC15,Microglia,1.8823529411764706,5.333553829746862,16,1
HC15,OPC,5.090909090909091,5.6097215067105495,7,4
HC15,Oligodendrocytes,6.967741935483871,4.276646831620333,27,4
HC18,Astrocytes,57.98684210526316,0.6392739597997322,113,39
HC18,Exc_FEZF2,41.704918032786885,0.430567853498188,159,24
HC18,Exc_LINC00507,3.7777777777777777,2.204837362066056,2,34
HC18,Exc_RORB,72.8265306122449,0.4110925381144836,39,549
HC18,Exc_THEMIS,62.19827586206896,0.2931585739686907,195,37
HC18,Inh_LAMP5_PAX6,7.2727272727272725,2.142324936147792,40,4
HC18,Inh_PVALB,19.772727272727273,0.822374601110218,29,15
HC18,Inh_SST,12.150943396226417,0.9477817703796152,46,7
HC18,Inh_TAFA1_VIP,10.230769230769232,1.469919206589943,19,7
HC18,Microglia,13.090909090909092,1.544090164427546,24,9
HC18,OPC,52.76521739130435,0.6654762045892846,74,41
HC18,Oligodendrocytes,215.28284671532847,0.335804724942177,975,121
HC2,Astrocytes,174.64788732394365,0.5337317326095692,200,155
HC2,Exc_FEZF2,1.9512195121951221,2.194976048848233,40,1
HC2,Exc_LINC00507,588.6773378264533,0.1691925763178613,540,647
HC2,Exc_RORB,145.1851851851852,0.3157544715566382,280,98
HC2,Inh_LAMP5_PAX6,85.98837209302326,0.5421666217211356,87,85
HC2,Inh_PVALB,102.25592417061611,0.4353464774437366,124,87
HC2,Inh_SST,75.79354838709678,0.6300890543477531,89,66
HC2,Inh_TAFA1_VIP,192.43636363636367,0.4037019276589561,196,189
HC2,Microglia,88.08290155440415,0.8456586442799302,68,125
HC2,OPC,83.57142857142858,0.665856630212993,78,90
HC2,Oligodendrocytes,400.11971830985914,0.4311638593747531,531,321
HC21,Astrocytes,26.539682539682538,1.483521486429333,44,19
HC21,Exc_FEZF2,38.802721088435376,0.5555276528970282,124,23
HC21,Exc_LINC00507,258.75685557586837,0.2307141671888425,210,337
HC21,Exc_RORB,166.34271099744245,0.2464580179924393,271,120
HC21,Exc_THEMIS,42.34285714285714,0.4176826983172328,114,26
HC21,Inh_LAMP5_PAX6,39.310344827586206,0.5952766701254051,57,30
HC21,Inh_PVALB,67.94871794871794,0.4276568751496841,106,50
HC21,Inh_SST,40.851063829787236,0.6662262209296973,64,30
HC21,Inh_TAFA1_VIP,63.9375,0.5387600753641706,66,62
HC21,Microglia,42.7906976744186,1.0675840250573934,46,40
HC21,OPC,48.88073394495413,0.7982378679575279,72,37
HC21,Oligodendrocytes,46.93333333333333,1.173226432141684,88,32
HC23,Astrocytes,24.677419354838708,1.187194863044761,45,17
HC23,Exc_FEZF2,45.83333333333333,0.585187823860491,75,33
HC23,Exc_LINC00507,187.31182795698925,0.273795219290698,335,130
HC23,Exc_RORB,140.4120879120879,0.2492606472708996,269,95
HC23,Exc_THEMIS,51.75,0.420512715832843,92,36
HC23,Inh_LAMP5_PAX6,55.734375,0.520958495138663,87,41
HC23,Inh_PVALB,51.51219512195122,0.4126841515568934,132,32
HC23,Inh_SST,38.769230769230774,0.7234964436670125,63,28
HC23,Inh_TAFA1_VIP,49.37404580152672,0.6865258491589872,98,33
HC23,Microglia,9.120000000000001,4.090965418651,19,6
HC23,OPC,70.76023391812865,0.7606759970958362,121,50
HC23,Oligodendrocytes,214.9143968871595,0.4966129750478255,361,153
HC24,Astrocytes,31.73684210526316,1.144673012532186,134,18
HC24,Exc_FEZF2,47.74603174603175,0.4628600039547924,94,32
HC24,Exc_LINC00507,343.2292460015232,0.18750666484294,1110,203
HC24,Exc_RORB,166.64272890484742,0.2275299514037803,455,102
HC24,Exc_THEMIS,34.780952380952385,0.4646225251564972,83,22
HC24,Inh_LAMP5_PAX6,35.833333333333336,0.475248000287766,172,20
HC24,Inh_PVALB,102.375,0.3152524541987696,273,63
HC24,Inh_SST,43.05555555555555,0.6839973602260021,155,25
HC24,Inh_TAFA1_VIP,98.97814207650272,0.3741029395235378,307,59
HC24,Microglia,39.84466019417476,1.051781571165515,76,27
HC24,OPC,89.32937685459942,0.6210792272343522,284,53
HC24,Oligodendrocytes,537.5905820797907,0.2913583025751216,1181,348
HC25,Astrocytes,24.827586206896555,1.0561808873745857,72,15
HC25,Exc_FEZF2,7.5,1.0840926397137145,15,5
HC25,Exc_LINC00507,103.11167512690356,0.3234364206227272,333,61
HC25,Exc_RORB,74.76439790575917,0.3551123787391216,140,51
HC25,Exc_THEMIS,8.555555555555555,0.7840800841558506,11,7
HC25,Inh_LAMP5_PAX6,28.376470588235296,0.7833039264525068,67,18
HC25,Inh_PVALB,34.22222222222222,0.5112301245099573,77,22
HC25,Inh_SST,10.5,1.19360706419953,21,7
HC25,Inh_TAFA1_VIP,40.84472049689441,0.5898605494887708,137,24
HC25,Microglia,11.11764705882353,2.5799770990003204,27,7
HC25,OPC,35.52475247524753,0.7658542227306645,78,23
HC25,Oligodendrocytes,53.03571428571429,0.8182370424957605,135,33
HC26,Astrocytes,19.11864406779661,0.893775606373025,47,12
HC26,Exc_FEZF2,11.076923076923077,0.801470195889169,72,6
HC26,Exc_LINC00507,151.10027100271003,0.3841886041094109,263,106
HC26,Exc_RORB,167.91984732824426,0.2530759103976401,419,105
HC26,Exc_THEMIS,22.040816326530614,0.4652278610918716,135,12
HC26,Inh_LAMP5_PAX6,15.107142857142858,0.9435556406999632,47,9
HC26,Inh_PVALB,36.36363636363637,0.575054950036956,75,24
HC26,Inh_SST,19.47826086956522,0.8837049902691024,32,14
HC26,Inh_TAFA1_VIP,24.155844155844157,0.9884204108652423,62,15
HC26,Microglia,7.0588235294117645,5.118876141842058,12,5
HC26,OPC,24.35820895522388,0.7248590622097986,51,16
HC26,Oligodendrocytes,118.4516129032258,0.5746172111948474,459,68
HC27,Astrocytes,22.22222222222222,1.1941214643082607,20,25
HC27,Exc_FEZF2,8.0,1.6475181228993272,6,12
HC27,Exc_LINC00507,21.02941176470588,1.1858255371785915,13,55
HC27,Exc_RORB,24.96,0.9224882819172218,24,26
HC27,Exc_THEMIS,5.538461538461538,2.5400284529099544,4,9
HC27,Inh_LAMP5_PAX6,9.916666666666666,2.5801250040800623,7,17
HC27,Inh_PVALB,11.304347826086955,1.895147858692095,10,13
HC27,Inh_TAFA1_VIP,7.764705882352941,2.921124636974201,6,11
HC27,Microglia,1.7999999999999998,5.451862759067198,1,9
HC27,OPC,16.61111111111111,1.6649862287648118,13,23
HC27,Oligodendrocytes,79.40119760479041,0.81109400106615,102,65
HC28,Astrocytes,23.28358208955224,1.229484021030719,52,15
HC28,Exc_FEZF2,16.153846153846153,0.703299145114986,42,10
HC28,Exc_LINC00507,77.35640138408304,0.3130462177578388,243,46
HC28,Exc_RORB,161.3585657370518,0.2365332431764483,401,101
HC28,Exc_THEMIS,11.027027027027028,0.6491958969019839,68,6
HC28,Inh_LAMP5_PAX6,8.148148148148147,1.0570593747551928,22,5
HC28,Inh_PVALB,30.804597701149422,0.6584644719136078,67,20
HC28,Inh_SST,18.94736842105263,0.7782345658356746,45,12
HC28,Inh_TAFA1_VIP,5.142857142857143,1.524477262923151,18,3
HC28,Microglia,12.592592592592593,4.456977176390721,17,10
HC28,OPC,22.149253731343286,0.9098539204368872,53,14
HC28,Oligodendrocytes,101.42414860681114,0.8044665636238263,260,63
HC3,Astrocytes,372.8335517693316,0.3588906440980953,324,439
HC3,Exc_FEZF2,119.63114754098359,0.3665177306985591,105,139
HC3,Exc_LINC00507,575.75,0.147282502545892,588,564
HC3,Exc_RORB,451.76690946930285,0.1693647309513749,363,598
HC3,Exc_THEMIS,100.61083743842366,0.3291740628251495,111,92
HC3,Inh_LAMP5_PAX6,100.4776119402985,0.452448174271558,102,99
HC3,Inh_PVALB,145.1505016722408,0.3755127673039857,124,175
HC3,Inh_SST,127.05468749999999,0.4844558654236353,117,139
HC3,Inh_TAFA1_VIP,191.53488372093022,0.3942908650210923,213,174
HC3,Microglia,118.64092664092665,0.7292736848747959,92,167
HC3,OPC,156.47058823529414,0.496479516510756,133,190
HC3,Oligodendrocytes,1787.521654093322,0.2281702643107739,1730,1849
HC30,Astrocytes,17.756097560975608,1.2307226400822329,28,13
HC30,Exc_FEZF2,7.368421052631578,0.9429786389063184,14,5
HC30,Exc_LINC00507,172.27459954233407,0.2711533507951317,319,118
HC30,Exc_RORB,76.27513227513228,0.3223594652630243,136,53
HC30,Exc_THEMIS,1.8181818181818181,1.4646283323187992,10,1
HC30,Inh_LAMP5_PAX6,17.06122448979592,0.6890792755763473,38,11
HC30,Inh_PVALB,26.553191489361705,0.6487956932734261,78,16
HC30,Inh_SST,42.123893805309734,0.8358432504298879,85,28
HC30,Inh_TAFA1_VIP,52.440944881889756,0.5415274481992041,90,37
HC30,Microglia,39.11904761904762,1.0079187719241625,53,31
HC30,OPC,38.400000000000006,0.9189306488014738,96,24
HC30,Oligodendrocytes,116.99999999999999,0.6211691741607535,234,78
HC31,Astrocytes,36.81553398058253,0.9337873700962576,79,24
HC31,Exc_FEZF2,20.48780487804878,0.6702528507343481,70,12
HC31,Exc_LINC00507,19.56923076923077,0.6395747574560913,12,53
HC31,Exc_RORB,55.75757575757576,0.4300754671687678,92,40
HC31,Exc_THEMIS,16.471698113207548,0.4542340421181174,97,9
HC31,Inh_LAMP5_PAX6,8.0,0.9159063338860512,20,5
HC31,Inh_PVALB,21.818181818181817,0.7004122443376029,40,15
HC31,Inh_SST,8.809523809523808,1.7407791549827023,37,5
HC31,Inh_TAFA1_VIP,8.210526315789474,1.0982705454855424,13,6
HC31,Microglia,3.0,5.254650253322815,6,2
HC31,OPC,22.638297872340427,0.9834979234322472,28,19
HC31,Oligodendrocytes,111.72372372372371,0.5820109603337531,262,71
HC4,Astrocytes,251.3084479371316,0.4418311692858442,226,283
HC4,Exc_FEZF2,3.8333333333333335,1.6837775691460348,46,2
HC4,Exc_LINC00507,598.0316402997502,0.1651836607262492,639,562
HC4,Exc_RORB,161.03804347826087,0.2849342991109372,249,119
HC4,Inh_LAMP5_PAX6,89.72222222222223,0.5199120666994882,95,85
HC4,Inh_PVALB,94.95789473684209,0.4535844636458085,97,93
HC4,Inh_SST,76.50955414012738,0.6379135770314074,91,66
HC4,Inh_TAFA1_VIP,152.6797385620915,0.4235695354692786,160,146
HC4,Microglia,52.51127819548873,1.0546767271101394,36,97
HC4,OPC,84.83720930232559,0.6461639287585981,76,96
HC4,Oligodendrocytes,528.1223449447748,0.3993230773853381,777,400
HC9,Astrocytes,109.53974895397488,0.5642159154489783,154,85
HC9,Exc_LINC00507,274.17218543046357,0.2330141341744935,575,180
HC9,Exc_RORB,81.05263157894737,0.3520168415084105,55,154
HC9,Inh_LAMP5_PAX6,46.11570247933884,0.6355715172919576,90,31
HC9,Inh_PVALB,52.50000000000001,0.4973736543125917,70,42
HC9,Inh_SST,23.859649122807017,0.8858874501085514,40,17
HC9,Inh_TAFA1_VIP,74.87437185929647,0.5020472828497885,149,50
HC9,Microglia,23.322033898305087,1.3693440963306738,43,16
HC9,OPC,30.54545454545455,0.8233466470528945,42,24
HC9,Oligodendrocytes,332.83040935672517,0.4721413056825801,286,398
