donor,celltype,z,n_eff,p
ALS21,Astrocytes,0.06604904781028952,333.23937677053823,0.11118980169971672
ALS21,Exc_FEZF2,0.03309978293582831,333.23937677053823,0.03611898016997167
ALS21,Exc_LINC00507,0.40689942753297653,333.23937677053823,0.10127478753541076
ALS21,Exc_RORB,0.09798945059416324,333.23937677053823,0.12252124645892351
ALS21,Exc_THEMIS,0.10215010402682045,333.23937677053823,0.056657223796033995
ALS21,Inh_LAMP5_PAX6,0.04059615874429608,333.23937677053823,0.016288951841359773
ALS21,Inh_PVALB,0.04037151304270601,333.23937677053823,0.04461756373937677
ALS21,Inh_SST,0.050487858943592645,333.23937677053823,0.019830028328611898
ALS21,Inh_TAFA1_VIP,0.15883612512123785,333.23937677053823,0.040368271954674226
ALS21,Microglia,0.005381656615853496,333.23937677053823,0.03541076487252125
ALS21,OPC,0.08301624586666129,333.23937677053823,0.07011331444759206
ALS21,Oligodendrocytes,0.31174842048039114,333.23937677053823,0.34560906515580736
ALS22,Astrocytes,0.1470343756602456,671.6280726754543,0.07445671535447096
ALS22,Exc_FEZF2,0.11731844861155746,671.6280726754543,0.07231920199501247
ALS22,Exc_LINC00507,0.19549426689798466,671.6280726754543,0.1745635910224439
ALS22,Exc_RORB,0.18308343078673514,671.6280726754543,0.14677591734948345
ALS22,Exc_THEMIS,0.10864293853852344,671.6280726754543,0.057712860705379405
ALS22,Inh_LAMP5_PAX6,0.12690526519275452,671.6280726754543,0.024225151407196294
ALS22,Inh_PVALB,0.00033182293222830346,671.6280726754543,0.04096900605628785
ALS22,Inh_SST,0.017771276818888314,671.6280726754543,0.03562522265764161
ALS22,Inh_TAFA1_VIP,0.180608010822194,671.6280726754543,0.04096900605628785
ALS22,Microglia,0.1678454639108721,671.6280726754543,0.00641254007837549
ALS22,OPC,0.09470665481396924,671.6280726754543,0.03883149269682935
ALS22,Oligodendrocytes,0.388230021279622,671.6280726754543,0.2871392946205914
ALS23,Astrocytes,0.13620509373333875,410.9766327142001,0.07369682444577591
ALS23,Exc_FEZF2,0.13193634912532712,410.9766327142001,0.03055721989215099
ALS23,Exc_RORB,0.4413255662915581,410.9766327142001,0.21869382863990414
ALS23,Exc_THEMIS,0.35075386923690105,410.9766327142001,0.03115638106650689
ALS23,Inh_LAMP5_PAX6,0.03508246328610988,410.9766327142001,0.020970641102456562
ALS23,Inh_PVALB,0.16173583876516026,410.9766327142001,0.04553624925104853
ALS23,Inh_SST,0.12780865521354456,410.9766327142001,0.019173157579388856
ALS23,Inh_TAFA1_VIP,0.18606390452899202,410.9766327142001,0.03235470341521869
ALS23,Microglia,0.1124002043517837,410.9766327142001,0.01378070701018574
ALS23,OPC,0.10428386658194289,410.9766327142001,0.02696225284601558
ALS23,Oligodendrocytes,0.7993262444568244,410.9766327142001,0.3055721989215099
ALS24,Astrocytes,0.018111489187516434,590.1249142072753,0.059025394646533974
ALS24,Exc_FEZF2,0.1305029504730823,590.1249142072753,0.0068634179821551134
ALS24,Exc_LINC00507,0.37312716080710395,590.1249142072753,0.38846945778997943
ALS24,Exc_RORB,0.24535161129011124,590.1249142072753,0.14070006863417983
ALS24,Inh_LAMP5_PAX6,0.0980655740448564,590.1249142072753,0.03774879890185312
ALS24,Inh_PVALB,0.012937586754828215,590.1249142072753,0.05147563486616335
ALS24,Inh_SST,0.057479256429674136,590.1249142072753,0.029512697323266987
ALS24,Inh_TAFA1_VIP,0.08712207622078366,590.1249142072753,0.07755662319835278
ALS24,Microglia,0.039562930914639985,590.1249142072753,0.013726835964310227
ALS24,OPC,0.07151305675557842,590.1249142072753,0.0363761153054221
ALS24,Oligodendrocytes,0.302112789967838,590.1249142072753,0.15305422100205904
ALS25,Astrocytes,0.05771125777124383,595.9032258064517,0.06562847608453837
ALS25,Exc_FEZF2,0.007577226772058805,595.9032258064517,0.05172413793103448
ALS25,Exc_LINC00507,0.41992474590461704,595.9032258064517,0.040600667408231365
ALS25,Exc_RORB,0.0965269580721085,595.9032258064517,0.08008898776418243
ALS25,Exc_THEMIS,0.053694108894800814,595.9032258064517,0.048943270300333706
ALS25,Inh_LAMP5_PAX6,0.002016475439463773,595.9032258064517,0.01835372636262514
ALS25,Inh_PVALB,0.07680178118611664,595.9032258064517,0.027252502780867632
ALS25,Inh_SST,0.0159318782853954,595.9032258064517,0.03225806451612903
ALS25,Inh_TAFA1_VIP,0.3373720732996004,595.9032258064517,0.017797552836484983
ALS25,Microglia,0.009347175333459913,595.9032258064517,0.015016685205784204
ALS25,OPC,0.02183186992075169,595.9032258064517,0.07619577308120133
ALS25,Oligodendrocytes,0.33846969519352554,595.9032258064517,0.5261401557285873
ALS27,Astrocytes,0.126023543929519,666.9699863574352,0.06957708049113233
ALS27,Exc_FEZF2,0.03581273443986956,666.9699863574352,0.03342428376534789
ALS27,Exc_LINC00507,0.11137782142857419,666.9699863574352,0.11255115961800818
ALS27,Exc_RORB,0.18866543124483034,666.9699863574352,0.1377899045020464
ALS27,Exc_THEMIS,0.07794942757618313,666.9699863574352,0.036834924965893585
ALS27,Inh_LAMP5_PAX6,0.04510240244412933,666.9699863574352,0.021828103683492497
ALS27,Inh_PVALB,0.1051053193731276,666.9699863574352,0.06343792633015007
ALS27,Inh_SST,0.06592207670700637,666.9699863574352,0.02455661664392906
ALS27,Inh_TAFA1_VIP,0.10978945566943601,666.9699863574352,0.036834924965893585
ALS27,Microglia,0.15180962380637142,666.9699863574352,0.02796725784447476
ALS27,OPC,0.09310772356761451,666.9699863574352,0.017735334242837655
ALS27,Oligodendrocytes,0.47333170810615754,666.9699863574352,0.417462482946794
ALS28,Astrocytes,0.02463606943619836,670.7716966379984,0.03401094605160281
ALS28,Exc_FEZF2,0.06203516510422389,670.7716966379984,0.034792806880375296
ALS28,Exc_LINC00507,0.22100559064854147,670.7716966379984,0.27756059421422985
ALS28,Exc_RORB,0.04766974924934728,670.7716966379984,0.35105551211884284
ALS28,Exc_THEMIS,0.12124166610873499,670.7716966379984,0.05003909304143862
ALS28,Inh_LAMP5_PAX6,0.0618980190194572,670.7716966379984,0.020328381548084442
ALS28,Inh_PVALB,0.03844416766362732,670.7716966379984,0.053166536356528536
ALS28,Inh_SST,0.077149047346382,670.7716966379984,0.016810007818608287
ALS28,Inh_TAFA1_VIP,0.07066662576539876,670.7716966379984,0.030101641907740423
ALS28,Microglia,0.03650378667617727,670.7716966379984,0.007427677873338546
ALS28,OPC,0.19324695345278983,670.7716966379984,0.037138389366692726
ALS28,Oligodendrocytes,0.10796516430010976,670.7716966379984,0.0875684128225176
HC1,Astrocytes,0.24609011903498162,1215.8015665796345,0.07212793733681462
HC1,Exc_LINC00507,0.45232837510538215,1215.8015665796345,0.19027415143603132
HC1,Exc_RORB,0.0332375244452428,1215.8015665796345,0.04862924281984334
HC1,Inh_LAMP5_PAX6,0.1519001946926584,1215.8015665796345,0.023825065274151437
HC1,Inh_PVALB,0.16992243420321992,1215.8015665796345,0.03296344647519582
HC1,Inh_SST,0.1627280145959027,1215.8015665796345,0.034595300261096605
HC1,Inh_TAFA1_VIP,0.2585697272505764,1215.8015665796345,0.05254569190600522
HC1,Microglia,0.013717848763254145,1215.8015665796345,0.027088772845953003
HC1,OPC,0.02389398379426999,1215.8015665796345,0.03622715404699739
HC1,Oligodendrocytes,0.7488848350611835,1215.8015665796345,0.4654046997389034
HC10,Astrocytes,0.048687918594252574,1924.2377126654064,0.05434782608695652
HC10,Exc_FEZF2,0.14247124381766924,1924.2377126654064,0.01606805293005671
HC10,Exc_LINC00507,0.34380740913668767,1924.2377126654064,0.21172022684310018
HC10,Exc_RORB,0.5767215392698253,1924.2377126654064,0.16753308128544422
HC10,Exc_THEMIS,0.18581770638017303,1924.2377126654064,0.008506616257088847
HC10,Inh_LAMP5_PAX6,0.024654537971610997,1924.2377126654064,0.027646502835538753
HC10,Inh_PVALB,0.056890016561108175,1924.2377126654064,0.05363894139886578
HC10,Inh_SST,0.10142601118136822,1924.2377126654064,0.04395085066162571
HC10,Inh_TAFA1_VIP,0.1379232148717245,1924.2377126654064,0.06143667296786389
HC10,Microglia,0.07570121666617798,1924.2377126654064,0.022920604914933838
HC10,OPC,0.0038547042817613057,1924.2377126654064,0.034262759924385634
HC10,Oligodendrocytes,0.08338898564698995,1924.2377126654064,0.2979678638941399
HC11,Astrocytes,0.06143481639775402,1157.1249564914724,0.08597285067873303
HC11,Exc_LINC00507,0.0009505264184069953,1157.1249564914724,0.3216150365471632
HC11,Exc_RORB,0.20003311636109808,1157.1249564914724,0.13505046989209885
HC11,Inh_LAMP5_PAX6,0.02936290788824035,1157.1249564914724,0.03237034458753916
HC11,Inh_PVALB,0.026403543151321957,1157.1249564914724,0.04942568743473721
HC11,Inh_SST,0.0629978488975922,1157.1249564914724,0.04281239122868082
HC11,Inh_TAFA1_VIP,0.01103509295943309,1157.1249564914724,0.07935955447267665
HC11,Microglia,0.003061960532832352,1157.1249564914724,0.009745910198398886
HC11,OPC,0.005187164091868657,1157.1249564914724,0.03933170901496694
HC11,Oligodendrocytes,0.18993256706262812,1157.1249564914724,0.2018795683954055
HC12,Astrocytes,0.12111700417562002,1061.4990805443178,0.05332842956969474
HC12,Exc_FEZF2,0.023908740594203216,1061.4990805443178,0.002206693637366679
HC12,Exc_LINC00507,0.111583070078739,1061.4990805443178,0.429201912467819
HC12,Exc_RORB,0.1572017777722706,1061.4990805443178,0.1092313350496506
HC12,Inh_LAMP5_PAX6,0.015923140820899493,1061.4990805443178,0.036778227289444645
HC12,Inh_PVALB,0.07792666129923123,1061.4990805443178,0.06068407502758367
HC12,Inh_SST,0.07920263083513217,1061.4990805443178,0.05001838911364472
HC12,Inh_TAFA1_VIP,0.00631282902714328,1061.4990805443178,0.09819786686281722
HC12,Microglia,0.09036558797347609,1061.4990805443178,0.02206693637366679
HC12,OPC,0.09286758746558489,1061.4990805443178,0.03457153365207797
HC12,Oligodendrocytes,0.03080985218694985,1061.4990805443178,0.10371460095623392
HC15,Astrocytes,0.21837532163852205,92.24186046511628,0.17674418604651163
HC15,Exc_FEZF2,0.10469325347318979,92.24186046511628,0.17674418604651163
HC15,Exc_LINC00507,0.6467444006255998,92.24186046511628,0.05116279069767442
HC15,Exc_RORB,0.29690444586077136,92.24186046511628,0.046511627906976744
HC15,Exc_THEMIS,0.31962934758528244,92.24186046511628,0.06511627906976744
HC15,Inh_LAMP5_PAX6,0.0011527540773254347,92.24186046511628,0.07441860465116279
HC15,Inh_PVALB,0.11449717729132114,92.24186046511628,0.027906976744186046
HC15,Inh_SST,0.05599644580458269,92.24186046511628,0.06511627906976744
HC15,Inh_TAFA1_VIP,0.23767804992037564,92.24186046511628,0.04186046511627907
HC15,Microglia,0.3453161237542373,92.24186046511628,0.07906976744186046
HC15,OPC,0.056298344852759204,92.24186046511628,0.05116279069767442
HC15,Oligodendrocytes,0.3493837980670705,92.24186046511628,0.14418604651162792
HC18,Astrocytes,0.09346703320444483,1169.2582628747118,0.05841660261337433
HC18,Exc_FEZF2,0.25675810661058557,1169.2582628747118,0.07033051498847041
HC18,Exc_LINC00507,0.31817426527804316,1169.2582628747118,0.013835511145272867
HC18,Exc_RORB,1.4255441301402592,1169.2582628747118,0.22598001537279017
HC18,Exc_THEMIS,0.2526126888210085,1169.2582628747118,0.08916218293620293
HC18,Inh_LAMP5_PAX6,0.14591924339229562,1169.2582628747118,0.016910069177555727
HC18,Inh_PVALB,1.0197012116848126e-05,1169.2582628747118,0.016910069177555727
HC18,Inh_SST,0.13401207813335284,1169.2582628747118,0.020368946963873945
HC18,Inh_TAFA1_VIP,0.0320422168945295,1169.2582628747118,0.009992313604919293
HC18,Microglia,0.03438420995786718,1169.2582628747118,0.012682551883166795
HC18,OPC,0.014958915368129244,1169.2582628747118,0.0441967717140661
HC18,Oligodendrocytes,0.875128896767795,1169.2582628747118,0.42121445042275174
HC2,Astrocytes,0.016989942943105497,2049.0939840541196,0.08576950954336797
HC2,Exc_FEZF2,0.17212279802626312,2049.0939840541196,0.009905774341628412
HC2,Exc_LINC00507,0.242648884050585,2049.0939840541196,0.28678424740275427
HC2,Exc_RORB,0.24473617165723444,2049.0939840541196,0.09132640734476927
HC2,Inh_LAMP5_PAX6,0.036874387451734034,2049.0939840541196,0.04155593138439236
HC2,Inh_PVALB,0.0356059930558365,2049.0939840541196,0.0509784972215511
HC2,Inh_SST,0.019557478006737784,2049.0939840541196,0.0374486590964001
HC2,Inh_TAFA1_VIP,0.05247246832621646,2049.0939840541196,0.09301763711041314
HC2,Microglia,0.17629115027891049,2049.0939840541196,0.046629620681323994
HC2,OPC,0.0709320958826846,2049.0939840541196,0.04058951437545301
HC2,Oligodendrocytes,0.15135643575879737,2049.0939840541196,0.2058468229040831
HC21,Astrocytes,0.06570485881753227,983.7253384912959,0.0304642166344294
HC21,Exc_FEZF2,0.2713252845923495,983.7253384912959,0.07108317214700194
HC21,Exc_LINC00507,0.5706837531226432,983.7253384912959,0.26450676982591875
HC21,Exc_RORB,0.1681842306225684,983.7253384912959,0.1890715667311412
HC21,Exc_THEMIS,0.23116404222062734,983.7253384912959,0.06769825918762089
HC21,Inh_LAMP5_PAX6,0.03957975665460032,983.7253384912959,0.04206963249516441
HC21,Inh_PVALB,0.08314866782256349,983.7253384912959,0.07543520309477757
HC21,Inh_SST,0.06477379554605586,983.7253384912959,0.045454545454545456
HC21,Inh_TAFA1_VIP,0.10219351625451177,983.7253384912959,0.061895551257253385
HC21,Microglia,0.06600692576062847,983.7253384912959,0.041586073500967116
HC21,OPC,0.049884097959380966,983.7253384912959,0.05270793036750483
HC21,Oligodendrocytes,0.12843901002099897,983.7253384912959,0.058027079303675046
HC23,Astrocytes,0.003267009744054164,944.1412165036155,0.026371756699276903
HC23,Exc_FEZF2,0.029916708681925377,944.1412165036155,0.04593789876648235
HC23,Exc_LINC00507,0.003438264678842138,944.1412165036155,0.19778817524457679
HC23,Exc_RORB,0.03664254320400251,944.1412165036155,0.1548277328796257
HC23,Exc_THEMIS,0.0036693597563260067,944.1412165036155,0.05444491705657167
HC23,Inh_LAMP5_PAX6,0.05035044626672851,944.1412165036155,0.05444491705657167
HC23,Inh_PVALB,0.11327192991524143,944.1412165036155,0.06975754997873246
HC23,Inh_SST,0.029493254629039435,944.1412165036155,0.038706933219906425
HC23,Inh_TAFA1_VIP,0.03178213767402466,944.1412165036155,0.05572096980008507
HC23,Microglia,0.019712469370954305,944.1412165036155,0.010633772862611655
HC23,OPC,0.019831654906464748,944.1412165036155,0.07273500638026371
HC23,Oligodendrocytes,0.05133250813327816,944.1412165036155,0.21863037005529562
HC24,Astrocytes,0.07469432862314675,1587.2084592145015,0.028700906344410877
HC24,Exc_FEZF2,0.07337757247694209,1587.2084592145015,0.02379154078549849
HC24,Exc_LINC00507,0.1108343117420875,1587.2084592145015,0.24792296072507553
HC24,Exc_RORB,0.0009399996548126846,1587.2084592145015,0.1051737160120846
HC24,Exc_THEMIS,0.024666288976482174,1587.2084592145015,0.01982628398791541
HC24,Inh_LAMP5_PAX6,0.10272712636873073,1587.2084592145015,0.03625377643504532
HC24,Inh_PVALB,0.0068872226235482,1587.2084592145015,0.06344410876132929
HC24,Inh_SST,0.05588511192451801,1587.2084592145015,0.033987915407854986
HC24,Inh_TAFA1_VIP,0.04060687277618306,1587.2084592145015,0.06910876132930513
HC24,Microglia,0.07387245205290527,1587.2084592145015,0.019448640483383687
HC24,OPC,0.04569141073534478,1587.2084592145015,0.06363293051359517
HC24,Oligodendrocytes,0.18734567100188024,1587.2084592145015,0.2887084592145015
HC25,Astrocytes,0.04017719606918562,438.45454545454544,0.06277056277056277
HC25,Exc_FEZF2,0.04056788871033074,438.45454545454544,0.01443001443001443
HC25,Exc_LINC00507,0.1679311727104269,438.45454545454544,0.2842712842712843
HC25,Exc_RORB,0.1770454544474087,438.45454545454544,0.1378066378066378
HC25,Exc_THEMIS,0.13918109834237274,438.45454545454544,0.012987012987012988
HC25,Inh_LAMP5_PAX6,0.0239086302071217,438.45454545454544,0.06132756132756133
HC25,Inh_PVALB,0.04427940608474255,438.45454545454544,0.07142857142857142
HC25,Inh_SST,0.048141751709926704,438.45454545454544,0.020202020202020204
HC25,Inh_TAFA1_VIP,0.10978967857016934,438.45454545454544,0.11616161616161616
HC25,Microglia,0.008935665542256319,438.45454545454544,0.024531024531024532
HC25,OPC,0.054508762690017545,438.45454545454544,0.07287157287157287
HC25,Oligodendrocytes,0.001270567314916602,438.45454545454544,0.12121212121212122
HC26,Astrocytes,0.015224478541352851,635.2449177153921,0.028557599225556632
HC26,Exc_FEZF2,0.1453540657282488,635.2449177153921,0.0377541142303969
HC26,Exc_LINC00507,0.29580395920182656,635.2449177153921,0.17860600193610843
HC26,Exc_RORB,0.04035606724711011,635.2449177153921,0.2536302032913843
HC26,Exc_THEMIS,0.19462112598995998,635.2449177153921,0.07115198451113262
HC26,Inh_LAMP5_PAX6,0.0315121072637717,635.2449177153921,0.027105517909002903
HC26,Inh_PVALB,0.07688234156890936,635.2449177153921,0.047918683446272994
HC26,Inh_SST,0.11249722989359952,635.2449177153921,0.022265246853823813
HC26,Inh_TAFA1_VIP,0.006484269909257847,635.2449177153921,0.037270087124878996
HC26,Microglia,0.06184232620449893,635.2449177153921,0.008228460793804453
HC26,OPC,0.05843091340248623,635.2449177153921,0.032429816069699906
HC26,Oligodendrocytes,0.2310677612539924,635.2449177153921,0.255082284607938
HC27,Astrocytes,0.02005794835214923,235.18333333333334,0.09375
HC27,Exc_FEZF2,0.07721408878558413,235.18333333333334,0.0375
HC27,Exc_LINC00507,0.3946659024502358,235.18333333333334,0.14166666666666666
HC27,Exc_RORB,0.07075612734638038,235.18333333333334,0.10416666666666667
HC27,Exc_THEMIS,0.08272990838331704,235.18333333333334,0.027083333333333334
HC27,Inh_LAMP5_PAX6,0.12876285254445818,235.18333333333334,0.05
HC27,Inh_PVALB,0.00514272291572389,235.18333333333334,0.04791666666666667
HC27,Inh_TAFA1_VIP,0.059620948748028535,235.18333333333334,0.035416666666666666
HC27,Microglia,0.19598896171781457,235.18333333333334,0.020833333333333332
HC27,OPC,0.0791021049539323,235.18333333333334,0.075
HC27,Oligodendrocytes,0.541495391564976,235.18333333333334,0.34791666666666665
HC28,Astrocytes,0.043879483212816865,493.2077840552417,0.04205900816070308
HC28,Exc_FEZF2,0.0010027556605909193,493.2077840552417,0.032642812303829254
HC28,Exc_LINC00507,0.09820547436794051,493.2077840552417,0.18141870684243566
HC28,Exc_RORB,0.04264644850664814,493.2077840552417,0.31512868801004396
HC28,Exc_THEMIS,0.1573799421167339,493.2077840552417,0.04645323289391086
HC28,Inh_LAMP5_PAX6,0.0053245888286716754,493.2077840552417,0.01694915254237288
HC28,Inh_PVALB,0.059655099347320016,493.2077840552417,0.054613935969868174
HC28,Inh_SST,0.023722699392241923,493.2077840552417,0.035781544256120526
HC28,Inh_TAFA1_VIP,0.03628981017283982,493.2077840552417,0.013182674199623353
HC28,Microglia,0.15175078161714273,493.2077840552417,0.01694915254237288
HC28,OPC,0.023677166230730937,493.2077840552417,0.04205900816070308
HC28,Oligodendrocytes,0.011675026325338176,493.2077840552417,0.20276208411801633
HC3,Astrocytes,0.049163465393924084,4291.004984351454,0.0884432595340211
HC3,Exc_FEZF2,0.02302538695950835,4291.004984351454,0.028283296626869132
HC3,Exc_LINC00507,0.0734396612787977,4291.004984351454,0.13353425292685753
HC3,Exc_RORB,0.12266433064149664,4291.004984351454,0.11139445925582474
HC3,Exc_THEMIS,0.0517491803059466,4291.004984351454,0.023530775472354236
HC3,Inh_LAMP5_PAX6,0.027058778398790072,4291.004984351454,0.023298945172134
HC3,Inh_PVALB,0.03746756727730963,4291.004984351454,0.0346586298829257
HC3,Inh_SST,0.004824595931584627,4291.004984351454,0.029674278428190565
HC3,Inh_TAFA1_VIP,0.07537277216611228,4291.004984351454,0.04485916309261621
HC3,Microglia,0.07688112903853023,4291.004984351454,0.03002202387852092
HC3,OPC,0.04133873054789111,4291.004984351454,0.037440593485568566
HC3,Oligodendrocytes,0.06596349062855272,4291.004984351454,0.4148603222441173
HC30,Astrocytes,0.04814328910766615,614.1791979949874,0.02568922305764411
HC30,Exc_FEZF2,0.0017871699391321034,614.1791979949874,0.011904761904761904
HC30,Exc_LINC00507,0.03190598240985576,614.1791979949874,0.27380952380952384
HC30,Exc_RORB,0.03885472656107943,614.1791979949874,0.11842105263157894
HC30,Exc_THEMIS,0.07322074011740391,614.1791979949874,0.006892230576441102
HC30,Inh_LAMP5_PAX6,0.03286852707204083,614.1791979949874,0.030701754385964907
HC30,Inh_PVALB,0.11677033941582544,614.1791979949874,0.05889724310776942
HC30,Inh_SST,0.01755607504450154,614.1791979949874,0.07080200501253132
HC30,Inh_TAFA1_VIP,0.04785095751942694,614.1791979949874,0.07957393483709274
HC30,Microglia,0.13355122883583717,614.1791979949874,0.05263157894736842
HC30,OPC,0.08895038784415929,614.1791979949874,0.07518796992481203
HC30,Oligodendrocytes,0.025683231152019585,614.1791979949874,0.19548872180451127
HC31,Astrocytes,0.04157594632472131,388.03539823008856,0.10127826941986234
HC31,Exc_FEZF2,0.17121401973870562,388.03539823008856,0.08062930186823992
HC31,Exc_LINC00507,0.7653029001526399,388.03539823008856,0.063913470993117
HC31,Exc_RORB,0.09391796051228554,388.03539823008856,0.12979351032448377
HC31,Exc_THEMIS,0.3070600597541525,388.03539823008856,0.10422812192723697
HC31,Inh_LAMP5_PAX6,0.04712976798365033,388.03539823008856,0.024582104228121928
HC31,Inh_PVALB,0.020166581170970536,388.03539823008856,0.05408062930186824
HC31,Inh_SST,0.14968813855256158,388.03539823008856,0.04129793510324484
HC31,Inh_TAFA1_VIP,0.042782170024764,388.03539823008856,0.018682399213372666
HC31,Microglia,0.003097860330070536,388.03539823008856,0.007866273352999017
HC31,OPC,0.1703265799337878,388.03539823008856,0.046214355948869225
HC31,Oligodendrocytes,0.15881921463959497,388.03539823008856,0.3274336283185841
HC4,Astrocytes,0.17784290473689185,2207.1026040507454,0.11328733585577565
HC4,Exc_FEZF2,0.16590014284357857,2207.1026040507454,0.010683285110171378
HC4,Exc_LINC00507,0.08399848411763033,2207.1026040507454,0.2673046961940797
HC4,Exc_RORB,0.13427312859566032,2207.1026040507454,0.08190518584464723
HC4,Inh_LAMP5_PAX6,0.03196924372494316,2207.1026040507454,0.040062319163142665
HC4,Inh_PVALB,0.047642554662166374,2207.1026040507454,0.042288003561095036
HC4,Inh_SST,0.01038423583351145,2207.1026040507454,0.03494324504785221
HC4,Inh_TAFA1_VIP,0.04770071993396792,2207.1026040507454,0.06810594257734254
HC4,Microglia,0.21015462068258525,2207.1026040507454,0.029601602492766527
HC4,OPC,0.10101235667456122,2207.1026040507454,0.03828177164478077
HC4,Oligodendrocytes,0.2278609814761254,2207.1026040507454,0.26196305363899397
HC9,Astrocytes,0.06538971288409044,1216.3041584158416,0.09465346534653465
HC9,Exc_LINC00507,0.44998951853011016,1216.3041584158416,0.299009900990099
HC9,Exc_RORB,0.41469231170196136,1216.3041584158416,0.08277227722772278
HC9,Inh_LAMP5_PAX6,0.1380066476233765,1216.3041584158416,0.04792079207920792
HC9,Inh_PVALB,0.02625928283069091,1216.3041584158416,0.044356435643564354
HC9,Inh_SST,0.06695356617705982,1216.3041584158416,0.022574257425742573
HC9,Inh_TAFA1_VIP,0.1859287278456363,1216.3041584158416,0.07881188118811881
HC9,Microglia,0.08552341606440608,1216.3041584158416,0.023366336633663366
HC9,OPC,0.027698128597112678,1216.3041584158416,0.026138613861386138
HC9,Oligodendrocytes,0.44924699237229665,1216.3041584158416,0.2708910891089109
