cohort,celltype,n_pairs,mean_fraction,kappa,kappa_min,kappa_max,spread,cost_spread,r_kappa_vs_log_abundance
Motor cortex,Astrocytes,26,0.069628,2.204,,,,,
Motor cortex,Exc_FEZF2,23,0.040682,2.8761,,,,,
Motor cortex,Exc_LINC00507,25,0.205335,6.3848,,,,,
Motor cortex,Exc_RORB,26,0.146384,8.4998,,,,,
Motor cortex,Exc_THEMIS,19,0.046233,3.1597,,,,,
Motor cortex,Inh_LAMP5_PAX6,26,0.033383,1.6125,,,,,
Motor cortex,Inh_PVALB,26,0.049375,1.5281,,,,,
Motor cortex,Inh_SST,25,0.034711,1.6492,,,,,
Motor cortex,Inh_TAFA1_VIP,26,0.053507,2.6039,,,,,
Motor cortex,Microglia,26,0.024063,2.466,,,,,
Motor cortex,OPC,26,0.046861,1.5563,,,,,
Motor cortex,Oligodendrocytes,26,0.266374,7.511,,,,,
Motor cortex,__summary__,12,,,1.528,8.5,5.56,30.9,0.874
Seattle atlas,Astrocyte,169,,5.5388,,,,,
Seattle atlas,Chandelier,168,,2.0333,,,,,
Seattle atlas,Endothelial,168,,1.5232,,,,,
Seattle atlas,Immune,169,,4.2392,,,,,
Seattle atlas,L2/3 IT,169,,6.872,,,,,
Seattle atlas,L4 IT,169,,5.2911,,,,,
Seattle atlas,L5 ET,153,,1.4656,,,,,
Seattle atlas,L5 IT,169,,4.4703,,,,,
Seattle atlas,L5/6 NP,169,,2.1571,,,,,
Seattle atlas,L6 CT,167,,3.4523,,,,,
Seattle atlas,L6 IT,169,,5.3537,,,,,
Seattle atlas,L6 IT Car3,168,,3.2248,,,,,
Seattle atlas,L6b,168,,4.3808,,,,,
Seattle atlas,Lamp5,169,,2.7987,,,,,
Seattle atlas,Lamp5 Lhx6,168,,1.8289,,,,,
Seattle atlas,OPC,169,,3.7185,,,,,
Seattle atlas,Oligodendrocyte,169,,7.7121,,,,,
Seattle atlas,Pax6,169,,2.0248,,,,,
Seattle atlas,Pvalb,169,,2.5551,,,,,
Seattle atlas,Sncg,169,,3.017,,,,,
Seattle atlas,Sst,169,,2.4954,,,,,
Seattle atlas,Sst Chodl,150,,1.2646,,,,,
Seattle atlas,VLMC & Perivascular,169,,1.6676,,,,,
Seattle atlas,Vip,169,,4.4458,,,,,
Seattle atlas,__summary__,24,,,1.265,7.712,6.1,37.2,
PsychAD MSSM,Adaptive,832,0.002559,1.2241,,,,,
PsychAD MSSM,Astro,988,0.140506,1.6325,,,,,
PsychAD MSSM,EN_L2_3_IT,981,0.099745,2.0816,,,,,
PsychAD MSSM,EN_L3_5_IT_1,967,0.012243,1.0838,,,,,
PsychAD MSSM,EN_L3_5_IT_2,968,0.033219,1.2626,,,,,
PsychAD MSSM,EN_L3_5_IT_3,966,0.029827,1.2871,,,,,
PsychAD MSSM,EN_L5_6_NP,929,0.005228,1.2053,,,,,
PsychAD MSSM,EN_L5_ET,429,0.000525,1.0676,,,,,
PsychAD MSSM,EN_L6B,913,0.005466,1.13,,,,,
PsychAD MSSM,EN_L6_CT,947,0.008312,1.1513,,,,,
PsychAD MSSM,EN_L6_IT_1,937,0.009355,1.2747,,,,,
PsychAD MSSM,EN_L6_IT_2,883,0.003992,1.2954,,,,,
PsychAD MSSM,Endo,969,0.006037,1.4162,,,,,
PsychAD MSSM,IN_ADARB2,966,0.01519,1.0785,,,,,
PsychAD MSSM,IN_LAMP5_LHX6,957,0.00692,1.065,,,,,
PsychAD MSSM,IN_LAMP5_RELN,976,0.01251,1.1451,,,,,
PsychAD MSSM,IN_PVALB,975,0.028463,1.2122,,,,,
PsychAD MSSM,IN_PVALB_CHC,954,0.007263,1.0495,,,,,
PsychAD MSSM,IN_SST,978,0.028867,1.1843,,,,,
PsychAD MSSM,IN_VIP,983,0.045735,1.2384,,,,,
PsychAD MSSM,Micro,989,0.05478,1.4404,,,,,
PsychAD MSSM,OPC,988,0.062364,1.3646,,,,,
PsychAD MSSM,Oligo,986,0.372781,2.5717,,,,,
PsychAD MSSM,PC,970,0.004985,1.2763,,,,,
PsychAD MSSM,PVM,895,0.003951,1.0498,,,,,
PsychAD MSSM,SMC,744,0.001692,1.1117,,,,,
PsychAD MSSM,VLMC,945,0.008342,1.3271,,,,,
PsychAD MSSM,__summary__,27,,,1.049,2.572,2.45,6.0,0.701
PsychAD RADC,Adaptive,106,0.001678,1.3372,,,,,
PsychAD RADC,Astro,139,0.1377,1.235,,,,,
PsychAD RADC,EN_L2_3_IT,139,0.116161,1.5316,,,,,
PsychAD RADC,EN_L3_5_IT_1,136,0.012607,1.1084,,,,,
PsychAD RADC,EN_L3_5_IT_2,137,0.037647,1.2494,,,,,
PsychAD RADC,EN_L3_5_IT_3,137,0.038577,1.2593,,,,,
PsychAD RADC,EN_L5_6_NP,126,0.007361,1.1091,,,,,
PsychAD RADC,EN_L5_ET,74,0.000548,1.0902,,,,,
PsychAD RADC,EN_L6B,122,0.009644,1.046,,,,,
PsychAD RADC,EN_L6_CT,125,0.010543,1.0912,,,,,
PsychAD RADC,EN_L6_IT_1,130,0.01443,1.2488,,,,,
PsychAD RADC,EN_L6_IT_2,122,0.005268,1.1414,,,,,
PsychAD RADC,Endo,139,0.015451,1.244,,,,,
PsychAD RADC,IN_ADARB2,131,0.016784,1.0432,,,,,
PsychAD RADC,IN_LAMP5_LHX6,138,0.006276,1.0852,,,,,
PsychAD RADC,IN_LAMP5_RELN,137,0.012479,1.0844,,,,,
PsychAD RADC,IN_PVALB,138,0.031093,1.1319,,,,,
PsychAD RADC,IN_PVALB_CHC,134,0.007251,0.9901,,,,,
PsychAD RADC,IN_SST,139,0.026839,1.2253,,,,,
PsychAD RADC,IN_VIP,139,0.04094,1.1769,,,,,
PsychAD RADC,Micro,139,0.051371,1.2139,,,,,
PsychAD RADC,OPC,139,0.050753,1.3195,,,,,
PsychAD RADC,Oligo,139,0.332761,1.8209,,,,,
PsychAD RADC,PC,137,0.009834,1.1599,,,,,
PsychAD RADC,PVM,129,0.003989,0.9832,,,,,
PsychAD RADC,SMC,118,0.003976,1.1607,,,,,
PsychAD RADC,VLMC,138,0.007325,1.3978,,,,,
PsychAD RADC,__summary__,27,,,0.983,1.821,1.85,3.4,0.589
