celltype,n,seed,depth_atac,depth_rna,n_tested_all,prox_tested_all,n_tested_var,prox_tested_var,n_links,prox_links,OR,lo,hi,OR_varpeaks,lo_varpeaks,hi_varpeaks
ExN,150,0,5564.0,5265.0,1374890,9007,735972,8166,2702,16,0.9313362073574459,0.5348303120334564,1.3884523168596288,0.5473650489499957,0.31433054745801176,0.8487712577224608
ExN,150,1,5564.0,5265.0,1341017,8783,725799,7955,2689,18,1.0503393116001611,0.5943586781492759,1.5665928780783218,0.6248552844710211,0.38740844791790136,0.9319786736255633
ExN,150,2,5564.0,5265.0,1335624,8777,712127,7939,2589,15,0.9100997066125003,0.4977336108596027,1.4435912390720569,0.5339917868636859,0.2920401559454619,0.8470125412105721
ExN,250,0,5564.0,5265.0,1346523,8809,916165,8334,2895,15,0.8171014727743329,0.44700163071693805,1.2422814479838726,0.5861240145004938,0.32064363976056337,0.8911145233401006
ExN,250,1,5564.0,5265.0,1327755,8675,894851,8181,2972,14,0.7452006322607688,0.4346721329422458,1.159481130310547,0.5311604784104701,0.3107397384151004,0.8264493147506491
ExN,250,2,5564.0,5265.0,1313892,8609,884727,8099,2839,13,0.724121923701153,0.4014377988312855,1.1565045308533735,0.5169424000300001,0.286581875784014,0.8256154222885328
ExN,400,0,5564.0,5265.0,1329214,8699,1058390,8404,3012,9,0.4801148951718713,0.22704487791325348,0.8358317667525729,0.3951552922328317,0.1868677393348983,0.6879256389876476
ExN,400,1,5564.0,5265.0,1333625,8719,1064537,8442,2939,13,0.7009368439550688,0.38861261226380767,1.1193667723130716,0.5770552052074766,0.3199302942198883,0.9215329855609014
ExN,400,2,5564.0,5265.0,1321535,8654,1049049,8386,2962,13,0.6943347708848365,0.3849584403324922,1.108799837437028,0.567956323383041,0.3148907264832571,0.9069830655836467
ExN,600,0,5564.0,5265.0,1324577,8679,1164260,8537,2801,6,0.35251820042887594,0.1353901973290454,0.6793777691748747,0.3147582249552395,0.12088788078398228,0.6066062417185131
ExN,600,1,5564.0,5265.0,1319295,8655,1167220,8506,2549,9,0.5662338511924511,0.2676891912578399,0.986176067339668,0.5093659868769327,0.240804693668861,0.8871326656239645
ExN,600,2,5564.0,5265.0,1311613,8601,1152672,8450,2675,3,0.19839225727320278,0.0849616709498653,0.4827128787556452,0.1773284458677505,0.02530423000141833,0.38055911955477656
ExN,900,0,5564.0,5265.0,1325708,8663,1247374,8592,2073,7,0.5517384530025635,0.25698052296252377,0.9960211228505874,0.5232405271310255,0.2437071832959462,0.944575485935101
ExN,900,1,5564.0,5265.0,1318098,8617,1241100,8544,2172,10,0.737821417970892,0.3855863564559256,1.2336958295538962,0.7004116564859185,0.3660359703116117,1.171143746347173
ExN,900,2,5564.0,5265.0,1314757,8604,1238080,8538,2256,5,0.3708167282593753,0.1009524834657887,0.7111963911427097,0.3517650605321502,0.09576578873317379,0.6746568385813833
ExN,1200,0,5564.0,5265.0,1312030,8574,1270472,8537,1743,7,0.6565596867092488,0.30569036758763857,1.185905005921467,0.6384000566596362,0.29723534956339015,1.153104338110965
ExN,1200,1,5564.0,5265.0,1315609,8610,1275321,8570,1591,6,0.6222919180158744,0.23874073511606667,1.2012611537416524,0.6059438447995221,0.2324688377887682,1.1697031265123363
ExN,1200,2,5564.0,5265.0,1311367,8586,1271174,8547,1655,2,0.22939884025160204,0.04582434096720314,0.5978833307824567,0.22334279356197376,0.044614594884291585,0.5820994263730108
ExN,2400,0,5564.0,5265.0,1315914,8603,1311101,8599,762,4,0.9014898621496616,0.2993127863604808,1.9157739656963577,0.8985914735043655,0.2983504629691667,1.909614542565533
ExN,2400,1,5564.0,5265.0,1318241,8626,1313334,8626,799,3,0.667100773325483,0.09494251156146648,1.436716807445914,0.6646012125805864,0.09458677134288163,1.6242275460603608
ExN,2400,2,5564.0,5265.0,1310597,8582,1305946,8575,815,4,0.8412524303366316,0.2793846315605388,1.7869877518971349,0.8389361171742867,0.2786153710198214,1.7820674412966508
ExN,3600,0,5564.0,5265.0,1318328,8617,1317251,8615,393,4,1.755898470624118,0.5808258635312901,3.75510089058049,1.7548645234366904,0.5804838487291643,3.752889728563279
ExN,3600,1,5564.0,5265.0,1311310,8596,1310272,8596,361,5,2.337925860919457,0.6305413461740913,4.972071870473113,2.336063006822389,0.6300389322397038,4.96811013472706
ExN,3600,2,5564.0,5265.0,1311866,8594,1310898,8593,343,5,2.463874778904753,1.110104635510793,4.774282095091846,2.4623331381564455,0.6637025353146305,5.241420272622558
ExN,5000,0,5564.0,5265.0,1312896,8574,1312632,8574,207,6,4.906982256089417,1.850565084413284,9.726115724985418,4.905989063596297,1.85019052276746,9.724147120938953
ExN,5000,1,5564.0,5265.0,1316532,8625,1316238,8625,244,5,3.4821696215849762,0.934082088149638,6.789522043714532,3.4813868767282137,0.9338721190700846,6.787995850554196
ExN,5000,2,5564.0,5265.0,1312681,8592,1312476,8592,227,4,3.0557853442501948,1.0051037887268852,6.598724873815638,3.055304981517751,1.0049457886228363,6.597687568784709
ExN,7500,0,5564.0,5265.0,1313247,8601,1313205,8601,148,6,6.918582948098607,2.588338330543585,12.685681461478707,6.918360220728535,2.5882550051294726,13.889353782105047
ExN,7500,1,5564.0,5265.0,1315330,8605,1315273,8605,116,7,10.400528333663642,4.682528615420371,19.806223522368153,10.400074657574043,4.682324361251397,19.805359565293177
ExN,7500,2,5564.0,5265.0,1314424,8603,1314370,8603,132,6,7.798866441660956,2.9076233565284735,14.365813176329569,7.798543932965971,2.9075031167703957,15.743948412387413
Oligo,150,0,5564.0,5265.0,1024259,6419,394324,5716,1246,8,1.0881817526917867,0.5742415862885076,1.9956106193772356,0.46655731461184347,0.19133937127308484,0.8556169309808608
Oligo,150,1,5564.0,5265.0,1044318,6517,416634,5850,1398,15,1.7839627790348993,0.9733772391344797,2.838275800817761,0.7866356039675115,0.4292091748735982,1.1995775572562577
Oligo,150,2,5564.0,5265.0,1039546,6485,401808,5807,1219,6,0.8532106915185302,0.3270798212471131,1.6489427841339965,0.3652424005231716,0.14001631749640459,0.7058793646040272
Oligo,250,0,5564.0,5265.0,1038946,6473,523474,5985,1722,8,0.790717221339583,0.32464268791909434,1.353607588480254,0.4286299794348445,0.17598148224303528,0.7337601574305009
Oligo,250,1,5564.0,5265.0,1033892,6464,523595,5997,1647,8,0.8239942354366427,0.33826014855180836,1.5090206294549913,0.4474353131533788,0.23630099905992166,0.7660755750565899
Oligo,250,2,5564.0,5265.0,1030751,6431,509395,5929,1594,7,0.752438692189831,0.3502555227546129,1.3595280195589263,0.40114375407096375,0.18672991798569838,0.7247981519176597
Oligo,400,0,5564.0,5265.0,1035566,6475,635672,6144,2043,6,0.5069865320583057,0.19461275816590323,0.977853669199339,0.32684706308749356,0.12546409899221314,0.6304084619557055
Oligo,400,1,5564.0,5265.0,1038994,6491,652699,6150,2112,11,0.8703920529763944,0.41508933710101237,1.4815220418036328,0.575254206858991,0.32437191930327874,0.97915851160118
Oligo,400,2,5564.0,5265.0,1031163,6424,638016,6100,1948,11,0.9467390106924349,0.4513903684608119,1.611996045279744,0.6148234068598291,0.2931381943982753,1.0468491202011296
Oligo,600,0,5564.0,5265.0,1030898,6436,733641,6218,2332,10,0.7195813000349444,0.37611382052360987,1.2029277832945788,0.5288533563303289,0.2764233260876493,0.8840868927353265
Oligo,600,1,5564.0,5265.0,1031319,6437,745839,6218,2178,8,0.6234705886299743,0.25613315095514255,1.1405954483139287,0.46578234606494134,0.19135192923702965,0.8521159354029448
Oligo,600,2,5564.0,5265.0,1014097,6347,724971,6132,2051,7,0.5824041504257718,0.271257895983026,1.051413055669307,0.430000068791445,0.20027486728529054,0.7762782698844232
Oligo,900,0,5564.0,5265.0,1028135,6416,835596,6303,2239,13,0.9654828252076998,0.5349377903010933,1.543165517975485,0.7976962919395156,0.44197357073617805,1.2749863378182331
Oligo,900,1,5564.0,5265.0,1019172,6365,829824,6257,2241,10,0.7486637307777457,0.39128047156028095,1.2516993445946951,0.6192852690596067,0.3236623094540073,1.0950474452020291
Oligo,900,2,5564.0,5265.0,1021476,6365,823904,6246,2121,10,0.7930114147434408,0.33889902558221124,1.3260818897844107,0.6509287066729427,0.34015716885557024,1.0884897157994127
Oligo,1200,0,5564.0,5265.0,1020596,6366,880769,6284,2104,7,0.5696330998062621,0.26532280079008463,1.028281027166408,0.49755509302594847,0.23175042123414985,0.8981684215727797
Oligo,1200,1,5564.0,5265.0,1018833,6367,882483,6282,1966,7,0.6085940531330707,0.28343197792376756,1.1008839207236822,0.533810965322756,0.2486042986452621,0.9638109320654684
Oligo,1200,2,5564.0,5265.0,1023276,6401,879550,6293,2187,5,0.4003081859304346,0.10897523428391245,0.7659795399919275,0.34967012183973883,0.09519011798622498,0.6690848913148869
Oligo,2400,0,5564.0,5265.0,1018508,6360,978263,6343,1576,8,0.8623575729398778,0.35396007297681786,1.5795838634737394,0.8303022235240936,0.3408027538153156,1.520867949954748
Oligo,2400,1,5564.0,5265.0,1018931,6359,978288,6342,1571,10,1.0706572624751718,0.5590304278237742,1.792464152841193,1.03045538896569,0.5380395175343631,1.7251593115363193
Oligo,2400,2,5564.0,5265.0,1021956,6375,982180,6345,1635,7,0.7336248462467151,0.341519405198139,1.3254080196012301,0.7082462200481161,0.3297050652552731,1.2795575622970987
Oligo,3600,0,5564.0,5265.0,1018116,6355,1002787,6349,1111,9,1.3717451504767328,0.6468405016326664,2.397728407466897,1.3522468514402637,0.63764616292817,2.3636465479605753
Oligo,3600,1,5564.0,5265.0,1016371,6356,1001458,6353,1093,11,1.6880290746374618,0.8028681754406972,2.8836209949423206,1.6638954252452367,0.7913896177870486,2.8423940403136254
Oligo,3600,2,5564.0,5265.0,1022076,6389,1007525,6381,1053,11,1.7535373063158364,0.9863988520844815,2.9963831732000803,1.7305962923776783,0.8229401415206413,2.802822643450465
Oligo,5000,0,5564.0,5265.0,1017843,6359,1012291,6359,776,12,2.600571409442859,1.3417665906682859,4.3100388919117885,2.5862969717572333,1.3344016848181317,4.286381252147764
Oligo,5000,1,5564.0,5265.0,1015456,6345,1010152,6342,709,11,2.6182115655038682,1.4636454501115745,4.491012206760924,2.605689651426603,1.235585918890135,4.2341944856043785
Oligo,5000,2,5564.0,5265.0,1015626,6337,1010364,6336,666,13,3.2899247112724836,1.811107572080337,5.304445554643969,3.2732922187076237,1.8019513646073895,5.277628481613081
Oligo,7500,0,5564.0,5265.0,1018219,6355,1017046,6355,464,15,5.490029000132928,2.96449539656685,8.474416225573252,5.483664705291914,2.9610588167677037,8.844821278342577
Oligo,7500,1,5564.0,5265.0,1017111,6362,1015960,6362,507,13,4.336937987806937,2.380525957343246,7.020553530793103,4.331999261026498,2.377815112196252,7.012558812899162
Oligo,7500,2,5564.0,5265.0,1020379,6364,1019238,6364,356,16,7.7205302817147565,4.3556111321171675,11.739638868559569,7.711842914459091,4.35071007064252,12.241876514560936
