library_prep,n_cells,donor,link,peaks,genes,atac_depth,atac_frag,gex_depth
L8XR_210715_01_A12,6466,H20.33.014,731018.0,101019.0,17136.0,77608.3242,16473.5,63513.2531
L8XR_210715_01_D12,4708,H20.33.012,386256.0,67791.0,12288.0,90103.0901,18105.5,112955.4955
L8XR_210715_01_E12,1588,H20.33.011,24954.0,13712.0,5446.0,121893.7591,7449.0,186629.3411
L8XR_210722_01_B08,6185,H20.33.015,1737615.0,127447.0,20403.0,138343.6459,57951.0,176715.1683
L8XR_210722_01_D08,2520,H20.33.018,247082.0,31717.0,13010.0,228137.0295,30457.0,307217.2307
L8XR_210722_01_H07,6001,H20.33.013,1994350.0,131655.0,20464.0,142503.8711,55539.5,216897.3288
L8XR_210729_01_B09,7706,H20.33.016,489062.0,79285.0,17715.0,61304.3464,17655.0,83387.8418
L8XR_210729_01_C09,5372,H20.33.019,125621.0,38797.0,11951.0,85645.5111,19231.0,123912.3089
L8XR_210729_01_D09,6344,H20.33.017,167564.0,49634.0,14578.0,71297.767,14976.5,84798.5641
L8XR_210729_01_E09,4797,H20.33.020,58039.0,21406.0,10107.0,87207.4823,19881.0,100677.0857
L8XR_210805_01_E10,7356,H20.33.008,353136.0,67613.0,16771.0,73616.7423,28147.0,108195.0537
L8XR_210805_01_H09,8794,H20.33.025,1068893.0,138753.0,19528.0,85402.9495,30223.0,83889.1893
L8XR_210812_01_A12,4653,H20.33.001,405853.0,77454.0,17130.0,127002.7408,53262.0,227620.5996
L8XR_210812_01_D11,6021,H20.33.027,640587.0,101028.0,18190.0,127227.3755,50963.0,170061.955
L8XR_210812_01_E11,6301,H20.33.039,1350797.0,124576.0,20694.0,104604.4845,39373.5,187643.5279
L8XR_210812_01_F11,5623,H20.33.002,140746.0,47044.0,12599.0,43044.5459,9963.0,79754.8123
L8XR_210826_01_G03,34,H20.33.040,22204.0,24726.0,7486.0,51219.3867,18.0,41615.8158
L8XR_210902_02_B08,6340,H20.33.004,381254.0,76034.0,17798.0,70467.177,32774.0,206016.3048
L8XR_210902_02_D08,2261,H20.33.038,4041.0,4135.0,2483.0,74614.1416,7513.0,277622.0045
L8XR_210916_02_B11,3245,H21.33.003,134604.0,39906.0,11967.0,83733.5295,24963.0,118671.1621
L8XR_210930_02_C03,387,H20.33.044,19915.0,27495.0,3488.0,92375.2167,2631.5,106563.6471
L8XR_211007_02_C04,6190,H20.33.005,462508.0,66507.0,14488.0,133227.8577,38572.0,129364.4189
L8XR_211007_02_F03,4375,H21.33.001,912591.0,119414.0,19639.0,88258.1939,25752.0,130369.2481
L8XR_211007_02_G03,8283,H21.33.019,1851053.0,138748.0,20317.0,128618.3911,31494.0,111365.146
L8XR_211014_02_D05,6852,H21.33.006,2515115.0,135885.0,20274.0,142520.5729,39182.0,122516.1148
L8XR_211014_02_H05,5621,H21.33.008,338784.0,50879.0,14893.0,134042.3442,35399.0,203803.5889
L8XR_211021_02_E08,1717,H20.33.028,7848.0,7773.0,3975.0,278968.8193,8250.0,613881.1209
L8XR_211021_02_G06,8283,H20.33.043,1829621.0,129375.0,21712.0,111759.5195,28710.0,124725.929
