celltype,n_High,n_Low,n_Multiome_baseline,OR_internal,OR_int_lo,OR_int_hi,OR_external,OR_ext_lo,OR_ext_hi,rank_internal,rank_external
Exc_LINC00507_FREM3,2585,3670,19439.0,4.447999960427674,3.094560675951433,6.572883536342312,5.735255849694385,4.892533467658455,6.751000893081817,1,1
Exc_FEZF2_NTNG1,35,79,408.0,2.9759314831445907,1.436977154391084,6.08635655698491,2.2775640500941314,1.9229991727221736,2.7855469512002453,2,3
Exc_THEMIS_LINC00343,404,583,2581.0,2.0173924729220722,1.1559019706764908,2.887367005326167,2.8402175901323687,2.3928546167410043,3.5557604448163795,3,2
Exc_LINC00507_AP001977.1,78,55,1240.0,0.9285977601539229,0.4917461223866072,2.598107685499842,0.513317118488005,0.30623145830166354,4.2419999793750405,4,6
Exc_THEMIS_SMYD1,117,60,846.0,0.67282339524633,0.301237127652222,1.3474914728528176,0.8266708529249018,0.7108959842927354,0.9835770427462837,5,4
Inh_SST_PAWR,125,64,1781.0,0.6712881806108898,0.14164523372114346,1.7772249622375451,0.4121208719244082,0.3634657018081881,0.4750615880074285,6,8
Exc_RORB_ADGRL4,70,28,741.0,0.5286798556675376,0.36609464686613313,0.9584581314644017,0.44247672451526665,0.37811867897308504,0.5354298563946803,7,7
Exc_FEZF2_TRPM3,285,85,1203.0,0.3829158851387061,0.28577356653417235,0.5497397962695004,0.8207201382555318,0.6737691934059464,1.0499929631012392,8,5
Exc_RORB_LNX2,468,114,5394.0,0.3050432049399366,0.2062430802501532,0.45011063241026,0.22810958942564796,0.20673711343247456,0.25391830719294023,9,9
Exc_RORB_RTKN2,165,33,2548.0,0.261040283938892,0.154486639590235,0.7653983942973673,0.14660366541352057,0.12040112488841921,0.19274366864303222,10,13
Inh_SST_SGCZ,38,6,895.0,0.22090655744010868,0.040783276785761685,1.0136606597703102,0.08295731428964749,0.06885205448899472,0.10615626982628704,11,16
Exc_RORB_TNNT2,122,16,1812.0,0.17428458641669747,0.1139233512657815,0.2625518941644362,0.1025472563073698,0.0938317450655571,0.11341042520801804,12,15
Exc_FEZF2_PKD2L1,102,13,925.0,0.17085444435297376,0.049687492458794856,0.2353736290188188,0.16686020460482703,0.1491114064986136,0.19010416891747903,13,12
Exc_FEZF2_ZFHX3,140,16,1071.0,0.1515236277298171,0.07221645539862967,0.23561125695091314,0.17579982437768912,0.14367567498355938,0.2307134975236313,14,11
Inh_SST_EPB41L4A,92,10,578.0,0.147394680789345,0.04474873254336187,0.3750400105959095,0.20878605939023748,0.18028931732618064,0.24030106336842372,15,10
Inh_TAFA1_ALCAM,39,3,356.0,0.11584920726184585,0.05909899467313459,0.2504557281523145,0.11321738729590776,0.10095355796495083,0.13271305960346114,16,14
Inh_VIP_EXPH5,103,8,1231.0,0.10641001150594623,0.02564209834302022,0.35766683688771084,0.078442775909661,0.07172291773744568,0.08772467790978121,17,17
Exc_RORB_CUX2,467,29,4287.0,0.07739902267171153,0.038082076478700336,0.1528572120569586,0.07421795732879387,0.06685927361662235,0.0838759378636505,18,18
Inh_TAFA1_FSTL5,50,2,631.0,0.0646004492274924,0.014385971427972929,0.22633577088694679,0.04542168529647013,0.03838803283187906,0.0544030880188825,19,21
Inh_PVALB_KCNIP2,430,19,3695.0,0.05578873563587512,0.020490967833489682,0.1118343702179312,0.057441597193082214,0.053993843264379705,0.061102396449749574,20,20
Inh_LAMP5_NMBR,66,2,464.0,0.04893471560317264,0.01445134623499468,0.15543112873776196,0.06193542958349807,0.05053914582715734,0.0794904490246875,21,19
Inh_VIP_TAC3,54,1,563.0,0.035885684759746475,0.011505870794395192,0.1666635438721403,0.030572455755967894,0.027071189774849753,0.034144074895294405,22,23
Inh_LAMP5_CHST9,121,2,860.0,0.026552218102376283,0.015024131283334255,0.04097127087272786,0.03319807740464214,0.029892524305117768,0.037262832211832984,23,22
Inh_LAMP5_RAB11FIP1,172,2,1508.0,0.018551138758613344,0.005145968963913529,0.051356363468793235,0.01871813034299665,0.01737988194345406,0.02034938959083754,24,24
Inh_VIP_BSPRY,115,1,1788.0,0.016771413465628344,0.008037713982580203,0.042555921035751496,0.00942276604970076,0.008816375220623913,0.010094015972204457,25,25
