cohort,n_per_celltype,n_celltypes,n_seeds,prox_links_total,OR_seeds_as_strata,OR_seeds_as_strata_with_HA,lo_seeds_as_strata,hi_seeds_as_strata,OR_seeds_as_repeats,lo_seeds_as_repeats,hi_seeds_as_repeats,per_seed_OR
primary,150,2,3,40,0.6633,0.7122,0.486,0.9055,0.6494,0.2842,1.4839,0.919; 0.598; 0.499
primary,400,2,3,35,0.7273,0.7887,0.5214,1.0144,0.7234,0.3942,1.3276,0.736; 0.785; 0.655
primary,900,2,3,66,1.5566,1.6273,1.2202,1.9858,1.5499,0.9597,2.5029,1.461; 1.768; 1.441
primary,2400,2,3,181,4.7905,4.8919,4.124,5.5647,4.791,3.5256,6.5105,4.377; 5.157; 4.873
primary,5000,1,3,151,7.0664,7.1832,5.9862,8.3415,7.0664,5.0086,9.9697,7.711; 6.371; 7.183
primary,7500,1,3,218,5.2439,5.3307,4.572,6.0145,5.2332,3.9269,6.974,5.661; 4.807; 5.267
external,150,2,3,78,1.0203,1.0592,0.8164,1.275,1.002,0.5742,1.7485,0.940; 1.255; 0.852
external,250,2,3,65,0.738,0.7714,0.5783,0.9418,0.7369,0.4771,1.1381,0.774; 0.739; 0.699
external,400,2,3,63,0.6519,0.6822,0.5089,0.8351,0.637,0.3144,1.2909,0.460; 0.739; 0.760
external,600,2,3,43,0.4578,0.489,0.3393,0.6176,0.4462,0.2086,0.9543,0.485; 0.559; 0.328
external,900,2,3,55,0.6557,0.6908,0.503,0.8547,0.6499,0.3674,1.1497,0.725; 0.708; 0.534
external,1200,2,3,34,0.4724,0.5135,0.3373,0.6616,0.4522,0.1667,1.2264,0.570; 0.571; 0.284
external,2400,2,3,36,0.792,0.8574,0.5707,1.0991,0.7904,0.4324,1.4447,0.809; 0.864; 0.707
external,3600,2,3,45,1.641,1.7499,1.2231,2.2017,1.6342,0.9029,2.9577,1.371; 1.747; 1.822
external,5000,2,3,51,2.8882,3.0575,2.189,3.8107,2.8871,1.7547,4.7505,2.939; 2.682; 3.052
external,7500,2,3,63,5.9732,6.2555,4.6434,7.6838,6.008,3.401,10.6134,5.591; 5.226; 7.422
