donor,ct,floor,n_eff
H20.33.008,Astrocyte,0.784444255095169,26.88
H20.33.008,Chandelier,0.4427167946445145,26.440677966101692
H20.33.008,Immune,0.9128429753882314,27.580645161290324
H20.33.008,L2/3 IT,0.07467598985114982,773.4531126871552
H20.33.008,L4 IT,0.07927295854332084,505.0265870862724
H20.33.008,L5 IT,0.07877195671198556,357.47655583972715
H20.33.008,L5/6 NP,0.2427730899053735,76.82412060301507
H20.33.008,L6 CT,0.1951647070299812,42.675862068965515
H20.33.008,L6 IT,0.12537177924048448,96.0
H20.33.008,L6 IT Car3,0.1960702133576061,60.21052631578947
H20.33.008,L6b,0.2295070022282224,20.72727272727273
H20.33.008,Lamp5,0.5706052239128692,46.49999999999999
H20.33.008,Lamp5 Lhx6,0.3998747097764488,44.49523809523809
H20.33.008,OPC,0.9450747411367812,11.46268656716418
H20.33.008,Oligodendrocyte,0.3453682938461218,138.03861003861005
H20.33.008,Pvalb,0.1823105408784873,195.95753715498938
H20.33.008,Sncg,0.6500690959337927,20.425531914893618
H20.33.008,Sst,0.3963274426212384,74.78666666666666
H20.33.008,Vip,0.2054347457101452,171.77937649880096
H20.33.011,Endothelial,0.9866780983160277,6.857142857142858
H20.33.011,L5 ET,0.3245808670215098,12.692307692307692
H20.33.011,VLMC & Perivascular,1.2047310625715353,7.764705882352941
H20.33.012,L5 ET,0.35239643288935096,12.692307692307692
H20.33.024,Astrocyte,0.4979003246019622,37.76315789473684
H20.33.024,Chandelier,0.36415464501339434,57.854304635761586
H20.33.024,Immune,0.5332265203310627,56.23931623931624
H20.33.024,L2/3 IT,0.04080453573440335,1566.230985915493
H20.33.024,L4 IT,0.07617430916153557,724.3717277486911
H20.33.024,L5 ET,0.35765730758141623,12.48
H20.33.024,L5 IT,0.060221328750790684,633.3830455259027
H20.33.024,L5/6 NP,0.21923122721839317,87.31182795698925
H20.33.024,L6 CT,0.16600933482935787,125.8015873015873
H20.33.024,L6 IT,0.0844725513451609,289.46689303904924
H20.33.024,L6 IT Car3,0.15304889032864755,149.6051779935275
H20.33.024,L6b,0.15125209051337563,130.29545454545453
H20.33.024,Lamp5,0.19692441986601655,201.4814814814815
H20.33.024,Lamp5 Lhx6,0.19205335807346247,166.23631123919307
H20.33.024,OPC,0.4225525224255635,56.89655172413792
H20.33.024,Oligodendrocyte,0.14086915689132823,1171.5200648561004
H20.33.024,Pax6,0.3563249856949531,38.769230769230774
H20.33.024,Pvalb,0.08906738189158037,566.6345177664974
H20.33.024,Sncg,0.3701005820573373,76.56497175141243
H20.33.024,Sst,0.1220514582228478,484.39809523809527
H20.33.024,Sst Chodl,0.48643677157765275,16.61111111111111
H20.33.024,Vip,0.11654248072467144,496.1354359925789
H20.33.029,Astrocyte,0.2112934272115976,226.46696035242294
H20.33.029,Chandelier,0.3275763729472744,60.16528925619835
H20.33.029,Immune,0.28210239835894324,171.92528735632183
H20.33.029,L2/3 IT,0.04324705749431401,1552.5673940949935
H20.33.029,L4 IT,0.07301167964492716,734.395649218219
H20.33.029,L5 ET,0.3247373694700513,9.9
H20.33.029,L5 IT,0.06641524915109609,469.5647558386412
H20.33.029,L5/6 NP,0.20957714657133553,76.95483870967742
H20.33.029,L6 CT,0.26606129814591695,36.15584415584416
H20.33.029,L6 IT,0.1556303719734924,93.73404255319149
H20.33.029,L6 IT Car3,0.22190562365149846,44.359550561797754
H20.33.029,L6b,0.3691047108596992,17.11111111111111
H20.33.029,Lamp5,0.3321111144128217,133.54814814814813
H20.33.029,Lamp5 Lhx6,0.28209696091620096,53.333333333333336
H20.33.029,OPC,0.29959520256249395,112.90829694323143
H20.33.029,Oligodendrocyte,0.20775469343062625,413.8454106280193
H20.33.029,Pax6,0.36023810303199033,33.46478873239437
H20.33.029,Pvalb,0.1128986017688165,379.92660550458714
H20.33.029,Sncg,0.3596245509495496,94.05291005291006
H20.33.029,Sst,0.19868491404473998,251.3214990138067
H20.33.029,VLMC & Perivascular,0.6561929362939782,15.757575757575758
H20.33.029,Vip,0.11794954904698733,482.9391124871001
H20.33.031,Astrocyte,0.1778617385413761,334.3283582089552
H20.33.031,Chandelier,0.35993953095570763,43.82608695652174
H20.33.031,Immune,0.29424401260897093,172.25507246376813
H20.33.031,L2/3 IT,0.03962290664051071,1694.883597883598
H20.33.031,L4 IT,0.06531552828444145,700.6114649681529
H20.33.031,L5 IT,0.06571975023857601,553.7421100090171
H20.33.031,L5/6 NP,0.21048081860178502,86.12429378531074
H20.33.031,L6 CT,0.19052536019249455,68.4963503649635
H20.33.031,L6 IT,0.09264813971242905,215.95833333333334
H20.33.031,L6 IT Car3,0.14792269461555252,110.990990990991
H20.33.031,L6b,0.28763645302663576,37.97402597402598
H20.33.031,Lamp5,0.26419551807168973,174.30199430199428
H20.33.031,Lamp5 Lhx6,0.24732450924882077,78.47560975609755
H20.33.031,OPC,0.3281562898353467,79.47169811320755
H20.33.031,Oligodendrocyte,0.1928517027483294,561.0657193605684
H20.33.031,Pax6,0.3441598439813016,35.32394366197183
H20.33.031,Pvalb,0.10303207041947327,419.7619047619047
H20.33.031,Sncg,0.3240803076212062,76.96153846153845
H20.33.031,Sst,0.18675508303039162,274.0182149362477
H20.33.031,Vip,0.13384580098378107,448.63495575221236
H20.33.032,Astrocyte,0.26929953719266564,290.58419243986253
H20.33.032,Chandelier,0.5719007381437002,22.97872340425532
H20.33.032,Immune,0.5275164314020815,104.9904761904762
H20.33.032,L2/3 IT,0.051669335613427236,1606.8501243781095
H20.33.032,L4 IT,0.09199912323517742,788.2699619771863
H20.33.032,L5 ET,0.5095083834342051,17.5
H20.33.032,L5 IT,0.07494345806408464,642.900466562986
H20.33.032,L5/6 NP,0.2333057693228171,130.51145038167937
H20.33.032,L6 CT,0.17356441486451413,168.0
H20.33.032,L6 IT,0.1035742880475864,392.28426395939084
H20.33.032,L6 IT Car3,0.1907356165874372,161.15170278637768
H20.33.032,L6b,0.17041038756877658,160.39384615384617
H20.33.032,Lamp5,0.24861189491666824,182.97814207650273
H20.33.032,Lamp5 Lhx6,0.2858191170741904,104.64454976303318
H20.33.032,OPC,0.3483995789761991,163.37614678899084
H20.33.032,Oligodendrocyte,0.18907084323019313,911.1956284153007
H20.33.032,Pax6,0.50465483063007,23.489361702127663
H20.33.032,Pvalb,0.14555407386157748,379.1695137976347
H20.33.032,Sncg,0.4421695221386184,44.04494382022472
H20.33.032,Sst,0.23805311036563115,180.33240997229916
H20.33.032,Sst Chodl,0.6287918486876729,10.666666666666666
H20.33.032,VLMC & Perivascular,0.9238125201810083,15.75
H20.33.032,Vip,0.20537124571499898,291.12178387650084
H20.33.033,VLMC & Perivascular,1.9518831973531316,10.838709677419356
H20.33.034,Astrocyte,0.2411497070358264,289.45768566493956
H20.33.034,Chandelier,0.33764670015251674,62.46399999999999
H20.33.034,Endothelial,0.8046089907385152,16.941176470588236
H20.33.034,Immune,0.39917817704582337,172.32463768115943
H20.33.034,L2/3 IT,0.039949984471289834,2247.1177122589224
H20.33.034,L4 IT,0.06613992148246173,921.0736955352339
H20.33.034,L5 ET,0.4249944549165692,10.909090909090908
H20.33.034,L5 IT,0.06983848204473686,656.2646387832699
H20.33.034,L5/6 NP,0.19764288015954223,147.02702702702703
H20.33.034,L6 CT,0.22254704551832583,90.10989010989012
H20.33.034,L6 IT,0.10861157183246828,250.5179282868526
H20.33.034,L6 IT Car3,0.1997798916368615,116.47257383966245
H20.33.034,L6b,0.23162437710384065,80.20987654320987
H20.33.034,Lamp5,0.22665287621173436,198.21662468513856
H20.33.034,Lamp5 Lhx6,0.25861734797510216,89.67032967032966
H20.33.034,OPC,0.33672071324075237,147.06040268456374
H20.33.034,Oligodendrocyte,0.18394156966823838,1103.8153010411952
H20.33.034,Pax6,0.3827228861153533,39.75308641975309
H20.33.034,Pvalb,0.10653548917338823,544.1908256880733
H20.33.034,Sncg,0.3238023869197626,98.49746192893402
H20.33.034,Sst,0.17182083824748196,368.8081081081081
H20.33.034,Sst Chodl,0.6423454617166255,9.0
H20.33.034,VLMC & Perivascular,0.886330204628798,17.37142857142857
H20.33.034,Vip,0.13438525313570127,557.1326164874552
H20.33.035,Astrocyte,0.47303754875356374,26.35294117647059
H20.33.035,Chandelier,0.6104909934264513,10.285714285714286
H20.33.035,Immune,0.69560517009961,32.625
H20.33.035,L2/3 IT,0.06392841683557271,380.72564207093353
H20.33.035,L4 IT,0.11846748009509091,129.03803131991052
H20.33.035,L5 IT,0.15969164332180075,58.78056951423786
H20.33.035,L5/6 NP,0.3241709089939278,16.024390243902438
H20.33.035,L6 CT,0.3189664727170318,16.0
H20.33.035,L6 IT,0.15062290958771918,37.6551724137931
H20.33.035,L6 IT Car3,0.2443711769994188,19.839285714285715
H20.33.035,Lamp5,0.3212456411179183,45.19230769230769
H20.33.035,Lamp5 Lhx6,0.3979364958524713,18.11320754716981
H20.33.035,Oligodendrocyte,0.4138569465634967,76.81908548707753
H20.33.035,Pvalb,0.19005096959056278,71.8421052631579
H20.33.035,Sncg,0.5492845539526251,16.753846153846155
H20.33.035,Sst,0.28558113761653736,65.50375939849624
H20.33.035,Vip,0.20865486059127197,90.89253187613843
H20.33.036,Chandelier,0.6873203646524564,11.304347826086955
H20.33.036,Sncg,1.3071858754090613,8.210526315789474
H20.33.038,Astrocyte,0.17826941585782397,500.61744966442956
H20.33.038,Immune,0.6038581059417918,98.2876254180602
H20.33.038,L2/3 IT,0.5960567078546138,42.78
H20.33.038,L4 IT,0.5129535160338081,81.42
H20.33.038,L5 IT,0.7356897005111418,23.625
H20.33.038,Lamp5,1.736933615084368,13.155555555555555
H20.33.038,OPC,0.4183181245103972,117.95263157894736
H20.33.038,Oligodendrocyte,1.4875629174956355,20.611764705882354
H20.33.038,Pvalb,2.2414690073889463,10.230769230769232
H20.33.038,Sst,1.5817706410291925,18.857142857142858
H20.33.038,VLMC & Perivascular,1.1050344356421427,13.090909090909092
H20.33.038,Vip,0.9700405888633705,26.71875
H20.33.040,Astrocyte,0.12681471595857788,600.0981193785772
H20.33.040,Chandelier,0.4498890135494893,40.77108433734939
H20.33.040,Endothelial,0.8934187573466548,9.9
H20.33.040,Immune,0.25673347700770266,253.51937984496126
H20.33.040,L2/3 IT,0.05042880208422612,1339.9540394973071
H20.33.040,L4 IT,0.06530167561851474,798.0607563546187
H20.33.040,L5 ET,0.3714850699731418,8.88888888888889
H20.33.040,L5 IT,0.06798560194679748,501.9747817652764
H20.33.040,L5/6 NP,0.26111828730364595,86.4367816091954
H20.33.040,L6 CT,0.1642832275272601,93.90476190476191
H20.33.040,L6 IT,0.0943548190500696,217.88839285714286
H20.33.040,L6 IT Car3,0.15890407238124205,108.59728506787332
H20.33.040,L6b,0.19596533247658132,56.521739130434774
H20.33.040,Lamp5,0.32720322606834884,146.79611650485438
H20.33.040,Lamp5 Lhx6,0.3244195682103834,58.60465116279069
H20.33.040,OPC,0.20382433161424185,213.30275229357798
H20.33.040,Oligodendrocyte,0.25772384066844545,230.39999999999998
H20.33.040,Pax6,0.3250910679748036,46.494623655913976
H20.33.040,Pvalb,0.1257652878134996,375.3410553410553
H20.33.040,Sncg,0.44975725846705394,57.786885245901644
H20.33.040,Sst,0.2840942342227488,113.3387755102041
H20.33.040,VLMC & Perivascular,0.6492033757027889,17.485714285714288
H20.33.040,Vip,0.1591833625998249,350.6850828729282
H20.33.041,Astrocyte,0.2692163605368698,182.99453551912566
H20.33.041,Chandelier,0.5652578376042472,24.408163265306122
H20.33.041,Endothelial,1.2108536351096664,7.466666666666667
H20.33.041,Immune,0.38702188964295736,129.80842911877394
H20.33.041,L2/3 IT,0.044922923080593424,1741.7118402282451
H20.33.041,L4 IT,0.06350490120025232,1055.3701605288006
H20.33.041,L5 ET,0.40857366661784145,20.558139534883722
H20.33.041,L5 IT,0.06079612833705883,772.8185328185328
H20.33.041,L5/6 NP,0.23342949280511194,110.990990990991
H20.33.041,L6 CT,0.21537510943267346,98.35353535353535
H20.33.041,L6 IT,0.0808489856003361,347.89772727272725
H20.33.041,L6 IT Car3,0.1656747845747984,150.04635761589404
H20.33.041,L6b,0.1943271629909183,85.43023255813952
H20.33.041,Lamp5,0.26535042118199836,183.39784946236557
H20.33.041,Lamp5 Lhx6,0.2758807586623022,98.77227722772277
H20.33.041,OPC,0.27721443902371323,175.61473087818698
H20.33.041,Oligodendrocyte,0.19781952707053752,740.7048517520215
H20.33.041,Pax6,0.370969683356984,32.25974025974026
H20.33.041,Pvalb,0.12958166594384268,426.88707799767167
H20.33.041,Sncg,0.32184224404105954,103.50710900473933
H20.33.041,Sst,0.26548421612600714,152.1311475409836
H20.33.041,Vip,0.15855605943560436,382.8937259923175
H20.33.044,Endothelial,1.217594445387424,6.428571428571429
H20.33.044,L5 ET,0.468513926590715,9.904761904761905
H20.33.044,Pax6,0.3809326471550172,42.418604651162795
H20.33.044,Sst Chodl,0.883251547291477,7.199999999999999
H20.33.044,VLMC & Perivascular,0.8469711142878547,12.692307692307692
H20.33.045,Astrocyte,0.39068795106703025,136.8832116788321
H20.33.045,Chandelier,0.7106432747249332,18.94736842105263
H20.33.045,Endothelial,0.8969762321630128,13.928571428571429
H20.33.045,Immune,0.4498392059434959,121.03703703703704
H20.33.045,L2/3 IT,0.21004230541413849,264.38563327032136
H20.33.045,L4 IT,0.1390056873626735,693.789928057554
H20.33.045,L5 IT,0.21571975080916284,230.15151515151513
H20.33.045,L5/6 NP,0.4642322079781023,28.689655172413794
H20.33.045,L6 CT,0.5696017215687039,11.304347826086955
H20.33.045,L6 IT,0.46453153334155584,27.964285714285715
H20.33.045,L6 IT Car3,0.5236463271978167,10.666666666666666
H20.33.045,L6b,0.6648126528426226,18.46153846153846
H20.33.045,Lamp5,0.20301945982212466,413.42684401451027
H20.33.045,Lamp5 Lhx6,0.3543080945429251,94.7434554973822
H20.33.045,OPC,0.513135535045925,41.61904761904762
H20.33.045,Oligodendrocyte,0.3169631548735925,306.7012987012987
H20.33.045,Pax6,0.29814919503626136,130.40613026819923
H20.33.045,Pvalb,0.26383308012751727,240.7344398340249
H20.33.045,Sncg,0.2904545360697983,152.78175895765472
H20.33.045,Sst,0.31173243755475344,185.19676549865227
H20.33.045,VLMC & Perivascular,0.6250989680082393,35.67123287671233
H20.33.045,Vip,0.16288040625748731,568.9841827768014
H20.33.046,Astrocyte,0.19134492085702526,491.07411167512686
H20.33.046,Chandelier,0.7416153249092918,13.93939393939394
H20.33.046,Endothelial,0.6267979967306792,24.96
H20.33.046,Immune,0.3269337425680745,242.38193018480493
H20.33.046,L2/3 IT,0.06304685713112335,1379.9913074972835
H20.33.046,L4 IT,0.0750693732772727,1035.5915221579962
H20.33.046,L5 ET,0.3496887451292987,13.0
H20.33.046,L5 IT,0.0804753174360501,744.9946308724832
H20.33.046,L5/6 NP,0.3222679200265639,66.66666666666667
H20.33.046,L6 CT,0.3447841835598946,46.45161290322581
H20.33.046,L6 IT,0.1477212193006836,220.41704035874437
H20.33.046,L6 IT Car3,0.24285849528100645,92.0855614973262
H20.33.046,L6b,0.22718879627407063,86.81564245810056
H20.33.046,Lamp5,0.25150437372295326,223.48993288590603
H20.33.046,Lamp5 Lhx6,0.432934793210328,54.95495495495495
H20.33.046,OPC,0.3732105170254716,97.06666666666665
H20.33.046,Oligodendrocyte,0.3282496028633637,168.8470588235294
H20.33.046,Pax6,0.6596492373045506,14.709677419354842
H20.33.046,Pvalb,0.1991695310564846,291.8941979522184
H20.33.046,Sncg,0.4926135747255893,39.375
H20.33.046,Sst,0.34203015075032317,94.0
H20.33.046,VLMC & Perivascular,0.5225073808195386,44.977777777777774
H20.33.046,Vip,0.21375392260731862,251.1071428571429
H21.33.002,Astrocyte,0.1828325409011997,350.93239436619723
H21.33.002,Chandelier,0.24112552373631846,103.62857142857142
H21.33.002,Endothelial,0.6477225178482304,17.37142857142857
H21.33.002,Immune,0.26727024170798774,215.92592592592592
H21.33.002,L2/3 IT,0.0368486740636107,1925.3046409126264
H21.33.002,L4 IT,0.0721905949986128,657.0098261526833
H21.33.002,L5 IT,0.08600075891425024,406.93857493857496
H21.33.002,L5/6 NP,0.30443519907683925,43.44827586206896
H21.33.002,L6 CT,0.3267715461987377,28.44827586206896
H21.33.002,L6 IT,0.11336156859170132,149.99333333333334
H21.33.002,L6 IT Car3,0.1500956810589975,132.67415730337078
H21.33.002,L6b,0.43435952423559776,12.48
H21.33.002,Lamp5,0.15070779733584105,357.82984658298466
H21.33.002,Lamp5 Lhx6,0.17187044196240642,180.82191780821918
H21.33.002,OPC,0.25567801177602956,158.59748427672955
H21.33.002,Oligodendrocyte,0.2627967285643331,321.84782608695656
H21.33.002,Pax6,0.24138017869769257,85.84971098265896
H21.33.002,Pvalb,0.06374732857150978,798.3364602876796
H21.33.002,Sncg,0.18692170453443158,190.95287958115185
H21.33.002,Sst,0.1274823447812118,538.4280442804428
H21.33.002,VLMC & Perivascular,0.47338164348411116,38.075949367088604
H21.33.002,Vip,0.07017545976738535,883.8213680045225
H21.33.003,Endothelial,0.8945867051460601,8.88888888888889
H21.33.004,Astrocyte,0.19073288537121658,311.45367412140575
H21.33.004,Chandelier,0.27350602481889785,87.07954545454545
H21.33.004,Immune,0.34591414943777776,158.26086956521738
H21.33.004,L2/3 IT,0.03229173124351847,1958.997958141909
H21.33.004,L4 IT,0.05836366857901076,848.698468786808
H21.33.004,L5 ET,0.34568968798944366,11.304347826086955
H21.33.004,L5 IT,0.0511121820485263,719.5509355509356
H21.33.004,L5/6 NP,0.1682818372972532,101.56190476190477
H21.33.004,L6 CT,0.17476080292151552,69.20863309352518
H21.33.004,L6 IT,0.08341105862484265,198.01507537688443
H21.33.004,L6 IT Car3,0.13371850902844992,145.4982817869416
H21.33.004,L6b,0.24024698192275373,33.134328358208954
H21.33.004,Lamp5,0.18032442739036258,197.18592964824117
H21.33.004,Lamp5 Lhx6,0.22663868710078017,85.34482758620689
H21.33.004,OPC,0.22584392969435174,211.35926773455375
H21.33.004,Oligodendrocyte,0.16307804728278574,693.8146551724138
H21.33.004,Pax6,0.35437567638738,32.49230769230769
H21.33.004,Pvalb,0.08273793187378725,527.7221172022685
H21.33.004,Sncg,0.27472636606704803,115.55084745762713
H21.33.004,Sst,0.1427682224889164,447.4949720670391
H21.33.004,VLMC & Perivascular,0.9177166648811088,9.473684210526315
H21.33.004,Vip,0.1058087500866729,572.956369982548
H21.33.007,Astrocyte,0.17929546982211875,303.2655737704918
H21.33.007,Chandelier,0.2575598560258041,101.42439024390244
H21.33.007,Endothelial,0.7993320411612048,10.476190476190476
H21.33.007,Immune,0.32411626032615004,175.9090909090909
H21.33.007,L2/3 IT,0.038987756341589436,1505.4520092992361
H21.33.007,L4 IT,0.05895397785081169,1034.2425120772946
H21.33.007,L5 ET,0.4316817417349026,9.9
H21.33.007,L5 IT,0.06723449895441957,532.1051643192488
H21.33.007,L5/6 NP,0.2694375351273979,54.70909090909092
H21.33.007,L6 CT,0.2194352790820826,55.27927927927928
H21.33.007,L6 IT,0.09790745713554028,258.75289575289577
H21.33.007,L6 IT Car3,0.16010949138555208,156.9269841269841
H21.33.007,L6b,0.2519113608943355,53.98148148148148
H21.33.007,Lamp5,0.17793684305724633,323.09119010819165
H21.33.007,Lamp5 Lhx6,0.1967841788347391,169.99411764705883
H21.33.007,OPC,0.30226156288300077,110.13274336283186
H21.33.007,Oligodendrocyte,0.15790995605948743,979.2629984856134
H21.33.007,Pax6,0.3093823290782374,57.28695652173913
H21.33.007,Pvalb,0.07072444146461287,728.9637234770704
H21.33.007,Sncg,0.26595465883190306,126.8031496062992
H21.33.007,Sst,0.1173723260916483,610.3816543816544
H21.33.007,VLMC & Perivascular,0.6571752824995127,27.964285714285715
H21.33.007,Vip,0.08467149876490132,751.7007978723404
H21.33.009,Astrocyte,1.334141596123617,25.21276595744681
H21.33.009,Chandelier,0.5375861484477698,34.929577464788736
H21.33.009,Immune,0.43433318013173317,125.5813953488372
H21.33.009,L2/3 IT,0.16634598060923889,335.9124087591241
H21.33.009,L4 IT,0.09978684767734936,1083.326352530541
H21.33.009,L5 IT,0.13746538499945962,483.55239064089517
H21.33.009,L5/6 NP,0.3596802711113929,80.472049689441
H21.33.009,L6 CT,0.3655446784652925,82.9940119760479
H21.33.009,L6 IT,0.19391978008911837,165.4259818731118
H21.33.009,L6 IT Car3,0.25894730548400907,115.92241379310346
H21.33.009,L6b,0.3059104459873643,87.81818181818183
H21.33.009,Lamp5,0.31241212390320006,241.81818181818178
H21.33.009,Lamp5 Lhx6,0.36510616243907057,106.9626168224299
H21.33.009,OPC,0.6287585598678049,27.87878787878788
H21.33.009,Oligodendrocyte,0.22241787410931213,665.8615873015873
H21.33.009,Pax6,0.6194855097342395,33.492537313432834
H21.33.009,Pvalb,0.171620514617973,422.31771428571426
H21.33.009,Sncg,0.6225235332196011,32.8955223880597
H21.33.009,Sst,0.20683853702029298,351.00000000000006
H21.33.009,VLMC & Perivascular,0.9186291068650911,23.466666666666665
H21.33.009,Vip,0.18682807293452797,412.29383886255926
H21.33.010,L5 ET,0.46140817734956663,7.0
H21.33.011,Astrocyte,0.3130284644583541,154.70063694267517
H21.33.011,Chandelier,0.34550833853548735,73.33333333333333
H21.33.011,Immune,0.34285829667117906,230.09871244635193
H21.33.011,L2/3 IT,0.031098014160986176,3210.456661562021
H21.33.011,L4 IT,0.07163226214171063,852.7638248847926
H21.33.011,L5 ET,0.3712973142083327,14.482758620689655
H21.33.011,L5 IT,0.06467124032160854,650.0030349013657
H21.33.011,L5/6 NP,0.25539571761283897,70.30985915492958
H21.33.011,L6 CT,0.24657411568941257,55.38461538461539
H21.33.011,L6 IT,0.12857811475768166,169.1529411764706
H21.33.011,L6 IT Car3,0.20663300844104215,95.46268656716418
H21.33.011,L6b,0.24110579092808404,61.30081300813008
H21.33.011,Lamp5,0.1735152196547367,298.09555189456347
H21.33.011,Lamp5 Lhx6,0.2561953482665613,106.37442922374427
H21.33.011,OPC,0.2674600584454021,251.7193675889328
H21.33.011,Oligodendrocyte,0.17530863838733168,1003.6633663366337
H21.33.011,Pax6,0.337943216286134,62.0
H21.33.011,Pvalb,0.09621355003636793,515.4332061068702
H21.33.011,Sncg,0.24945709700265972,186.71052631578945
H21.33.011,Sst,0.1784468707020479,335.4377745241581
H21.33.011,Sst Chodl,0.7374864082302226,5.454545454545454
H21.33.011,VLMC & Perivascular,1.1233403199033587,8.210526315789474
H21.33.011,Vip,0.09985868021820916,795.9199499687305
H21.33.012,Astrocyte,0.2982611598086784,125.76512455516014
H21.33.012,Chandelier,0.3628074052816972,57.93103448275862
H21.33.012,Endothelial,1.044044209701104,9.333333333333334
H21.33.012,Immune,0.392852002381038,103.96172248803828
H21.33.012,L2/3 IT,0.04071312382138137,1693.201062887511
H21.33.012,L4 IT,0.06330425068352208,934.9689637033141
H21.33.012,L5 ET,0.34360304754044213,16.8
H21.33.012,L5 IT,0.06055426336540504,705.6135401974612
H21.33.012,L5/6 NP,0.19538297530007342,136.48351648351647
H21.33.012,L6 CT,0.18316125935118865,93.65625000000001
H21.33.012,L6 IT,0.08090839776356817,267.8666666666667
H21.33.012,L6 IT Car3,0.1527637478246231,118.57740585774057
H21.33.012,L6b,0.23252210002168106,63.62790697674419
H21.33.012,Lamp5,0.20795302123956017,226.73245614035085
H21.33.012,Lamp5 Lhx6,0.22631906404305846,133.7313432835821
H21.33.012,OPC,0.2147684738179622,237.91231732776615
H21.33.012,Oligodendrocyte,0.10796937990177824,1443.5677530017153
H21.33.012,Pax6,0.32987572560808864,52.69811320754718
H21.33.012,Pvalb,0.09211842361516583,638.943661971831
H21.33.012,Sncg,0.3320417851512101,96.34020618556701
H21.33.012,Sst,0.23678306989162207,185.3494623655914
H21.33.012,Sst Chodl,0.717402648566265,6.0
H21.33.012,VLMC & Perivascular,0.8495587489361567,21.702127659574465
H21.33.012,Vip,0.12036454786556759,551.372513562387
H21.33.013,Astrocyte,0.19413318512199762,458.25159914712157
H21.33.013,Chandelier,0.6397063852125768,21.91304347826087
H21.33.013,Endothelial,1.102402760281953,5.454545454545454
H21.33.013,Immune,0.2550830505131667,223.76793248945148
H21.33.013,L2/3 IT,0.07656592867082934,824.8124253285544
H21.33.013,L4 IT,0.06399398887505958,1043.2118039029035
H21.33.013,L5 ET,0.3416777780651046,15.096774193548386
H21.33.013,L5 IT,0.07264086818574,627.7397476340694
H21.33.013,L5/6 NP,0.2501434342119566,122.70731707317073
H21.33.013,L6 CT,0.14449419864214308,155.37735849056605
H21.33.013,L6 IT,0.06846821104941725,393.79441624365484
H21.33.013,L6 IT Car3,0.1097219805834373,159.9030303030303
H21.33.013,L6b,0.1242770504610433,136.57971014492753
H21.33.013,Lamp5,0.30401875717987537,176.328611898017
H21.33.013,Lamp5 Lhx6,0.2940219254931207,90.60439560439562
H21.33.013,OPC,0.2421686720094085,216.4543429844098
H21.33.013,Oligodendrocyte,0.2820876126803764,191.16404494382022
H21.33.013,Pax6,0.43003325438291906,26.666666666666668
H21.33.013,Pvalb,0.15108122309427297,346.69714285714286
H21.33.013,Sncg,0.4294439828403487,50.92156862745098
H21.33.013,Sst,0.2983634761675842,110.71428571428571
H21.33.013,VLMC & Perivascular,0.8341177466472662,11.916666666666666
H21.33.013,Vip,0.1717005536748355,325.2995529061103
H21.33.014,Astrocyte,0.2788191485504514,189.12207792207792
H21.33.014,Chandelier,0.47449335638117685,29.0
H21.33.014,Immune,0.45947851740929124,114.8119658119658
H21.33.014,L2/3 IT,0.04031256195366861,1859.9655913978493
H21.33.014,L4 IT,0.0762649610651089,795.2148241206031
H21.33.014,L5 ET,0.37882120715680356,13.481481481481481
H21.33.014,L5 IT,0.0668291321840968,548.3793103448276
H21.33.014,L5/6 NP,0.23944966223048514,66.52941176470588
H21.33.014,L6 CT,0.1652050454866325,130.48275862068965
H21.33.014,L6 IT,0.08033471565442213,303.9703947368421
H21.33.014,L6 IT Car3,0.16109578066296804,157.14285714285714
H21.33.014,L6b,0.2273316382431294,76.17834394904459
H21.33.014,Lamp5,0.20617450750115562,215.82027649769586
H21.33.014,Lamp5 Lhx6,0.2147190096282161,108.89999999999998
H21.33.014,OPC,0.35927686537930636,119.52263374485597
H21.33.014,Oligodendrocyte,0.2485050643836626,454.18102508178845
H21.33.014,Pax6,0.37194221333761135,32.87878787878788
H21.33.014,Pvalb,0.09443020068199681,582.9059829059829
H21.33.014,Sncg,0.3690977798724938,84.44444444444446
H21.33.014,Sst,0.16095623211803378,365.55434782608694
H21.33.014,Sst Chodl,0.5578298785193843,12.923076923076923
H21.33.014,Vip,0.13862355059182896,470.8867924528302
H21.33.015,Astrocyte,0.2816103848706213,160.9296636085627
H21.33.015,Chandelier,0.3605599111453781,47.49473684210526
H21.33.015,Endothelial,1.0409412312265829,6.428571428571429
H21.33.015,Immune,0.33932457782232994,216.95852534562215
H21.33.015,L2/3 IT,0.03367523520017648,2411.479701739851
H21.33.015,L4 IT,0.06890067986868037,808.874613959234
H21.33.015,L5 IT,0.06559919802552411,626.3846767757383
H21.33.015,L5/6 NP,0.2401257390111049,69.94285714285715
H21.33.015,L6 CT,0.2584369129099413,44.83516483516483
H21.33.015,L6 IT,0.10261019531452137,219.45000000000002
H21.33.015,L6 IT Car3,0.1945499043356933,110.47963800904978
H21.33.015,L6b,0.20281594515555768,70.23776223776224
H21.33.015,Lamp5,0.17480226934746376,263.42314990512335
H21.33.015,Lamp5 Lhx6,0.20520258866001706,101.20975609756097
H21.33.015,OPC,0.3339667196418561,121.25102880658436
H21.33.015,Oligodendrocyte,0.1505674072945693,1300.107403145378
H21.33.015,Pax6,0.29592018644174267,59.583333333333336
H21.33.015,Pvalb,0.08510099349052436,523.3816793893129
H21.33.015,Sncg,0.2084765394046202,201.68316831683168
H21.33.015,Sst,0.11412926282682867,537.2539534883721
H21.33.015,Sst Chodl,0.5771950462360502,8.88888888888889
H21.33.015,VLMC & Perivascular,0.7640501679683833,24.489795918367346
H21.33.015,Vip,0.0961266489134267,701.0518834399433
H21.33.017,Astrocyte,0.26315039223217473,169.9764705882353
H21.33.017,Chandelier,0.3960855482327039,42.0
H21.33.017,Immune,0.1929112992669082,436.8777142857142
H21.33.017,L2/3 IT,0.08749947544410985,965.0400405473897
H21.33.017,L4 IT,0.18534358780135035,250.60117878192534
H21.33.017,L5 IT,0.1663239831268135,233.54969574036508
H21.33.017,L5/6 NP,0.5097635568673038,32.8421052631579
H21.33.017,L6 CT,0.41004308760178887,13.481481481481481
H21.33.017,L6 IT,0.24063342211888258,52.17391304347826
H21.33.017,L6 IT Car3,0.343350027520549,17.142857142857142
H21.33.017,Lamp5,0.29769189945391483,112.1181434599156
H21.33.017,Lamp5 Lhx6,0.2787437425956064,76.33986928104575
H21.33.017,OPC,1.0730186358171798,18.72972972972973
H21.33.017,Oligodendrocyte,0.29554998558788936,202.57907542579076
H21.33.017,Pax6,0.48383560600560704,35.0
H21.33.017,Pvalb,0.20963191359318228,201.2871287128713
H21.33.017,Sncg,0.4120032906046269,53.333333333333336
H21.33.017,Sst,0.2430234034968568,183.49863760217985
H21.33.017,VLMC & Perivascular,0.7347514337791985,18.157894736842106
H21.33.017,Vip,0.15594121788584214,364.7675675675676
H21.33.018,Astrocyte,0.1760795650060003,333.8539493293591
H21.33.018,Chandelier,0.2798552486793513,84.41379310344828
H21.33.018,Endothelial,0.8257131025702762,10.476190476190476
H21.33.018,Immune,0.24166562840567396,367.1523178807947
H21.33.018,L2/3 IT,0.043831040033477375,1493.1883584041857
H21.33.018,L4 IT,0.07268060844378166,705.2830188679245
H21.33.018,L5 ET,0.4130860758551482,5.454545454545454
H21.33.018,L5 IT,0.06859675095184482,489.7431749241658
H21.33.018,L5/6 NP,0.18744588965741293,115.55364806866955
H21.33.018,L6 CT,0.2899785010575271,29.28813559322034
H21.33.018,L6 IT,0.12341898892095075,124.16064257028113
H21.33.018,L6 IT Car3,0.1353684852920021,126.56370656370656
H21.33.018,L6b,0.26630832080066336,32.405797101449274
H21.33.018,Lamp5,0.18913035354223018,247.5
H21.33.018,Lamp5 Lhx6,0.26574043704380745,117.58474576271188
H21.33.018,OPC,0.2472918291292343,156.09756097560975
H21.33.018,Oligodendrocyte,0.1976286951416797,535.5160142348755
H21.33.018,Pax6,0.3724342611596434,41.51162790697675
H21.33.018,Pvalb,0.10995641170085335,478.6034308779011
H21.33.018,Sncg,0.37673611671844887,108.9539748953975
H21.33.018,Sst,0.2602847604681977,165.13498622589532
H21.33.018,VLMC & Perivascular,0.7540494257181458,15.77142857142857
H21.33.018,Vip,0.09628139432189692,715.1153324287653
H21.33.020,Astrocyte,0.24282463549757693,484.36251287332647
H21.33.020,Immune,0.6156645280140918,46.808510638297875
H21.33.020,L2/3 IT,0.7346863241259651,19.902439024390244
H21.33.020,L4 IT,0.506055201425406,71.4125874125874
H21.33.020,L5 IT,1.2114473114451139,6.0
H21.33.020,OPC,0.800721412124588,27.42857142857143
H21.33.020,VLMC & Perivascular,0.8240636985367829,21.958333333333332
H21.33.021,Astrocyte,0.18286828135116817,260.1973434535104
H21.33.021,Chandelier,0.32407828828811525,70.77464788732394
H21.33.021,Endothelial,0.9776859408492067,5.454545454545454
H21.33.021,Immune,0.398765011910883,117.1918367346939
H21.33.021,L2/3 IT,0.10202037537127029,622.467469879518
H21.33.021,L4 IT,0.061937621334848314,1331.4171986481413
H21.33.021,L5 IT,0.1197126662632573,377.989417989418
H21.33.021,L5/6 NP,0.24817755282702336,134.34944237918214
H21.33.021,L6 CT,0.3054557221597074,52.38095238095239
H21.33.021,L6 IT,0.38719565438955783,20.363636363636363
H21.33.021,L6 IT Car3,0.4251805305566059,21.954545454545457
H21.33.021,L6b,0.2371293321768304,71.50344827586207
H21.33.021,Lamp5,0.16088848721830473,425.93669402110197
H21.33.021,Lamp5 Lhx6,0.22446294732351202,160.9751552795031
H21.33.021,OPC,0.29388173576426624,95.83333333333333
H21.33.021,Oligodendrocyte,0.33005524270182174,111.85777777777777
H21.33.021,Pax6,0.4553270773389988,39.45679012345679
H21.33.021,Pvalb,0.11364855908146243,517.0937198067634
H21.33.021,Sncg,0.2944320682187058,134.4089219330855
H21.33.021,Sst,0.28095248384357463,162.23999999999998
H21.33.021,VLMC & Perivascular,0.5370028906841267,27.42857142857143
H21.33.021,Vip,0.08359582982005656,981.2016293279022
H21.33.022,Astrocyte,0.1204829866248589,702.742857142857
H21.33.022,Chandelier,0.28696160881325217,88.1938775510204
H21.33.022,Endothelial,0.5636609720618675,27.05454545454546
H21.33.022,Immune,0.20057701013408824,418.71284916201114
H21.33.022,L2/3 IT,0.04827907524434984,1784.8678735476897
H21.33.022,L4 IT,0.05726950088381866,1039.0157699443412
H21.33.022,L5 IT,0.07058931948692371,602.7603174603175
H21.33.022,L5/6 NP,0.16367057678609132,188.77974683544306
H21.33.022,L6 CT,0.1345604230880426,115.27572016460906
H21.33.022,L6 IT,0.09088332678188038,257.996336996337
H21.33.022,L6 IT Car3,0.1370350310148311,137.94366197183098
H21.33.022,L6b,0.20357865739918957,55.51724137931035
H21.33.022,Lamp5,0.1801639240880939,294.9494290375204
H21.33.022,Lamp5 Lhx6,0.18423449235805078,201.77927927927928
H21.33.022,OPC,0.1670874624879759,370.2901155327343
H21.33.022,Oligodendrocyte,0.13478196161737552,693.8155339805826
H21.33.022,Pax6,0.29757326754001,67.52054794520548
H21.33.022,Pvalb,0.08656886401992454,695.207810320781
H21.33.022,Sncg,0.29713562786866854,167.78885630498533
H21.33.022,Sst,0.14496723468065797,505.05303760848597
H21.33.022,VLMC & Perivascular,0.6227780873937505,36.15584415584416
H21.33.022,Vip,0.08986123399805619,771.1195516811955
H21.33.023,Astrocyte,0.17407414840047786,371.8647214854111
H21.33.023,Chandelier,0.4776443701640294,36.71052631578947
H21.33.023,Endothelial,0.8738939013308697,10.285714285714286
H21.33.023,Immune,0.3057802199498587,192.5581395348837
H21.33.023,L2/3 IT,0.030616282022395115,2669.54491241148
H21.33.023,L4 IT,0.06950499565897861,749.9603698811097
H21.33.023,L5 ET,0.3279657025723308,14.73333333333333
H21.33.023,L5 IT,0.06410512706305888,629.8187549251379
H21.33.023,L5/6 NP,0.22265294836264776,89.28176795580112
H21.33.023,L6 CT,0.22476289763167134,51.79245283018868
H21.33.023,L6 IT,0.12294910781728513,161.61963190184048
H21.33.023,L6 IT Car3,0.18974671168180857,92.12903225806451
H21.33.023,L6b,0.2599307324850715,42.80459770114943
H21.33.023,Lamp5,0.2232630349319713,231.71612903225804
H21.33.023,Lamp5 Lhx6,0.2768914444079629,83.72093023255813
H21.33.023,OPC,0.22014424529271803,266.2773722627737
H21.33.023,Oligodendrocyte,0.215445003339525,546.1151736745887
H21.33.023,Pax6,0.3318071931329092,50.07692307692308
H21.33.023,Pvalb,0.10436760725501726,461.1050920910076
H21.33.023,Sncg,0.31230196445493963,125.87301587301586
H21.33.023,Sst,0.25889040530352414,159.6646706586826
H21.33.023,VLMC & Perivascular,0.8502060878457129,16.0
H21.33.023,Vip,0.11555436991232632,591.0505902192243
H21.33.025,Astrocyte,0.1818721029439846,406.7027027027027
H21.33.025,Chandelier,0.4286971017005121,53.49532710280375
H21.33.025,Endothelial,0.561133650199598,15.9375
H21.33.025,Immune,0.23475886901523113,445.9910313901345
H21.33.025,L2/3 IT,0.06646058058465965,1071.4460966542752
H21.33.025,L4 IT,0.07019975276178225,782.6105799872531
H21.33.025,L5 ET,0.3962866207460336,10.476190476190476
H21.33.025,L5 IT,0.06990187933039937,613.7839155158408
H21.33.025,L5/6 NP,0.2427512404192771,148.87333333333333
H21.33.025,L6 CT,0.20684630473008658,80.20987654320987
H21.33.025,L6 IT,0.12123664070520083,174.8717948717949
H21.33.025,L6 IT Car3,0.16442367612323805,105.6525821596244
H21.33.025,L6b,0.21839751074609026,47.3469387755102
H21.33.025,Lamp5,0.2876672563134659,192.95336787564767
H21.33.025,Lamp5 Lhx6,0.3133734221154727,96.91370558375635
H21.33.025,OPC,0.2444095609054715,214.30303030303025
H21.33.025,Oligodendrocyte,0.24268764906028228,387.2076923076923
H21.33.025,Pax6,0.39653652764728076,49.359223300970875
H21.33.025,Pvalb,0.15368358079344632,436.67048054919917
H21.33.025,Sncg,0.4499611182062848,92.98924731182795
H21.33.025,Sst,0.22930841787934675,225.23788546255506
H21.33.025,VLMC & Perivascular,0.5630591863354448,28.689655172413794
H21.33.025,Vip,0.1310326790577463,646.1095679012346
H21.33.026,Astrocyte,0.2746525745829458,190.86910994764395
H21.33.026,Chandelier,0.45890401575878137,43.35632183908046
H21.33.026,Endothelial,0.8092083829568741,10.181818181818182
H21.33.026,Immune,0.3880082519568375,147.0
H21.33.026,L2/3 IT,0.061647683689880495,1248.8198558847077
H21.33.026,L4 IT,0.07961034178183124,807.8502475247526
H21.33.026,L5 IT,0.09168676810578003,474.8968421052631
H21.33.026,L5/6 NP,0.21658226004531933,161.1111111111111
H21.33.026,L6 CT,0.2595770986165693,69.77142857142857
H21.33.026,L6 IT,0.20672525966522937,89.47486033519553
H21.33.026,L6 IT Car3,0.24113008028681016,85.95348837209302
H21.33.026,L6b,0.3959469790703517,25.96363636363636
H21.33.026,Lamp5,0.33116401212654223,146.48464163822524
H21.33.026,Lamp5 Lhx6,0.30544213728897596,113.48017621145374
H21.33.026,OPC,0.4673210604636191,63.496062992125985
H21.33.026,Oligodendrocyte,0.24537119044321232,443.8024691358025
H21.33.026,Pax6,0.5271855220378514,25.96153846153846
H21.33.026,Pvalb,0.14404174457165686,450.8217054263566
H21.33.026,Sncg,0.4449447180948982,67.47058823529412
H21.33.026,Sst,0.261146498190687,203.9558823529412
H21.33.026,Sst Chodl,0.964954964058446,5.0
H21.33.026,VLMC & Perivascular,0.8682728988578763,19.8
H21.33.026,Vip,0.1918390976258273,378.38837516512547
H21.33.028,Astrocyte,0.12658694146892963,895.2964824120603
H21.33.028,Chandelier,0.4196319902768455,55.92857142857143
H21.33.028,Endothelial,0.8687069002533914,10.636363636363637
H21.33.028,Immune,0.23350797621864428,374.01335113484646
H21.33.028,L2/3 IT,0.04711692705498005,1710.8045574057844
H21.33.028,L4 IT,0.08946882348518859,644.9751937984496
H21.33.028,L5 IT,0.10016885751658215,449.09454949944376
H21.33.028,L5/6 NP,0.3594201404431763,81.40243902439023
H21.33.028,L6 CT,0.3377528922046973,22.82608695652174
H21.33.028,L6 IT,0.18517236080012567,99.94029850746269
H21.33.028,L6 IT Car3,0.23912686800405059,70.94366197183098
H21.33.028,L6b,0.36834979617813035,14.933333333333334
H21.33.028,Lamp5,0.34641603976669577,125.6284584980237
H21.33.028,Lamp5 Lhx6,0.32679371983132866,83.70238095238096
H21.33.028,OPC,0.22869069348640458,277.47747747747746
H21.33.028,Oligodendrocyte,0.5516754499671848,50.9126213592233
H21.33.028,Pax6,0.4355055432675643,56.46017699115045
H21.33.028,Pvalb,0.16673098635151007,387.069587628866
H21.33.028,Sncg,0.45407034954030845,77.98717948717947
H21.33.028,Sst,0.3015934559020814,160.9751552795031
H21.33.028,VLMC & Perivascular,0.7271062089041465,27.964285714285715
H21.33.028,Vip,0.15412707746606014,567.8873239436621
H21.33.029,Astrocyte,0.2547101067042741,226.47240618101546
H21.33.029,Chandelier,0.6021537300394195,23.404255319148938
H21.33.029,Endothelial,0.9744539803039318,9.263157894736842
H21.33.029,Immune,0.4403906723922546,91.82608695652173
H21.33.029,L2/3 IT,0.06522023769720864,918.5647442872688
H21.33.029,L4 IT,0.11019612787980337,453.5044052863437
H21.33.029,L5 ET,0.3258945420970767,16.058823529411764
H21.33.029,L5 IT,0.06727196786682788,562.2648888888889
H21.33.029,L5/6 NP,0.25321787355239433,98.19289340101523
H21.33.029,L6 CT,0.17570048760541734,104.96190476190478
H21.33.029,L6 IT,0.09065037613182317,269.4768089053803
H21.33.029,L6 IT Car3,0.18605186464327939,95.05759162303666
H21.33.029,L6b,0.1458243233652361,134.73992673992674
H21.33.029,Lamp5,0.37479775630130163,90.0
H21.33.029,Lamp5 Lhx6,0.30826862922451026,55.1864406779661
H21.33.029,OPC,0.31977155663981005,120.49792531120333
H21.33.029,Oligodendrocyte,0.24973301971922934,337.33431952662716
H21.33.029,Pax6,0.4903015484234494,20.558139534883722
H21.33.029,Pvalb,0.1635572132664862,333.46326836581704
H21.33.029,Sncg,0.6934394780734152,8.23529411764706
H21.33.029,Sst,0.34870213971692166,64.0
H21.33.029,VLMC & Perivascular,0.6469487482589269,16.941176470588236
H21.33.029,Vip,0.2552248711527234,115.29411764705883
H21.33.030,Astrocyte,0.6532213508859913,32.54040404040404
H21.33.030,Chandelier,0.3862175617054717,42.4421052631579
H21.33.030,Endothelial,0.9959660798506142,8.0
H21.33.030,Immune,0.5101900302780571,77.26829268292683
H21.33.030,L2/3 IT,0.04714110418255468,1186.748920419494
H21.33.030,L4 IT,0.08678215608421225,425.24595219737853
H21.33.030,L5 ET,0.402683212359797,10.181818181818182
H21.33.030,L5 IT,0.09808726595451767,250.57627118644066
H21.33.030,L5/6 NP,0.28971098094893927,47.5
H21.33.030,L6 CT,0.27777110839259134,33.810526315789474
H21.33.030,L6 IT,0.17662261286634084,66.57798165137615
H21.33.030,L6 IT Car3,0.28988551849529043,37.86153846153846
H21.33.030,L6b,0.4288764167705583,13.793103448275863
H21.33.030,Lamp5,0.25949512516880313,105.6
H21.33.030,Lamp5 Lhx6,0.34417350217326925,38.93805309734513
H21.33.030,OPC,0.8693878307323906,30.475609756097565
H21.33.030,Oligodendrocyte,0.38953054209193283,123.87240356083086
H21.33.030,Pax6,0.5823246602139545,10.8
H21.33.030,Pvalb,0.12172561020927697,272.0250941028858
H21.33.030,Sncg,0.3961303284127746,49.27152317880795
H21.33.030,Sst,0.23090876373089264,219.67944250871082
H21.33.030,Vip,0.13222074708730291,343.44314558979806
H21.33.031,Astrocyte,0.29905014784545925,217.95871559633025
H21.33.031,Chandelier,0.37998738232544493,72.19736842105263
H21.33.031,Endothelial,1.4879825915264977,7.5
H21.33.031,Immune,0.3897616608299752,201.29032258064518
H21.33.031,L2/3 IT,0.04774467548401251,2159.600185099491
H21.33.031,L4 IT,0.10517057553758469,699.3967119370978
H21.33.031,L5 ET,0.6087576585752048,10.909090909090908
H21.33.031,L5 IT,0.10267831911641512,595.998322147651
H21.33.031,L5/6 NP,0.2930849572701879,92.82795698924733
H21.33.031,L6 CT,0.32905364585547403,68.28985507246377
H21.33.031,L6 IT,0.22011436813930885,136.35164835164835
H21.33.031,L6 IT Car3,0.2741448948886235,95.34358974358975
H21.33.031,L6b,0.43067840224979603,35.32394366197183
H21.33.031,Lamp5,0.21264536924291177,336.3451327433628
H21.33.031,Lamp5 Lhx6,0.24450242788817667,170.4633431085044
H21.33.031,OPC,0.3632847743573735,158.69182389937106
H21.33.031,Oligodendrocyte,0.3416378637741684,339.03818953323906
H21.33.031,Pax6,0.4085170942724905,54.12844036697248
H21.33.031,Pvalb,0.11437065751664477,648.9984591679507
H21.33.031,Sncg,0.2814054984309329,148.49831649831648
H21.33.031,Sst,0.2071999964196678,336.0385756676558
H21.33.031,VLMC & Perivascular,0.8841625554399632,19.200000000000003
H21.33.031,Vip,0.14414196929109346,714.1899441340781
H21.33.032,Astrocyte,0.3372715243223139,137.0
H21.33.032,Chandelier,0.34068670144911795,69.48571428571428
H21.33.032,Endothelial,1.0657212199602037,7.199999999999999
H21.33.032,Immune,0.39781781710926456,159.77499999999998
H21.33.032,L2/3 IT,0.036155962155303645,2314.3982795698926
H21.33.032,L4 IT,0.07525418772392412,679.7688368690564
H21.33.032,L5 ET,0.3930928783157397,13.928571428571429
H21.33.032,L5 IT,0.06790587313093754,613.1384364820847
H21.33.032,L5/6 NP,0.2502182827545849,75.67105263157895
H21.33.032,L6 CT,0.215120819005842,74.46979865771813
H21.33.032,L6 IT,0.1353079611836982,182.77929155313353
H21.33.032,L6 IT Car3,0.201600757201004,122.60162601626016
H21.33.032,L6b,0.23906035671528714,49.50000000000001
H21.33.032,Lamp5,0.19971171311982072,244.08163265306123
H21.33.032,Lamp5 Lhx6,0.2440543110305735,99.40298507462687
H21.33.032,OPC,0.31109811053674186,222.25514403292183
H21.33.032,Oligodendrocyte,0.18187649513379278,841.6023738872404
H21.33.032,Pax6,0.2986528747874415,66.94029850746269
H21.33.032,Pvalb,0.10531624519111592,501.42430278884467
H21.33.032,Sncg,0.24180591833969844,180.46537396121886
H21.33.032,Sst,0.173900776475178,422.6918536009445
H21.33.032,VLMC & Perivascular,0.8285232419536115,19.950000000000003
H21.33.032,Vip,0.12242517229896677,574.6505190311419
H21.33.033,Astrocyte,0.1735880364591078,386.4217335058215
H21.33.033,Chandelier,0.6390209694894429,24.96
H21.33.033,Endothelial,0.9355778719861032,9.473684210526315
H21.33.033,Immune,0.28156740273601377,290.5349233390119
H21.33.033,L2/3 IT,0.2191213180712226,297.0
H21.33.033,L4 IT,0.21256301334780853,309.41252006420547
H21.33.033,L5 ET,0.46408387503285997,8.0
H21.33.033,L5 IT,0.23575239929947278,196.93069306930693
H21.33.033,L5/6 NP,0.556033146948832,43.44827586206896
H21.33.033,L6 CT,0.35977132463719697,33.97142857142857
H21.33.033,L6 IT,0.23002463729547795,156.22641509433961
H21.33.033,L6 IT Car3,0.263939859613612,96.47668393782384
H21.33.033,L6b,0.27201638497752434,63.30708661417323
H21.33.033,Lamp5,0.48029421594517174,41.52808988764045
H21.33.033,Lamp5 Lhx6,0.5103932704158107,60.18897637795276
H21.33.033,OPC,0.2668145109220973,121.33333333333333
H21.33.033,Oligodendrocyte,0.3975832183526755,92.30526315789474
H21.33.033,Pax6,0.5646829762944514,33.492537313432834
H21.33.033,Pvalb,0.3206729542778701,148.93959731543626
H21.33.033,Sncg,0.7986268015191875,27.59322033898305
H21.33.033,Sst,0.41815176866638515,81.62424242424241
H21.33.033,VLMC & Perivascular,0.7114333980420082,23.958333333333332
H21.33.033,Vip,0.26902118079281934,187.98429319371726
H21.33.034,Astrocyte,0.2365050620986764,493.49544072948333
H21.33.034,Endothelial,0.7520087489276435,25.358490566037737
H21.33.034,Immune,0.43385433034556,106.30985915492958
H21.33.034,L2/3 IT,0.23040968839588682,212.34498834498834
H21.33.034,L4 IT,0.4470445902983977,83.01176470588237
H21.33.034,L5 IT,0.3700666593006976,91.49726775956283
H21.33.034,L5/6 NP,0.8322100931695893,6.666666666666666
H21.33.034,L6 IT,0.5844467358035095,22.304347826086957
H21.33.034,L6 IT Car3,0.674612605451629,23.404255319148938
H21.33.034,Lamp5,0.8179403112362298,26.40740740740741
H21.33.034,OPC,0.4464890271297177,94.43386243386244
H21.33.034,Oligodendrocyte,1.0893832656387055,8.842105263157896
H21.33.034,Pvalb,0.7186324334144976,35.436619718309856
H21.33.034,Sncg,1.5875916388092284,5.833333333333333
H21.33.034,Sst,1.0857203441508565,10.636363636363637
H21.33.034,Vip,0.5090046455767752,57.14782608695653
H21.33.035,Astrocyte,0.18041376913039464,604.4644628099174
H21.33.035,Chandelier,0.4008406736672221,59.39495798319328
H21.33.035,Endothelial,0.8222897854099664,16.0
H21.33.035,Immune,0.3668518876423317,203.29411764705884
H21.33.035,L2/3 IT,0.04701894837284293,1735.2943548387095
H21.33.035,L4 IT,0.07383273104907007,931.9571045576406
H21.33.035,L5 ET,0.38136495660488645,14.068965517241379
H21.33.035,L5 IT,0.06823639861626885,713.3987386124737
H21.33.035,L5/6 NP,0.2334223847993977,101.51960784313727
H21.33.035,L6 CT,0.27099562764038776,60.396694214876035
H21.33.035,L6 IT,0.17464225540287082,143.0
H21.33.035,L6 IT Car3,0.25498852453858234,89.27374301675977
H21.33.035,L6b,0.32050522509438717,45.97826086956522
H21.33.035,Lamp5,0.23035970071232797,217.97260273972603
H21.33.035,Lamp5 Lhx6,0.3090790156218115,67.05882352941177
H21.33.035,OPC,0.31139646231914897,215.4398148148148
H21.33.035,Oligodendrocyte,0.32731040740784856,273.985401459854
H21.33.035,Pax6,0.4178391980975098,26.440677966101692
H21.33.035,Pvalb,0.14577218671802683,392.63024142312577
H21.33.035,Sncg,0.39713388249635084,77.53846153846155
H21.33.035,Sst,0.22986262262346724,231.72707889125797
H21.33.035,VLMC & Perivascular,0.6023802767015836,31.876923076923077
H21.33.035,Vip,0.16076252183975792,479.9979166666667
H21.33.036,Astrocyte,0.5868279049265406,40.342245989304814
H21.33.036,Chandelier,0.346369390316557,55.18333333333333
H21.33.036,Immune,0.3761792426479609,119.49367088607595
H21.33.036,L2/3 IT,0.04453732960630452,1199.4281546316558
H21.33.036,L4 IT,0.08841792197961817,430.636186770428
H21.33.036,L5 IT,0.08227764262998427,468.24883936861653
H21.33.036,L5/6 NP,0.23715960242575118,100.69090909090909
H21.33.036,L6 CT,0.2405670079634814,42.36521739130435
H21.33.036,L6 IT,0.14594491776198815,88.57142857142858
H21.33.036,L6 IT Car3,0.18522540153292422,77.91304347826087
H21.33.036,L6b,0.2816474124365522,35.36842105263158
H21.33.036,Lamp5,0.2201104397820557,159.91256830601094
H21.33.036,Lamp5 Lhx6,0.22295577127336097,90.11538461538461
H21.33.036,OPC,1.0877700650840962,14.950819672131148
H21.33.036,Oligodendrocyte,0.15552590534305333,774.3401519579194
H21.33.036,Pax6,0.4960161055438035,20.603773584905664
H21.33.036,Pvalb,0.11949372534681402,337.68854568854573
H21.33.036,Sncg,0.32157808125003706,79.47428571428571
H21.33.036,Sst,0.24193112678994577,202.78758949880668
H21.33.036,VLMC & Perivascular,0.9641623838163187,8.727272727272728
H21.33.036,Vip,0.12368585818119862,426.35999999999996
H21.33.037,Astrocyte,0.8268114206713872,28.783783783783786
H21.33.037,Chandelier,0.47125242726808914,23.571428571428573
H21.33.037,Immune,0.5107520725476582,76.38376383763837
H21.33.037,L2/3 IT,0.03568649200216978,1292.3168994015389
H21.33.037,L4 IT,0.09700699081334907,245.55555555555554
H21.33.037,L5 IT,0.1132824229158157,152.07466666666667
H21.33.037,L5/6 NP,0.38957666735810315,20.366666666666664
H21.33.037,L6 CT,0.42072051873149974,10.0
H21.33.037,L6 IT,0.17808164938876017,47.970802919708035
H21.33.037,L6 IT Car3,0.2964009363344564,23.91891891891892
H21.33.037,Lamp5,0.2264845453354417,114.50871080139372
H21.33.037,Lamp5 Lhx6,0.366248862214138,21.96923076923077
H21.33.037,OPC,1.0166479276028397,18.974358974358974
H21.33.037,Oligodendrocyte,0.2409274940203714,239.33997785160577
H21.33.037,Pax6,0.5007606690535455,12.878048780487806
H21.33.037,Pvalb,0.11917087201097512,197.0070671378092
H21.33.037,Sncg,0.3190538356224415,78.24489795918367
H21.33.037,Sst,0.27942217997392316,166.0392156862745
H21.33.037,VLMC & Perivascular,0.6667989595190824,19.55
H21.33.037,Vip,0.1216684639356167,283.3544303797468
H21.33.039,Astrocyte,0.21063917099053642,281.49200710479573
H21.33.039,Chandelier,0.731528632418351,21.209302325581397
H21.33.039,Immune,0.38832955002320846,99.99
H21.33.039,L2/3 IT,0.07486060556193097,719.7277777777778
H21.33.039,L4 IT,0.07698947701754578,713.9873949579833
H21.33.039,L5 IT,0.09297584046461391,430.6666666666667
H21.33.039,L5/6 NP,0.3096935989145573,92.95698924731182
H21.33.039,L6 CT,0.3408869503672505,27.5
H21.33.039,L6 IT,0.15373585797475395,132.9699248120301
H21.33.039,L6 IT Car3,0.21681711976389995,66.49624060150376
H21.33.039,L6b,0.2624419259136479,30.46875
H21.33.039,Lamp5,0.32276295583830183,119.925
H21.33.039,Lamp5 Lhx6,0.3472827778258436,78.37974683544304
H21.33.039,OPC,0.6254500988817027,26.962962962962962
H21.33.039,Oligodendrocyte,0.24245587116540923,378.2087186261559
H21.33.039,Pax6,0.5430769517440055,23.489361702127663
H21.33.039,Pvalb,0.23801417270518455,199.395
H21.33.039,Sncg,0.6528184153566885,36.0
H21.33.039,Sst,0.36549211492830214,106.06542056074765
H21.33.039,VLMC & Perivascular,0.8305586537292218,8.88888888888889
H21.33.039,Vip,0.200808991183548,319.8753894080997
H21.33.040,Astrocyte,0.1563381333487519,677.9867256637168
H21.33.040,Chandelier,0.4801982631866579,37.97402597402598
H21.33.040,Endothelial,0.809790722308505,15.483870967741938
H21.33.040,Immune,0.3515084247667444,189.467018469657
H21.33.040,L2/3 IT,0.05353205068271438,1448.3341387642388
H21.33.040,L4 IT,0.0758621895596939,1047.4997613365156
H21.33.040,L5 ET,0.3752474791346083,17.405405405405407
H21.33.040,L5 IT,0.07147709552664216,762.6596858638743
H21.33.040,L5/6 NP,0.20234266165328418,193.979381443299
H21.33.040,L6 CT,0.19294471291083726,118.39330543933056
H21.33.040,L6 IT,0.09844093979803592,332.9519519519519
H21.33.040,L6 IT Car3,0.15226918722888083,213.40515222482435
H21.33.040,L6b,0.23185156946279506,59.49579831932773
H21.33.040,Lamp5,0.2961090721076447,154.21935483870968
H21.33.040,Lamp5 Lhx6,0.24369527384691603,158.84276729559747
H21.33.040,OPC,0.3382574141239383,151.57894736842104
H21.33.040,Oligodendrocyte,0.22114063227411185,587.8167938931298
H21.33.040,Pax6,0.38208340534784124,43.03448275862069
H21.33.040,Pvalb,0.14420185956510612,546.4995425434585
H21.33.040,Sncg,0.44121043397495363,61.824
H21.33.040,Sst,0.2473807267386663,265.9398496240602
H21.33.040,Sst Chodl,0.8908583154145528,9.9
H21.33.040,VLMC & Perivascular,0.822620246567253,23.404255319148938
H21.33.040,Vip,0.17121192629524673,402.27577639751553
H21.33.041,Astrocyte,0.2335570586203648,344.44121915820034
H21.33.041,Chandelier,0.4335355101162275,33.43283582089553
H21.33.041,Endothelial,1.2168407682097255,6.666666666666666
H21.33.041,Immune,0.3219010281981376,222.0044943820225
H21.33.041,L2/3 IT,0.049945617508371676,1627.3168044077136
H21.33.041,L4 IT,0.07311287904865882,858.5549738219896
H21.33.041,L5 ET,0.45282482158357507,16.12121212121212
H21.33.041,L5 IT,0.06308114100614962,784.5685279187817
H21.33.041,L5/6 NP,0.192161438160117,147.29491525423728
H21.33.041,L6 CT,0.23473201236271268,76.67532467532467
H21.33.041,L6 IT,0.10286325172112165,275.29582577132487
H21.33.041,L6 IT Car3,0.18899335552395002,142.63888888888889
H21.33.041,L6b,0.2322378871945121,61.170731707317074
H21.33.041,Lamp5,0.26989485268962987,160.37888198757764
H21.33.041,Lamp5 Lhx6,0.2703438704642869,91.90217391304348
H21.33.041,OPC,0.2963009053101846,222.780269058296
H21.33.041,Oligodendrocyte,0.19639430555242576,667.781388478582
H21.33.041,Pax6,0.5358133586127449,20.571428571428573
H21.33.041,Pvalb,0.11215766417035189,467.82146652497346
H21.33.041,Sncg,0.5040620439929739,39.975
H21.33.041,Sst,0.259783969853677,180.8011049723757
H21.33.041,VLMC & Perivascular,0.8539683424753011,16.363636363636363
H21.33.041,Vip,0.16505207569062552,411.8280871670702
H21.33.042,Astrocyte,0.17885186905235173,352.04513399153734
H21.33.042,Chandelier,0.40132700295471757,36.89189189189189
H21.33.042,Immune,0.29208958416041475,220.0
H21.33.042,L2/3 IT,0.04222530062201091,1730.9976891969961
H21.33.042,L4 IT,0.07033630431532867,806.7566563467492
H21.33.042,L5 ET,0.31265317264278636,18.16216216216216
H21.33.042,L5 IT,0.05985405402893251,684.4967129291454
H21.33.042,L5/6 NP,0.21165045434617868,122.79674796747969
H21.33.042,L6 CT,0.1448886097503751,160.48598130841123
H21.33.042,L6 IT,0.10218137946410319,208.69377990430624
H21.33.042,L6 IT Car3,0.15992508754739987,122.23481781376519
H21.33.042,L6b,0.19538635392527404,77.94871794871794
H21.33.042,Lamp5,0.2696081182910772,146.89115646258503
H21.33.042,Lamp5 Lhx6,0.23025127570647452,122.49795918367346
H21.33.042,OPC,0.2381228989429287,210.29928741092635
H21.33.042,Oligodendrocyte,0.14368199418429417,898.3250138657793
H21.33.042,Pax6,0.42465569996167796,26.415094339622645
H21.33.042,Pvalb,0.10961529065431153,468.77103301384454
H21.33.042,Sncg,0.3703863125635305,62.60317460317461
H21.33.042,Sst,0.2680582069038442,129.26640926640925
H21.33.042,VLMC & Perivascular,0.9957857620674875,13.481481481481481
H21.33.042,Vip,0.1576985389281722,333.95515695067263
H21.33.043,Astrocyte,0.23673786824989707,301.2006633499171
H21.33.043,Chandelier,0.3175386277570458,71.31944444444444
H21.33.043,Endothelial,0.8560740012111334,15.483870967741938
H21.33.043,Immune,0.24509988225959667,481.9253112033195
H21.33.043,L2/3 IT,0.04247337614792368,1787.4987412587411
H21.33.043,L4 IT,0.08240292014890897,675.75
H21.33.043,L5 ET,0.48372987046544935,7.466666666666667
H21.33.043,L5 IT,0.070215581920964,550.3448275862069
H21.33.043,L5/6 NP,0.26807923138919754,64.24615384615385
H21.33.043,L6 CT,0.25297467027805,71.72413793103448
H21.33.043,L6 IT,0.14085273797019787,180.18836565096953
H21.33.043,L6 IT Car3,0.21962959219808376,84.2603550295858
H21.33.043,L6b,0.30862492283157517,39.80487804878049
H21.33.043,Lamp5,0.19802316866509306,258.4526112185687
H21.33.043,Lamp5 Lhx6,0.2573277748609657,110.49773755656108
H21.33.043,OPC,0.27438342555646766,226.98237885462552
H21.33.043,Oligodendrocyte,0.2545139137917385,385.21400778210113
H21.33.043,Pax6,0.34529655616193144,58.15384615384616
H21.33.043,Pvalb,0.10206151399318313,546.3677950594694
H21.33.043,Sncg,0.23260651882712713,167.31940298507462
H21.33.043,Sst,0.21377668405370964,305.359477124183
H21.33.043,Sst Chodl,0.9177227097217449,6.461538461538462
H21.33.043,VLMC & Perivascular,0.7351363893599281,19.51219512195122
H21.33.043,Vip,0.097960027309996,782.0140575079872
H21.33.044,Astrocyte,0.37676565468319057,210.4418052256532
H21.33.044,Chandelier,0.7331797422663993,15.529411764705882
H21.33.044,Endothelial,2.4733060938578797,8.0
H21.33.044,Immune,0.36355202947518084,197.87373737373736
H21.33.044,L2/3 IT,0.1321297326081266,454.66520307354557
H21.33.044,L4 IT,0.16375734693685473,457.9454148471616
H21.33.044,L5 IT,0.1976583068796316,207.62589928057554
H21.33.044,L5/6 NP,0.8672691922424409,13.333333333333332
H21.33.044,L6 CT,0.3371263683254213,41.01204819277108
H21.33.044,L6 IT,0.27725143033130495,82.80722891566266
H21.33.044,L6 IT Car3,0.3585691775839406,51.92380952380953
H21.33.044,L6b,0.28251773805918035,46.97872340425533
H21.33.044,Lamp5,0.6068100696889469,30.098360655737704
H21.33.044,Lamp5 Lhx6,0.48743164671326467,42.023529411764706
H21.33.044,OPC,0.2879202940463321,181.05945945945948
H21.33.044,Oligodendrocyte,0.790656636029925,23.84313725490196
H21.33.044,Pax6,0.44845044662391276,35.88888888888889
H21.33.044,Pvalb,0.38048460969715237,126.07058823529412
H21.33.044,Sncg,0.4303021382223138,68.89208633093526
H21.33.044,Sst,0.4160918056404559,71.34246575342466
H21.33.044,VLMC & Perivascular,2.2664793153476834,9.600000000000001
H21.33.044,Vip,0.26564199659475296,194.2075949367089
H21.33.045,Astrocyte,0.244168551478666,332.48955223880597
H21.33.045,Chandelier,0.6248653039507701,17.0
H21.33.045,Endothelial,0.8363701974488995,11.478260869565217
H21.33.045,Immune,0.34710108870863365,157.04126984126984
H21.33.045,L2/3 IT,0.16176824904500897,330.24
H21.33.045,L4 IT,0.15841195306683664,557.1843971631206
H21.33.045,L5 IT,0.15872440960684608,350.73446327683615
H21.33.045,L5/6 NP,0.4729115454133819,21.434782608695652
H21.33.045,L6 CT,0.6779037558365983,9.0
H21.33.045,L6 IT,0.5588225000838221,27.79746835443038
H21.33.045,L6 IT Car3,0.5951707284006105,16.5
H21.33.045,L6b,0.7364278038379535,11.0
H21.33.045,Lamp5,0.2759337565556921,203.458432304038
H21.33.045,Lamp5 Lhx6,0.662907131287251,16.0
H21.33.045,OPC,0.5745136345596156,25.333333333333336
H21.33.045,Oligodendrocyte,0.6226297968026859,40.18604651162791
H21.33.045,Pax6,0.3991469737962541,43.82022471910113
H21.33.045,Pvalb,0.344190120026707,132.7709090909091
H21.33.045,Sncg,0.31903403657275753,104.24644549763033
H21.33.045,Sst,0.44597560011746307,76.16883116883116
H21.33.045,VLMC & Perivascular,0.5314584521207681,48.24742268041236
H21.33.045,Vip,0.23901463257366196,221.90748898678413
H21.33.047,Astrocyte,0.34468527867629195,144.4567474048443
H21.33.047,Chandelier,0.3368706250704192,77.83647798742139
H21.33.047,Endothelial,1.1796460844444159,9.904761904761905
H21.33.047,Immune,0.3588023280302899,189.10994764397904
H21.33.047,L2/3 IT,0.05668682680341652,1631.3152273420812
H21.33.047,L4 IT,0.11448171664697143,631.371653543307
H21.33.047,L5 IT,0.10964620231934108,440.88335220838053
H21.33.047,L5/6 NP,0.29749383377688954,66.04511278195488
H21.33.047,L6 CT,0.375942235016407,32.30769230769231
H21.33.047,L6 IT,0.21864039716160422,99.18407960199005
H21.33.047,L6 IT Car3,0.28475095352628266,82.93491124260356
H21.33.047,L6b,0.31268865772283005,35.67123287671233
H21.33.047,Lamp5,0.20169063252691166,282.773851590106
H21.33.047,Lamp5 Lhx6,0.2918923918093048,97.49999999999999
H21.33.047,OPC,0.33729542664330214,177.32022471910113
H21.33.047,Oligodendrocyte,0.26795517863653995,407.5353293413174
H21.33.047,Pax6,0.3651051245481902,55.387387387387385
H21.33.047,Pvalb,0.1176108974163216,540.1988950276243
H21.33.047,Sncg,0.2139041251621746,281.6197183098592
H21.33.047,Sst,0.1547833317295697,555.3987398739874
H21.33.047,Sst Chodl,0.7044163632124407,8.842105263157896
H21.33.047,VLMC & Perivascular,1.2397749741413406,9.263157894736842
H21.33.047,Vip,0.11937936788378689,733.6032608695652
