n_donors,n_fits,coef_median,coef_lo,coef_hi,coef_rel_halfwidth,exponent_median,exponent_lo,exponent_hi
1,2000,3.770034846039534,2.060777041928809,11.550848116875345,1.0359688514331786,-0.47085048703790683,-0.7363260068450679,-0.31174328413617525
2,2000,4.0412581308532065,2.3667525369375504,10.158893813396563,0.8506169853341992,-0.4747667233988925,-0.7181322389279367,-0.3456126776433911
3,2000,4.037779387990538,2.637763049027966,9.545407437120584,0.7540622579458885,-0.472002879455114,-0.6898305076281259,-0.3691053804711306
4,2000,4.0881479472985935,2.7806925278727914,8.813173592564842,0.6585264146629829,-0.4751850083932551,-0.6688882332909794,-0.3788840891324562
5,2000,4.152658211713009,2.8471658602907968,8.535420119931581,0.620949430776855,-0.47722557704234636,-0.6538791451273176,-0.3840250339067964
6,2000,4.163360260476221,2.9133228413488266,8.17102311881596,0.5739486748425872,-0.47750956724912685,-0.6462759491046146,-0.3887896052201524
7,2000,4.2376683307382175,2.967767899871818,7.661075021722812,0.5123375736650658,-0.47993466167508986,-0.6286768997748401,-0.3944900257306664
8,2000,4.3222648109425,3.0369859055005515,7.6219114880848045,0.5005062714689062,-0.4852850452072691,-0.6205934681886058,-0.3993219292044744
9,2000,4.274475394428324,3.117094246284728,7.432949286729112,0.47113360415232214,-0.4824470454989863,-0.616951310730566,-0.4041019602788359
10,2000,4.30607314156954,3.0777346653781934,7.248451222423742,0.4552897873085907,-0.4829509302227557,-0.6098905555685069,-0.4045707886638083
11,2000,4.327903664635436,3.1767244133615686,7.1458456625869475,0.433282949019663,-0.48538436399548013,-0.611724577107194,-0.41078215501895166
12,2000,4.43360053518,3.196440887277714,6.912801603597366,0.4056907384983673,-0.48920987016724937,-0.595919293195267,-0.4118217101054504
13,2000,4.431510307047048,3.177065432613429,6.823503314882479,0.3980577210522084,-0.48953897392870394,-0.5937670560031758,-0.4119703518572372
14,2000,4.448691045806436,3.1940948652439087,6.731241527536141,0.3861271149759254,-0.49029962845296565,-0.5886697909441581,-0.41356119809245323
15,2000,4.489934964140968,3.2530492686365857,6.713430146075214,0.37774709744643575,-0.49178696532103794,-0.5887528134439284,-0.41574459778952566
16,2000,4.48187171599279,3.298387806852581,6.661623521342051,0.3671423967979429,-0.4912340495616928,-0.5871991997903163,-0.4195015813286245
17,2000,4.550562944820573,3.3103803903482714,6.596258327124353,0.35869775528848896,-0.49409059189993565,-0.586765130076303,-0.41863104147052305
18,2000,4.524815756546362,3.3079069327250967,6.473544378748156,0.34557188909450237,-0.49381508744360025,-0.5806805464032863,-0.4210419776725817
19,2000,4.493935989465335,3.2983929127724965,6.480202668057166,0.3473373140864187,-0.4921938325045947,-0.5808049246852048,-0.42022665930609
20,2000,4.52680943916181,3.350132140415061,6.365571521222541,0.32917575086961076,-0.49325215337562434,-0.5733939062505569,-0.42299808698573216
21,2000,4.5326513224508265,3.368194216819758,6.325240147003939,0.32280132063661277,-0.49452178179516026,-0.5742750047840781,-0.42553621317634166
22,2000,4.5418588257785775,3.3812425078219928,6.250608904651115,0.31322992072330397,-0.4942932311739613,-0.5729287545272227,-0.42752826157677265
23,2000,4.529667308380875,3.4072120072898597,6.339375300380985,0.3200850462519063,-0.4938100169043391,-0.5750058106390061,-0.426607090536454
24,2000,4.5455411729584085,3.440536251741048,6.157373830420887,0.29657934947882436,-0.4947131997444596,-0.5675003508710049,-0.4300682881099246
25,2000,4.54369941679105,3.4041891453827913,6.141508827618085,0.2988152464629151,-0.49446471195518504,-0.5664813102901808,-0.42668136795600303
26,2000,4.5362542413606235,3.4699582668145093,6.139150165771923,0.29137818294298024,-0.4939797011975152,-0.5661748695975082,-0.4325779656213349
