n,depth_mult,product,links,prox,promoter_OR,seeds
150,1.0,150,1328,11,0.6233297542357303,3
150,2.0,300,1176,9,0.6449612651050717,3
150,4.0,600,801,7,0.8396683727691261,3
150,8.0,1200,417,18,4.2638146964596055,3
300,4.0,1200,424,16,3.7593288096541655,3
400,1.0,400,817,5,0.6187420102604954,3
600,2.0,1200,421,14,3.2252960410598743,3
600,4.0,2400,431,36,8.805948860874837,3
900,1.0,900,481,7,1.5274639348567465,3
1200,1.0,1200,381,10,2.742862043231938,3
1200,2.0,2400,424,28,6.709378310769644,3
2400,1.0,2400,376,18,4.835152416091512,3
