donor,celltype,chip1,chip2,pearson_logCPM,n_genes,median_abs_log2FC,n1,n2,n_eff,pred,included_in_fit
ALS21,Astrocytes,Chip12,Chip8,0.8813106543666521,22981,0.72279329259896,139,18,31.872611464968156,0.8288360669874086,yes
ALS21,Exc_FEZF2,Chip12,Chip8,0.8593855297059354,20052,0.8093610178847309,43,8,13.490196078431374,1.2815312970581252,yes
ALS21,Exc_LINC00507,Chip12,Chip8,0.9299498112996268,22374,0.5788877553940845,103,40,57.62237762237761,0.6139289414061669,yes
ALS21,Exc_RORB,Chip12,Chip8,0.9295370035854292,25120,0.555308847969468,144,29,48.27745664739884,0.6715348267577115,yes
ALS21,Exc_THEMIS,Chip12,Chip8,0.8563675812946863,21509,0.8624365837675023,73,7,12.775,1.3174075333458422,yes
ALS21,Inh_LAMP5_PAX6,Chip12,Chip8,0.4613445048568548,12629,2.9274570381789697,19,4,6.608695652173913,1.8399493760797534,yes
ALS21,Inh_PVALB,Chip12,Chip8,0.8216901921142546,19162,1.2107711047382892,53,10,16.825396825396826,1.1457705544907038,yes
ALS21,Inh_SST,Chip12,Chip8,0.512853557368051,13808,2.7445431700273213,23,5,8.214285714285714,1.6479007605163956,yes
ALS21,Inh_TAFA1_VIP,Chip12,Chip8,0.7011002136059591,16921,1.0072507913082114,44,13,20.07017543859649,1.0478026254040786,yes
ALS21,Microglia,Chip12,Chip8,0.3979730003167012,11642,3.548930105683798,43,7,12.040000000000001,1.3575750497637025,yes
ALS21,OPC,Chip12,Chip8,0.7558867105289877,17929,1.3766803602685287,89,10,17.97979797979798,1.1078737148483044,yes
ALS21,Oligodendrocytes,Chip12,Chip8,0.8901023698330897,19953,0.7669051227187618,446,42,76.77049180327869,0.530837955592417,yes
ALS22,Astrocytes,Chip12,Chip8,0.9200682028741152,22944,0.5552012728213533,167,42,67.11961722488039,0.5682435826847593,yes
ALS22,Exc_FEZF2,Chip12,Chip8,0.9623987358107264,25494,0.3673463431104161,185,18,32.80788177339902,0.8167746045184952,yes
ALS22,Exc_LINC00507,Chip12,Chip8,0.9842983108449463,27468,0.231202124965003,397,93,150.69795918367348,0.37713475806258384,yes
ALS22,Exc_RORB,Chip12,Chip8,0.982040260474302,27880,0.2454035923599994,333,79,127.70388349514563,0.41014868859046755,yes
ALS22,Exc_THEMIS,Chip12,Chip8,0.9602536257529766,25027,0.4032136689131566,148,14,25.580246913580247,0.926574096899551,yes
ALS22,Inh_LAMP5_PAX6,Chip12,Chip8,0.897385832542356,20254,0.5609221037196538,52,16,24.470588235294116,0.9476378732823041,yes
ALS22,Inh_PVALB,Chip12,Chip8,0.9269809319785364,22635,0.5429816045079118,99,16,27.547826086956523,0.89241762134519,yes
ALS22,Inh_SST,Chip12,Chip8,0.8540074973826797,20271,0.948937665776064,85,15,25.5,0.9280508853166893,yes
ALS22,Inh_TAFA1_VIP,Chip12,Chip8,0.916226889623918,21925,0.5474689328385615,87,28,42.36521739130435,0.717505306253558,yes
ALS22,Microglia,Chip12,Chip8,0.1179681943127405,12316,4.059314075551511,11,7,8.555555555555555,1.6142492931980488,yes
ALS22,OPC,Chip12,Chip8,0.7827982073684815,18425,1.2653547864864767,100,9,16.51376146788991,1.1566793863415443,yes
ALS22,Oligodendrocytes,Chip12,Chip8,0.9388337489769027,22625,0.4858570080802146,753,53,99.02977667493798,0.4665711680606324,yes
ALS23,Astrocytes,Chip12,Chip8,0.8457638473286969,21008,0.8192616291382757,98,25,39.83739837398374,0.740231556955412,yes
ALS23,Exc_FEZF2,Chip12,Chip8,0.8900939179126695,22464,0.8282749818960192,39,12,18.352941176470587,1.0963990338225877,yes
ALS23,Exc_RORB,Chip12,Chip8,0.960864477326072,28092,0.3712211122343551,350,15,28.76712328767123,0.8730408956927636,yes
ALS23,Exc_THEMIS,Chip12,Chip8,0.9256912520066706,22491,0.5440972129683961,32,20,24.615384615384613,0.9448083625569554,yes
ALS23,Inh_LAMP5_PAX6,Chip12,Chip8,0.7566461663540293,18512,1.5783449808957968,31,4,7.085714285714286,1.776087451195038,yes
ALS23,Inh_PVALB,Chip12,Chip8,0.8452781589714703,21163,0.840647671773066,72,4,7.578947368421052,1.7165295457694865,yes
ALS23,Inh_SST,Chip12,Chip8,0.5355704477827382,15607,2.45149161226313,31,1,1.9375,3.4268689832170165,yes
ALS23,Inh_TAFA1_VIP,Chip12,Chip8,0.6048036672155825,18645,2.7193726491602948,53,1,1.962962962962963,3.4042654280565094,yes
ALS23,Microglia,Chip12,Chip8,0.3115213882985864,12120,3.796794941760295,17,6,8.869565217391305,1.5850252554882878,yes
ALS23,OPC,Chip12,Chip8,0.6393333976667329,16751,2.103647413829953,42,3,5.6000000000000005,2.001073487444328,yes
ALS23,Oligodendrocytes,Chip12,Chip8,0.9199339137323076,21795,0.6777234331225269,361,149,210.93725490196078,0.3180328456771601,yes
ALS24,Astrocytes,Chip12,Chip8,0.8239695779267491,20038,0.7929057178501774,63,23,33.69767441860465,0.8057710343512314,yes
ALS24,Exc_FEZF2,Chip12,Chip8,0.5519627276218871,15658,1.3262909914095835,4,6,4.800000000000001,2.1636926683086517,yes
ALS24,Exc_LINC00507,Chip12,Chip8,0.980502896469115,26979,0.2678856804287383,460,106,172.29681978798587,0.35238115034061546,yes
ALS24,Exc_RORB,Chip12,Chip8,0.9601319077097008,25828,0.4020637069181624,122,83,98.79024390243903,0.4671442225646344,yes
ALS24,Inh_LAMP5_PAX6,Chip12,Chip8,0.8056814392203838,18468,0.8088405983832201,45,10,16.363636363636363,1.162045921597341,yes
ALS24,Inh_PVALB,Chip12,Chip8,0.8995358246574263,20753,0.6219123111951317,53,22,31.093333333333334,0.8393006382037066,yes
ALS24,Inh_SST,Chip12,Chip8,0.7145150579127937,16909,0.9280737624692932,28,15,19.53488372093023,1.0622583904274017,yes
ALS24,Inh_TAFA1_VIP,Chip12,Chip8,0.872586415825849,21069,0.7439340019822944,88,25,38.93805309734513,0.7488485191632663,yes
ALS24,Microglia,Chip12,Chip8,0.0316804008927332,9733,4.9453181298973465,13,7,9.1,1.564552933373338,yes
ALS24,OPC,Chip12,Chip8,0.6824425499140199,16216,1.1128526104868983,42,11,17.433962264150942,1.1253210305071466,yes
ALS24,Oligodendrocytes,Chip12,Chip8,0.837281979422783,18870,0.7195936413709828,128,95,109.05829596412558,0.444307997040644,yes
ALS25,Astrocytes,Chip11,Chip9,0.838219395723786,19669,0.807791504212957,89,29,43.74576271186441,0.7059376225761428,yes
ALS25,Exc_FEZF2,Chip11,Chip9,0.9246208822333436,22706,0.5905311528401476,73,20,31.397849462365592,0.8351648635147882,yes
ALS25,Exc_LINC00507,Chip11,Chip9,0.9402065053393192,22691,0.5286966825315842,33,40,36.16438356164383,0.7774288674151435,yes
ALS25,Exc_RORB,Chip11,Chip9,0.9636339040102,24907,0.4170794691693315,106,38,55.94444444444445,0.6231939552951656,yes
ALS25,Exc_THEMIS,Chip11,Chip9,0.945719018107618,22715,0.429196463840208,73,15,24.886363636363637,0.9395798843857951,yes
ALS25,Inh_LAMP5_PAX6,Chip11,Chip9,0.7104688533126243,17103,0.9422551078941388,26,7,11.030303030303031,1.4192021230249312,yes
ALS25,Inh_PVALB,Chip11,Chip9,0.8389379221640653,19001,0.765861102036699,35,14,20.0,1.0496644807533622,yes
ALS25,Inh_SST,Chip11,Chip9,0.7866787522565177,17891,0.9424308741633204,45,13,20.172413793103445,1.045107581886419,yes
ALS25,Inh_TAFA1_VIP,Chip11,Chip9,0.7004527636962664,16756,1.1287940263606735,12,20,15.0,1.214441882266384,yes
ALS25,Microglia,Chip11,Chip9,0.2900081760912184,10019,2.069080276867735,21,6,9.333333333333334,1.544604015221805,yes
ALS25,OPC,Chip11,Chip9,0.8072282978710092,17810,0.8658915432406853,110,27,43.35766423357664,0.709133378636715,yes
ALS25,Oligodendrocytes,Chip11,Chip9,0.9465954533829049,21082,0.4749263497349898,798,148,249.69133192389006,0.29197422610038,yes
ALS26,Astrocytes,Chip11,Chip9,0.5424582272832582,20010,2.348205195513009,100,3,5.825242718446602,1.9614741252409473,no (donor fails the 50-nucleus pair criterion)
ALS26,Exc_FEZF2,Chip11,Chip9,0.5058550275722694,13603,1.3816374162143474,21,6,9.333333333333334,1.544604015221805,no (donor fails the 50-nucleus pair criterion)
ALS26,Exc_LINC00507,Chip11,Chip9,0.5348981879906235,13091,2.280611198209701,16,3,5.052631578947369,2.1081649962449283,no (donor fails the 50-nucleus pair criterion)
ALS26,Exc_RORB,Chip11,Chip9,0.6878803944292569,17733,1.2651121189661092,62,8,14.171428571428573,1.2499274220280092,no (donor fails the 50-nucleus pair criterion)
ALS26,Exc_THEMIS,Chip11,Chip9,0.5820889180418782,13025,1.2157979856403582,22,4,6.769230769230769,1.8177016534267103,no (donor fails the 50-nucleus pair criterion)
ALS26,Inh_PVALB,Chip11,Chip9,-0.0710302787421801,7633,5.215062942781912,5,2,2.857142857142857,2.814462402097201,no (donor fails the 50-nucleus pair criterion)
ALS26,Inh_SST,Chip11,Chip9,-0.4203709177448478,3230,7.138320161878977,3,1,1.5,3.901530704688516,no (donor fails the 50-nucleus pair criterion)
ALS26,OPC,Chip11,Chip9,0.3074351691132755,12046,4.343658495667819,32,1,1.9393939393939394,3.4251723470779676,no (donor fails the 50-nucleus pair criterion)
ALS26,Oligodendrocytes,Chip11,Chip9,0.3585533706577735,11752,3.6886756405382783,43,9,14.884615384615387,1.2192045015960413,no (donor fails the 50-nucleus pair criterion)
ALS27,Astrocytes,Chip11,Chip9,0.7945831838917428,19878,0.8620179779953022,77,25,37.74509803921569,0.7607526847469084,yes
ALS27,Exc_FEZF2,Chip11,Chip9,0.8829789723101436,20613,0.7611459396893189,34,15,20.816326530612248,1.0285947346087791,yes
ALS27,Exc_LINC00507,Chip11,Chip9,0.9451517112491798,24025,0.4797483563042185,119,46,66.35151515151516,0.5715683012787423,yes
ALS27,Exc_RORB,Chip11,Chip9,0.9691808452044552,24978,0.3678578195140821,153,49,74.22772277227723,0.5399783968327152,yes
ALS27,Exc_THEMIS,Chip11,Chip9,0.9150747336575644,21164,0.628621182422639,40,14,20.740740740740744,1.0304930004317376,yes
ALS27,Inh_LAMP5_PAX6,Chip11,Chip9,0.713267472097433,15896,0.9807922923688734,23,9,12.9375,1.3089943356818052,yes
ALS27,Inh_PVALB,Chip11,Chip9,0.9114317209599988,20332,0.5865616212755831,69,24,35.61290322580645,0.7835077136657759,yes
ALS27,Inh_SST,Chip11,Chip9,0.7374988081289052,16930,0.9385647041719246,20,16,17.77777777777778,1.1142370151658745,yes
ALS27,Inh_TAFA1_VIP,Chip11,Chip9,0.739252273636087,17291,0.892983454283151,42,12,18.666666666666668,1.0870201878298684,yes
ALS27,Microglia,Chip11,Chip9,0.4195978224910032,11685,3.29231857594972,35,6,10.24390243902439,1.4734166030831781,yes
ALS27,OPC,Chip11,Chip9,0.5393846314530101,14471,1.4789617104070074,21,5,8.076923076923077,1.662046661395339,yes
ALS27,Oligodendrocytes,Chip11,Chip9,0.9399879528199576,21828,0.5078411203833803,320,292,305.359477124183,0.2636580757241137,yes
ALS28,Astrocytes,Chip11,Chip9,0.7330584221680886,19019,1.2506772711138918,72,15,24.827586206896555,0.9407066746026062,yes
ALS28,Exc_FEZF2,Chip11,Chip9,0.8762310295536488,20308,0.7769762547706369,79,10,17.752808988764045,1.1150310581371994,yes
ALS28,Exc_LINC00507,Chip11,Chip9,0.977490573210843,26353,0.2991614134187435,633,77,137.29859154929576,0.3953616704112248,yes
ALS28,Exc_RORB,Chip11,Chip9,0.9834141683628544,28406,0.2287996348216063,751,147,245.87305122494433,0.29426369430498944,yes
ALS28,Exc_THEMIS,Chip11,Chip9,0.9266393001326184,21643,0.5604930500014138,117,11,20.109375,1.0467668691420342,yes
ALS28,Inh_LAMP5_PAX6,Chip11,Chip9,0.7403011204621367,15957,0.9556298546864376,41,11,17.346153846153847,1.1282047625331597,yes
ALS28,Inh_PVALB,Chip11,Chip9,0.8966617242755641,19702,0.7468814406527812,112,24,39.529411764705884,0.7431492105581173,yes
ALS28,Inh_SST,Chip11,Chip9,0.5850893792004199,15377,1.3338585720128489,33,10,15.348837209302324,1.2003728143106707,yes
ALS28,Inh_TAFA1_VIP,Chip11,Chip9,0.7430455272775618,16945,0.9662073036624528,61,16,25.35064935064935,0.9308181256813062,yes
ALS28,Microglia,Chip11,Chip9,0.1605777609265635,12656,3.817533297731936,15,4,6.315789473684211,1.8827166108482052,yes
ALS28,OPC,Chip11,Chip9,0.7924823997644453,17717,0.8319361485675867,68,27,38.652631578947364,0.7516462093157835,yes
ALS28,Oligodendrocytes,Chip11,Chip9,0.7614864777348584,18450,1.0444864110812164,179,45,71.91964285714285,0.5486934538641128,yes
HC1,Astrocytes,Chip10,Chip3,0.8303712505575711,20018,0.7203249116024515,122,99,109.30316742081448,0.44380320069030166,yes
HC1,Exc_LINC00507,Chip10,Chip3,0.976779624004498,26061,0.2851276291083384,316,267,289.44082332761576,0.27091082180990966,yes
HC1,Exc_RORB,Chip10,Chip3,0.9405174366050766,24026,0.5325955292266441,104,45,62.81879194630873,0.5876405126918137,yes
HC1,Inh_LAMP5_PAX6,Chip10,Chip3,0.8109233247412987,18100,0.6657823337078204,39,34,36.32876712328767,0.7756438588135346,yes
HC1,Inh_PVALB,Chip10,Chip3,0.905345310645024,20819,0.5401211460630988,55,46,50.099009900990104,0.6590461790405358,yes
HC1,Inh_SST,Chip10,Chip3,0.8130528242051108,18589,0.7149717796116957,59,47,52.320754716981135,0.6447096554664608,yes
HC1,Inh_TAFA1_VIP,Chip10,Chip3,0.8887471376011382,20801,0.5468883194092486,82,79,80.472049689441,0.5183180588634462,yes
HC1,Microglia,Chip10,Chip3,0.4083847645422305,13364,1.4362319328695392,59,24,34.12048192771084,0.8006945986520067,yes
HC1,OPC,Chip10,Chip3,0.7259109993036605,17373,0.8638688552838878,78,33,46.37837837837838,0.6853343253423176,yes
HC1,Oligodendrocytes,Chip10,Chip3,0.925552622455304,22003,0.5488805664368435,1264,162,287.1921458625526,0.2719839003507176,yes
HC10,Astrocytes,Chip11,Chip5,0.92906439798961,22813,0.4844228447546696,139,91,109.99130434782609,0.4423937008755083,yes
HC10,Exc_FEZF2,Chip11,Chip5,0.9198646095079198,22547,0.5589064670515417,27,41,32.55882352941177,0.8199354567734316,yes
HC10,Exc_LINC00507,Chip11,Chip5,0.9896028071270796,28323,0.1987996906335328,718,178,285.2767857142857,0.27290795275290636,yes
HC10,Exc_RORB,Chip11,Chip5,0.9789385320336692,28523,0.214717845853779,254,455,326.00846262341327,0.2550571176710399,yes
HC10,Exc_THEMIS,Chip11,Chip5,0.8603674863602923,20603,0.8504499949416425,7,29,11.277777777777777,1.4033310048824081,yes
HC10,Inh_LAMP5_PAX6,Chip11,Chip5,0.9208456893345496,20989,0.5128787502011283,80,37,50.5982905982906,0.6557419364944868,yes
HC10,Inh_PVALB,Chip11,Chip5,0.9663517488434404,23584,0.3805899531314321,160,67,94.44933920704845,0.4779058970548975,yes
HC10,Inh_SST,Chip11,Chip5,0.9194979540570234,21401,0.5401290572650386,141,45,68.2258064516129,0.5635549230459928,yes
HC10,Inh_TAFA1_VIP,Chip11,Chip5,0.9498398627445528,23531,0.4494611795913727,201,59,91.22307692307692,0.4863993809167089,yes
HC10,Microglia,Chip11,Chip5,0.6240435011256459,14832,1.092209876869137,74,23,35.09278350515464,0.789372294084307,yes
HC10,OPC,Chip11,Chip5,0.8490667882051747,19033,0.6544820416502286,95,50,65.51724137931033,0.5752457833141014,yes
HC10,Oligodendrocytes,Chip11,Chip5,0.9717770455633876,22583,0.3858867608040303,857,404,549.1324345757336,0.1958214617507607,yes
HC11,Astrocytes,Chip11,Chip5,0.91329954900438,21423,0.5395167990279669,168,79,107.46558704453443,0.4476335154767432,yes
HC11,Exc_LINC00507,Chip11,Chip5,0.990510165200185,28216,0.1863648720238618,666,258,371.9220779220779,0.23857968011311012,yes
HC11,Exc_RORB,Chip11,Chip5,0.9503691412942148,27148,0.3803635379715712,240,148,183.09278350515464,0.34169188806105993,yes
HC11,Inh_LAMP5_PAX6,Chip11,Chip5,0.8804349602541924,19531,0.6115641150927165,64,29,39.913978494623656,0.7395113608271928,yes
HC11,Inh_PVALB,Chip11,Chip5,0.9272686716697502,21648,0.5006349613209031,99,43,59.95774647887323,0.6016898835623643,yes
HC11,Inh_SST,Chip11,Chip5,0.8642057830669856,19863,0.6737110778778975,96,27,42.146341463414636,0.7193915367244789,yes
HC11,Inh_TAFA1_VIP,Chip11,Chip5,0.9307057185552317,22392,0.4876558606169141,166,62,90.28070175438597,0.48896619873255975,yes
HC11,Microglia,Chip11,Chip5,0.209952945348157,10996,2.204403793803231,20,8,11.428571428571429,1.393915193796652,yes
HC11,OPC,Chip11,Chip5,0.7789935490781171,18059,0.7986537220073142,82,31,44.99115044247788,0.6959646242884023,yes
HC11,Oligodendrocytes,Chip11,Chip5,0.9011935913576936,19910,0.6352874019527323,462,118,187.98620689655172,0.3371543206639756,yes
HC12,Astrocytes,Chip11,Chip5,0.8769646475544027,21933,0.6352543812837667,92,53,67.2551724137931,0.5676627814273129,yes
HC12,Exc_FEZF2,Chip11,Chip5,0.476013453511949,15022,1.6429537033454282,5,1,1.6666666666666667,3.698643435663843,yes
HC12,Exc_LINC00507,Chip11,Chip5,0.9892382617895724,28257,0.2101159985754861,886,281,426.6769494430163,0.22253624872833003,yes
HC12,Exc_RORB,Chip11,Chip5,0.9671758511332896,26763,0.3410433164874581,192,105,135.75757575757575,0.3976300395451021,yes
HC12,Inh_LAMP5_PAX6,Chip11,Chip5,0.8838960716615213,19954,0.7375180172092064,75,25,37.5,0.7632688573438396,yes
HC12,Inh_PVALB,Chip11,Chip5,0.9361937497014996,22157,0.5565678469651092,131,34,53.98787878787879,0.6345408951053317,yes
HC12,Inh_SST,Chip11,Chip5,0.860685445937881,18955,0.7828426689828928,109,27,43.279411764705884,0.7097829661944377,yes
HC12,Inh_TAFA1_VIP,Chip11,Chip5,0.9487859512167636,23555,0.452131038263367,197,70,103.29588014981273,0.4567027984544695,yes
HC12,Microglia,Chip11,Chip5,0.4596569028365385,13726,1.3051852804956996,37,23,28.366666666666667,0.8792662563928676,yes
HC12,OPC,Chip11,Chip5,0.7523177782454638,18038,0.8390438475624448,60,34,43.40425531914893,0.7087474562273167,yes
HC12,Oligodendrocytes,Chip11,Chip5,0.8660592402459344,18600,0.8069983202271777,212,70,105.2482269503546,0.4523889711638837,yes
HC15,Astrocytes,Chip12,Chip5,0.2642932776307236,12816,2.288287987796264,30,8,12.631578947368421,1.3249680460404247,yes
HC15,Exc_FEZF2,Chip12,Chip5,0.6128009081512262,14580,1.349453270862485,28,10,14.736842105263156,1.2253858727149842,yes
HC15,Exc_LINC00507,Chip12,Chip5,0.4253699355385352,14028,3.661404695556264,1,10,1.8181818181818181,3.539068919325359,yes
HC15,Exc_RORB,Chip12,Chip5,0.0799100822087464,9839,4.29017257918009,4,6,4.800000000000001,2.1636926683086517,yes
HC15,Exc_THEMIS,Chip12,Chip5,0.4216661204863351,12121,3.2154110301715875,6,8,6.857142857142858,1.8058523159100786,yes
HC15,Inh_LAMP5_PAX6,Chip12,Chip5,0.182825709006928,9245,4.358785057741807,11,5,6.875,1.8034733595816586,yes
HC15,Inh_PVALB,Chip12,Chip5,-0.4258475697136978,4448,6.752411043330334,5,1,1.6666666666666667,3.698643435663843,yes
HC15,Inh_SST,Chip12,Chip5,0.3539874995962766,11738,2.391986646960503,9,5,6.428571428571429,1.865901962446154,yes
HC15,Inh_TAFA1_VIP,Chip12,Chip5,-0.0551267368610373,7915,5.306654367290711,4,5,4.444444444444445,2.2497625394754444,yes
HC15,Microglia,Chip12,Chip5,-0.0255456001556004,6965,5.333553829746862,16,1,1.8823529411764706,3.4773934784568756,yes
HC15,OPC,Chip12,Chip5,-0.1175631810229348,7533,5.6097215067105495,7,4,5.090909090909091,2.100115903428657,yes
HC15,Oligodendrocytes,Chip12,Chip5,0.2664311407517945,8899,4.276646831620333,27,4,6.967741935483871,1.7912662496748986,yes
HC18,Astrocytes,Chip12,Chip6,0.889555336392981,20971,0.6392739597997322,113,39,57.98684210526316,0.6119700738897297,yes
HC18,Exc_FEZF2,Chip12,Chip6,0.9464084558676816,24147,0.430567853498188,159,24,41.704918032786885,0.723240918869979,yes
HC18,Exc_LINC00507,Chip12,Chip6,0.6042416529185475,15261,2.204837362066056,2,34,3.7777777777777777,2.442931468762801,yes
HC18,Exc_RORB,Chip12,Chip6,0.9522778411042896,25128,0.4110925381144836,39,549,72.8265306122449,0.5452195323364296,yes
HC18,Exc_THEMIS,Chip12,Chip6,0.974254809241876,25309,0.2931585739686907,195,37,62.19827586206896,0.5906047204029109,yes
HC18,Inh_LAMP5_PAX6,Chip12,Chip6,0.6060799151405831,14879,2.142324936147792,40,4,7.2727272727272725,1.752790136711424,yes
HC18,Inh_PVALB,Chip12,Chip6,0.7509787710498711,17408,0.822374601110218,29,15,19.772727272727273,1.0557625480732207,yes
HC18,Inh_SST,Chip12,Chip6,0.7870612433674344,18022,0.9477817703796152,46,7,12.150943396226417,1.3512782055433838,yes
HC18,Inh_TAFA1_VIP,Chip12,Chip6,0.4720253663822302,14359,1.469919206589943,19,7,10.230769230769232,1.4743749820202048,yes
HC18,Microglia,Chip12,Chip6,0.3570506298288856,11095,1.544090164427546,24,9,13.090909090909092,1.3011966441603822,yes
HC18,OPC,Chip12,Chip6,0.848976646899357,18853,0.6654762045892846,74,41,52.76521739130435,0.6419513448735639,yes
HC18,Oligodendrocytes,Chip12,Chip6,0.969792966125286,23816,0.335804724942177,975,121,215.28284671532847,0.31476263216909606,yes
HC2,Astrocytes,Chip10,Chip3,0.9298942618946467,22925,0.5337317326095692,200,155,174.64788732394365,0.34996874734951466,yes
HC2,Exc_FEZF2,Chip10,Chip3,0.644024156127894,19478,2.194976048848233,40,1,1.9512195121951221,3.4146348973608402,yes
HC2,Exc_LINC00507,Chip10,Chip3,0.9898207408790776,27898,0.1691925763178613,540,647,588.6773378264533,0.1890397157633946,yes
HC2,Exc_RORB,Chip10,Chip3,0.9735858299245944,26592,0.3157544715566382,280,98,145.1851851851852,0.3843262924429705,yes
HC2,Inh_LAMP5_PAX6,Chip10,Chip3,0.9096672244763256,20180,0.5421666217211356,87,85,85.98837209302326,0.5011889950772177,yes
HC2,Inh_PVALB,Chip10,Chip3,0.9522589442513486,21960,0.4353464774437366,124,87,102.25592417061611,0.4590511427467196,yes
HC2,Inh_SST,Chip10,Chip3,0.8701288560342454,19429,0.6300890543477531,89,66,75.79354838709678,0.5342950563878018,yes
HC2,Inh_TAFA1_VIP,Chip10,Chip3,0.95752921841732,23428,0.4037019276589561,196,189,192.43636363636367,0.3331796464602329,yes
HC2,Microglia,Chip10,Chip3,0.7090382144533384,16040,0.8456586442799302,68,125,88.08290155440415,0.4951125120933575,yes
HC2,OPC,Chip10,Chip3,0.8538361328252783,18930,0.665856630212993,78,90,83.57142857142858,0.5084841213397585,yes
HC2,Oligodendrocytes,Chip10,Chip3,0.9516588534054872,20756,0.4311638593747531,531,321,400.11971830985914,0.22990413691954184,yes
HC21,Astrocytes,Chip11,Chip7,0.5850215957482261,16965,1.483521486429333,44,19,26.539682539682538,0.9094419609977845,yes
HC21,Exc_FEZF2,Chip11,Chip7,0.9347866634518032,22867,0.5555276528970282,124,23,38.802721088435376,0.7501711720609401,yes
HC21,Exc_LINC00507,Chip11,Chip7,0.9852167546989052,26526,0.2307141671888425,210,337,258.75685557586837,0.28674383711973095,yes
HC21,Exc_RORB,Chip11,Chip7,0.985086062304517,26787,0.2464580179924393,271,120,166.34271099744245,0.35871881985066545,yes
HC21,Exc_THEMIS,Chip11,Chip7,0.9558173180669122,23366,0.4176826983172328,114,26,42.34285714285714,0.717697328524549,yes
HC21,Inh_LAMP5_PAX6,Chip11,Chip7,0.9104247539910404,20131,0.5952766701254051,57,30,39.310344827586206,0.7452454314568733,yes
HC21,Inh_PVALB,Chip11,Chip7,0.9592296144398144,22659,0.4276568751496841,106,50,67.94871794871794,0.5647185774809584,yes
HC21,Inh_SST,Chip11,Chip7,0.8595789955275461,18901,0.6662262209296973,64,30,40.851063829787236,0.7308639724672744,yes
HC21,Inh_TAFA1_VIP,Chip11,Chip7,0.9095544394577992,20542,0.5387600753641706,66,62,63.9375,0.5824063714369225,yes
HC21,Microglia,Chip11,Chip7,0.5374346313996017,14006,1.0675840250573934,46,40,42.7906976744186,0.7138802854537518,yes
HC21,OPC,Chip11,Chip7,0.7691542009197242,17354,0.7982378679575279,72,37,48.88073394495413,0.6673211411682607,yes
HC21,Oligodendrocytes,Chip11,Chip7,0.7651107962609306,17787,1.173226432141684,88,32,46.93333333333333,0.6812148944904113,yes
HC23,Astrocytes,Chip12,Chip7,0.6545929203181937,17158,1.187194863044761,45,17,24.677419354838708,0.9436037844892715,yes
HC23,Exc_FEZF2,Chip12,Chip7,0.92426760157837,22222,0.585187823860491,75,33,45.83333333333333,0.689453139440257,yes
HC23,Exc_LINC00507,Chip12,Chip7,0.9780109984417908,26300,0.273795219290698,335,130,187.31182795698925,0.3377690289479362,yes
HC23,Exc_RORB,Chip12,Chip7,0.981684753335154,26723,0.2492606472708996,269,95,140.4120879120879,0.39089360591972083,yes
HC23,Exc_THEMIS,Chip12,Chip7,0.9613659827704202,23349,0.420512715832843,92,36,51.75,0.6483039502467681,yes
HC23,Inh_LAMP5_PAX6,Chip12,Chip7,0.9362603077032996,21473,0.520958495138663,87,41,55.734375,0.6243834061289507,yes
HC23,Inh_PVALB,Chip12,Chip7,0.9585607411167584,23285,0.4126841515568934,132,32,51.51219512195122,0.6498191937339968,yes
HC23,Inh_SST,Chip12,Chip7,0.8574334753132936,19478,0.7234964436670125,63,28,38.769230769230774,0.7504995595149198,yes
HC23,Inh_TAFA1_VIP,Chip12,Chip7,0.9070220554089756,21394,0.6865258491589872,98,33,49.37404580152672,0.6639333376289281,yes
HC23,Microglia,Chip12,Chip7,0.2598385092289118,10733,4.090965418651,19,6,9.120000000000001,1.562812942372184,yes
HC23,OPC,Chip12,Chip7,0.8786827854218142,18991,0.7606759970958362,121,50,70.76023391812865,0.5532320318938607,yes
HC23,Oligodendrocytes,Chip12,Chip7,0.949536006664659,21569,0.4966129750478255,361,153,214.9143968871595,0.31503603254405693,yes
HC24,Astrocytes,Chip12,Chip7,0.805235671087635,20558,1.144673012532186,134,18,31.73684210526316,0.8306313622482119,yes
HC24,Exc_FEZF2,Chip12,Chip7,0.9530319746142888,23540,0.4628600039547924,94,32,47.74603174603175,0.6753129209149261,yes
HC24,Exc_LINC00507,Chip12,Chip7,0.9910221115840208,29010,0.18750666484294,1110,203,343.2292460015232,0.2484885725761801,yes
HC24,Exc_RORB,Chip12,Chip7,0.986901713774762,28090,0.2275299514037803,455,102,166.64272890484742,0.3583913325613819,yes
HC24,Exc_THEMIS,Chip12,Chip7,0.95678940885547,23084,0.4646225251564972,83,22,34.780952380952385,0.7929515237042942,yes
HC24,Inh_LAMP5_PAX6,Chip12,Chip7,0.9348682481609424,23062,0.475248000287766,172,20,35.833333333333336,0.7810610527074895,yes
HC24,Inh_PVALB,Chip12,Chip7,0.9741297563835434,25292,0.3152524541987696,273,63,102.375,0.4587804342186587,yes
HC24,Inh_SST,Chip12,Chip7,0.9132860844998274,21390,0.6839973602260021,155,25,43.05555555555555,0.7116510501918063,yes
HC24,Inh_TAFA1_VIP,Chip12,Chip7,0.961923324805005,24567,0.3741029395235378,307,59,98.97814207650272,0.46669452117201815,yes
HC24,Microglia,Chip12,Chip7,0.6346775359748871,15084,1.051781571165515,76,27,39.84466019417476,0.7401631738161947,yes
HC24,OPC,Chip12,Chip7,0.9287821355447812,21478,0.6210792272343522,284,53,89.32937685459942,0.49159867258487344,yes
HC24,Oligodendrocytes,Chip12,Chip7,0.9710794242387112,24164,0.2913583025751216,1181,348,537.5905820797907,0.19794123749921805,yes
HC25,Astrocytes,Chip12,Chip8,0.7637109491473606,18784,1.0561808873745857,72,15,24.827586206896555,0.9407066746026062,yes
HC25,Exc_FEZF2,Chip12,Chip8,0.7146258845402824,17677,1.0840926397137145,15,5,7.5,1.725664186004771,yes
HC25,Exc_LINC00507,Chip12,Chip8,0.97098208021473,26757,0.3234364206227272,333,61,103.11167512690356,0.4571161529650465,yes
HC25,Exc_RORB,Chip12,Chip8,0.9669955621439522,26113,0.3551123787391216,140,51,74.76439790575917,0.5380102825022958,yes
HC25,Exc_THEMIS,Chip12,Chip8,0.7944485888145312,17590,0.7840800841558506,11,7,8.555555555555555,1.6142492931980488,yes
HC25,Inh_LAMP5_PAX6,Chip12,Chip8,0.8857094449330543,20735,0.7833039264525068,67,18,28.376470588235296,0.8791122689115896,yes
HC25,Inh_PVALB,Chip12,Chip8,0.93807759585681,21941,0.5112301245099573,77,22,34.22222222222222,0.7994871825921647,yes
HC25,Inh_SST,Chip12,Chip8,0.6078551453479161,15542,1.19360706419953,21,7,10.5,1.4550907477849242,yes
HC25,Inh_TAFA1_VIP,Chip12,Chip8,0.9076234738853064,22741,0.5898605494887708,137,24,40.84472049689441,0.7309215016303342,yes
HC25,Microglia,Chip12,Chip8,0.3201200908049488,12522,2.5799770990003204,27,7,11.11764705882353,1.4135397963476946,yes
HC25,OPC,Chip12,Chip8,0.8500760460973202,18220,0.7658542227306645,78,23,35.52475247524753,0.7844925392341527,yes
HC25,Oligodendrocytes,Chip12,Chip8,0.8418481939958208,18536,0.8182370424957605,135,33,53.03571428571429,0.6402897324275936,yes
HC26,Astrocytes,Chip12,Chip8,0.7366893954281808,18356,0.893775606373025,47,12,19.11864406779661,1.0739181740689512,yes
HC26,Exc_FEZF2,Chip12,Chip8,0.8744522263708503,21487,0.801470195889169,72,6,11.076923076923077,1.4161714730805528,yes
HC26,Exc_LINC00507,Chip12,Chip8,0.9657842220110464,26611,0.3841886041094109,263,106,151.10027100271003,0.3766254669858732,yes
HC26,Exc_RORB,Chip12,Chip8,0.9836373140863476,27630,0.2530759103976401,419,105,167.91984732824426,0.3570071608935051,yes
HC26,Exc_THEMIS,Chip12,Chip8,0.9449489102267068,23669,0.4652278610918716,135,12,22.040816326530614,0.999222621610754,yes
HC26,Inh_LAMP5_PAX6,Chip12,Chip8,0.7776724151665749,17514,0.9435556406999632,47,9,15.107142857142858,1.2100686185351786,yes
HC26,Inh_PVALB,Chip12,Chip8,0.930016345018934,21583,0.575054950036956,75,24,36.36363636363637,0.7752667846162173,yes
HC26,Inh_SST,Chip12,Chip8,0.7512025390546487,17370,0.8837049902691024,32,14,19.47826086956522,1.063822428535785,yes
HC26,Inh_TAFA1_VIP,Chip12,Chip8,0.8123895614146236,18405,0.9884204108652423,62,15,24.155844155844157,0.9538763102962989,yes
HC26,Microglia,Chip12,Chip8,0.0557476208848556,8530,5.118876141842058,12,5,7.0588235294117645,1.7795136632186226,yes
HC26,OPC,Chip12,Chip8,0.7962604958716147,17360,0.7248590622097986,51,16,24.35820895522388,0.9498513587016723,yes
HC26,Oligodendrocytes,Chip12,Chip8,0.9275568378090068,20782,0.5746172111948474,459,68,118.4516129032258,0.4260856455265074,yes
HC27,Astrocytes,Chip12,Chip8,0.7090404298317053,18428,1.1941214643082607,20,25,22.22222222222222,0.9950798635834063,yes
HC27,Exc_FEZF2,Chip12,Chip8,0.6917208688333399,16399,1.6475181228993272,6,12,8.0,1.6701277609968357,yes
HC27,Exc_LINC00507,Chip12,Chip8,0.7440132457980461,22961,1.1858255371785915,13,55,21.02941176470588,1.0232987552851613,yes
HC27,Exc_RORB,Chip12,Chip8,0.7925866500887572,21530,0.9224882819172218,24,26,24.96,0.9381738877332999,yes
HC27,Exc_THEMIS,Chip12,Chip8,0.5590602824370122,17697,2.5400284529099544,4,9,5.538461538461538,2.0123123453022362,yes
HC27,Inh_LAMP5_PAX6,Chip12,Chip8,0.5744529894956456,16927,2.5801250040800623,7,17,9.916666666666666,1.4978630879441415,yes
HC27,Inh_PVALB,Chip12,Chip8,0.6840563664785243,17419,1.895147858692095,10,13,11.304347826086955,1.4016581994702044,yes
HC27,Inh_TAFA1_VIP,Chip12,Chip8,0.4963640024030231,15369,2.921124636974201,6,11,7.764705882352941,1.6955909939056792,yes
HC27,Microglia,Chip12,Chip8,0.1786775725198504,8614,5.451862759067198,1,9,1.7999999999999998,3.557143273573974,yes
HC27,OPC,Chip12,Chip8,0.6166019461187382,14797,1.6649862287648118,13,23,16.61111111111111,1.1532385486701535,yes
HC27,Oligodendrocytes,Chip12,Chip8,0.8446438228079611,18242,0.81109400106615,102,65,79.40119760479041,0.5218494706771305,yes
HC28,Astrocytes,Chip11,Chip9,0.7015864894587084,18608,1.229484021030719,52,15,23.28358208955224,0.9718244436585827,yes
HC28,Exc_FEZF2,Chip11,Chip9,0.8762503647571702,20114,0.703299145114986,42,10,16.153846153846153,1.16967083876998,yes
HC28,Exc_LINC00507,Chip11,Chip9,0.9690670168457354,24619,0.3130462177578388,243,46,77.35640138408304,0.5287962352791487,yes
HC28,Exc_RORB,Chip11,Chip9,0.984918546600548,26855,0.2365332431764483,401,101,161.3585657370518,0.36429284993238814,yes
HC28,Exc_THEMIS,Chip11,Chip9,0.9019481691522712,20840,0.6491958969019839,68,6,11.027027027027028,1.4194158133634434,yes
HC28,Inh_LAMP5_PAX6,Chip11,Chip9,0.7322530418903164,16704,1.0570593747551928,22,5,8.148148148148147,1.6546668905730826,yes
HC28,Inh_PVALB,Chip11,Chip9,0.8999683929738824,21083,0.6584644719136078,67,20,30.804597701149422,0.8432788576795838,yes
HC28,Inh_SST,Chip11,Chip9,0.7714509936679528,17805,0.7782345658356746,45,12,18.94736842105263,1.0788277019492922,yes
HC28,Inh_TAFA1_VIP,Chip11,Chip9,0.5652787804586592,15603,1.524477262923151,18,3,5.142857142857143,2.08933685557781,yes
HC28,Microglia,Chip11,Chip9,0.0997470258782545,11267,4.456977176390721,17,10,12.592592592592593,1.3270456286048398,yes
HC28,OPC,Chip11,Chip9,0.7283279728105735,17125,0.9098539204368872,53,14,22.149253731343286,0.9967400941914926,yes
HC28,Oligodendrocytes,Chip11,Chip9,0.8875676600279445,20253,0.8044665636238263,260,63,101.42414860681114,0.4609554494916731,yes
HC3,Astrocytes,Chip10,Chip3,0.9653523492017224,24715,0.3588906440980953,324,439,372.8335517693316,0.2382838711946,yes
HC3,Exc_FEZF2,Chip10,Chip3,0.9687038201498366,25027,0.3665177306985591,105,139,119.63114754098359,0.42395107929010234,yes
HC3,Exc_LINC00507,Chip10,Chip3,0.9919599819955992,28545,0.147282502545892,588,564,575.75,0.19117930477988485,yes
HC3,Exc_RORB,Chip10,Chip3,0.992290380488033,28843,0.1693647309513749,363,598,451.76690946930285,0.21618370468143625,yes
HC3,Exc_THEMIS,Chip10,Chip3,0.975213727119697,24644,0.3291740628251495,111,92,100.61083743842366,0.46284037611830225,yes
HC3,Inh_LAMP5_PAX6,Chip10,Chip3,0.9403407879448424,22006,0.452448174271558,102,99,100.4776119402985,0.46315132852849555,yes
HC3,Inh_PVALB,Chip10,Chip3,0.9692661510469338,24025,0.3755127673039857,124,175,145.1505016722408,0.3843728366467306,yes
HC3,Inh_SST,Chip10,Chip3,0.9251212301836432,21055,0.4844558654236353,117,139,127.05468749999999,0.4112095701763882,yes
HC3,Inh_TAFA1_VIP,Chip10,Chip3,0.956074285333622,23436,0.3942908650210923,213,174,191.53488372093022,0.33397355426980235,yes
HC3,Microglia,Chip10,Chip3,0.7826927694023889,16852,0.7292736848747959,92,167,118.64092664092665,0.4257408973044051,yes
HC3,OPC,Chip10,Chip3,0.9118330755739678,20912,0.496479516510756,133,190,156.47058823529414,0.3700172100438999,yes
HC3,Oligodendrocytes,Chip10,Chip3,0.9896601033731066,24931,0.2281702643107739,1730,1849,1787.521654093322,0.10766084801759977,yes
HC30,Astrocytes,Chip11,Chip9,0.5255352251165641,15957,1.2307226400822329,28,13,17.756097560975608,1.1149263806677154,yes
HC30,Exc_FEZF2,Chip11,Chip9,0.743644066233766,17195,0.9429786389063184,14,5,7.368421052631578,1.7412150762078356,yes
HC30,Exc_LINC00507,Chip11,Chip9,0.9838278242990596,26373,0.2711533507951317,319,118,172.27459954233407,0.35240418665628487,yes
HC30,Exc_RORB,Chip11,Chip9,0.9674761848636768,25551,0.3223594652630243,136,53,76.27513227513228,0.5325825413179196,yes
HC30,Exc_THEMIS,Chip11,Chip9,0.6258636890243239,16196,1.4646283323187992,10,1,1.8181818181818181,3.539068919325359,yes
HC30,Inh_LAMP5_PAX6,Chip11,Chip9,0.8468498421031616,18047,0.6890792755763473,38,11,17.06122448979592,1.1377157194174852,yes
HC30,Inh_PVALB,Chip11,Chip9,0.8980463670572254,21039,0.6487956932734261,78,16,26.553191489361705,0.9092074188536753,yes
HC30,Inh_SST,Chip11,Chip9,0.8522456730732455,19138,0.8358432504298879,85,28,42.123893805309734,0.7195858208680136,yes
HC30,Inh_TAFA1_VIP,Chip11,Chip9,0.9125451774898744,20780,0.5415274481992041,90,37,52.440944881889756,0.6439602880716346,yes
HC30,Microglia,Chip11,Chip9,0.5476336828342248,15395,1.0079187719241625,53,31,39.11904761904762,0.7470903769435551,yes
HC30,OPC,Chip11,Chip9,0.78132514110007,17243,0.9189306488014738,96,24,38.400000000000006,0.7541485916583538,yes
HC30,Oligodendrocytes,Chip11,Chip9,0.8955009847105667,19702,0.6211691741607535,234,78,116.99999999999999,0.4287569657860327,yes
HC31,Astrocytes,Chip11,Chip9,0.8246422788848989,19598,0.9337873700962576,79,24,36.81553398058253,0.7704287698864316,yes
HC31,Exc_FEZF2,Chip11,Chip9,0.9191321965732951,21526,0.6702528507343481,70,12,20.48780487804878,1.0369218109310228,yes
HC31,Exc_LINC00507,Chip11,Chip9,0.9005408351119089,22751,0.6395747574560913,12,53,19.56923076923077,1.061312979829949,yes
HC31,Exc_RORB,Chip11,Chip9,0.9578310080094083,24866,0.4300754671687678,92,40,55.75757575757576,0.6242517076506682,yes
HC31,Exc_THEMIS,Chip11,Chip9,0.93916785606132,22769,0.4542340421181174,97,9,16.471698113207548,1.1581755940465153,yes
HC31,Inh_LAMP5_PAX6,Chip11,Chip9,0.6857265739390439,15649,0.9159063338860512,20,5,8.0,1.6701277609968357,yes
HC31,Inh_PVALB,Chip11,Chip9,0.8628172380165343,19156,0.7004122443376029,40,15,21.818181818181817,1.0043776871633658,yes
HC31,Inh_SST,Chip11,Chip9,0.7062650368351726,16715,1.7407791549827023,37,5,8.809523809523808,1.5904915521469944,yes
HC31,Inh_TAFA1_VIP,Chip11,Chip9,0.6179994128933578,15872,1.0982705454855424,13,6,8.210526315789474,1.6482831588171531,yes
HC31,Microglia,Chip11,Chip9,-0.2809753560005017,8734,5.254650253322815,6,2,3.0,2.745715146173239,yes
HC31,OPC,Chip11,Chip9,0.6541888574234327,15865,0.9834979234322472,28,19,22.638297872340427,0.9857676089563864,yes
HC31,Oligodendrocytes,Chip11,Chip9,0.9108751470581488,20015,0.5820109603337531,262,71,111.72372372372371,0.4389033159374948,yes
HC4,Astrocytes,Chip10,Chip3,0.9449160818670918,23110,0.4418311692858442,226,283,251.3084479371316,0.29102042922963306,yes
HC4,Exc_FEZF2,Chip10,Chip3,0.7146743671407046,20200,1.6837775691460348,46,2,3.8333333333333335,2.4249216564457305,yes
HC4,Exc_LINC00507,Chip10,Chip3,0.9904589328382688,28798,0.1651836607262492,639,562,598.0316402997502,0.18753514801148072,yes
HC4,Exc_RORB,Chip10,Chip3,0.9788033354649762,26856,0.2849342991109372,249,119,161.03804347826087,0.36466017784948235,yes
HC4,Inh_LAMP5_PAX6,Chip10,Chip3,0.9208632332064528,22142,0.5199120666994882,95,85,89.72222222222223,0.4905065069476072,yes
HC4,Inh_PVALB,Chip10,Chip3,0.9507808260699424,23003,0.4535844636458085,97,93,94.95789473684209,0.476606891815326,yes
HC4,Inh_SST,Chip10,Chip3,0.8754605197357306,20172,0.6379135770314074,91,66,76.50955414012738,0.5317548194930568,yes
HC4,Inh_TAFA1_VIP,Chip10,Chip3,0.9481822637044328,23541,0.4235695354692786,160,146,152.6797385620915,0.37464559257372304,yes
HC4,Microglia,Chip10,Chip3,0.6480544760164727,14680,1.0546767271101394,36,97,52.51127819548873,0.6435229697912832,yes
HC4,OPC,Chip10,Chip3,0.8474688461707282,18512,0.6461639287585981,76,96,84.83720930232559,0.5046245171507587,yes
HC4,Oligodendrocytes,Chip10,Chip3,0.9660741728131806,22092,0.3993230773853381,777,400,528.1223449447748,0.1997320510056367,yes
HC9,Astrocytes,Chip11,Chip5,0.908657075525553,21615,0.5642159154489783,154,85,109.53974895397488,0.44331710972085414,yes
HC9,Exc_LINC00507,Chip11,Chip5,0.9871845592579606,27289,0.2330141341744935,575,180,274.17218543046357,0.2784556079070225,yes
HC9,Exc_RORB,Chip11,Chip5,0.9619231067296824,25532,0.3520168415084105,55,154,81.05263157894737,0.5164328981748201,yes
HC9,Inh_LAMP5_PAX6,Chip11,Chip5,0.8964937399233673,20389,0.6355715172919576,90,31,46.11570247933884,0.6873101653808968,yes
HC9,Inh_PVALB,Chip11,Chip5,0.9378016707885626,22054,0.4973736543125917,70,42,52.50000000000001,0.6435930358876449,yes
HC9,Inh_SST,Chip11,Chip5,0.7525033625844094,17285,0.8858874501085514,40,17,23.859649122807017,0.9598600008227863,yes
HC9,Inh_TAFA1_VIP,Chip11,Chip5,0.931628564292826,21890,0.5020472828497885,149,50,74.87437185929647,0.5376096085144174,yes
HC9,Microglia,Chip11,Chip5,0.4757426910362916,13144,1.3693440963306738,43,16,23.322033898305087,0.9710119847802973,yes
HC9,OPC,Chip11,Chip5,0.7586725682257951,18107,0.8233466470528945,42,24,30.54545454545455,0.8468974970481274,yes
HC9,Oligodendrocytes,Chip11,Chip5,0.9518706939225308,21134,0.4721413056825801,286,398,332.83040935672517,0.25239381054596133,yes
