dataset,tissue,level,cell_type,group_a,group_b,n_donor_a,n_donor_b,median_cells,pooled_p,delta,t,p_value,floor_multinomial,above_multinomial,floor_brain_seaad,above_brain_seaad,floor_brain_als,above_brain_als,delta_over_floor_multinomial,p_naive_pooled,prop_pooled_a,prop_pooled_b,q_bh
D1_ALS_motor_cortex,brain,coarse,Neuronal,ALS,HC,30,32,1648.0,0.6081737178917429,0.049539097610589,-1.1812431087332038,0.2423322832540236,0.00715078873256,True,0.027888076056984,True,0.0306053757753568,True,6.927780901290013,4.7274627746671905e-25,0.5592428484028255,0.5887402469062966,0.2423322832540239
D1_ALS_motor_cortex,brain,coarse,Non-neuronal,ALS,HC,30,32,1648.0,0.391826282108257,0.049539097610589,1.1812431087332025,0.2423322832540239,0.00715078873256,True,0.027888076056984,True,0.0306053757753568,True,6.927780901290006,4.7274627746671905e-25,0.4407571515971746,0.4112597530937034,0.2423322832540239
D1_ALS_motor_cortex,brain,coarse,Neuronal,ALS_FTD,HC,17,32,2128.0,0.6081737178917429,0.0828189109488076,1.8311698339868532,0.0759064203826409,0.0068728953152371,True,0.026804291729425,True,0.0294159919492151,True,12.050076008752598,1.1115450880623321e-224,0.6760698719928618,0.5887402469062966,0.0759064203826409
D1_ALS_motor_cortex,brain,coarse,Non-neuronal,ALS_FTD,HC,17,32,2128.0,0.391826282108257,0.0828189109488078,-1.8311698339868567,0.0759064203826404,0.0068728953152371,True,0.026804291729425,True,0.0294159919492151,True,12.05007600875262,1.111545088062268e-224,0.3239301280071382,0.4112597530937034,0.0759064203826409
D1_ALS_motor_cortex,brain,fine,Astrocytes,ALS,HC,30,32,1648.0,0.068871655852813,0.0205606740643382,1.123105726299489,0.2671220557521919,0.0037095256398273,True,0.0144671499953266,True,0.015876769738461,True,5.542669349306675,8.30018059198871e-64,0.0951815940228777,0.0687030782164928,0.7829976095148612
D1_ALS_motor_cortex,brain,fine,Exc_FEZF2,ALS,HC,30,32,1648.0,0.0303528575237756,0.0020496244111282,-0.2452220834997409,0.8071370237129482,0.0025130434296096,False,0.0098008693754778,False,0.0107558258787295,False,0.8155945046467447,2.489814382945253e-09,0.0308867424312649,0.0252216109382144,0.8982236484836547
D1_ALS_motor_cortex,brain,fine,Exc_LINC00507,ALS,HC,30,32,1648.0,0.2108756999377833,0.0287370360671708,-0.9897965540171636,0.3262490039645255,0.0059755697279474,True,0.0233047219389951,True,0.0255754384356151,True,4.809087229418309,1.8479304689692352e-60,0.1818164964126142,0.219899998525052,0.7829976095148612
D1_ALS_motor_cortex,brain,fine,Exc_RORB,ALS,HC,30,32,1648.0,0.1646853613012176,0.0040846667643537,-0.1782420047912509,0.8591380440781838,0.0054330773243039,False,0.0211890015647855,False,0.023253570948021,False,0.7518145832531539,9.385901518741872e-05,0.1513747010511874,0.1433796958657207,0.8982236484836547
D1_ALS_motor_cortex,brain,fine,Exc_THEMIS,ALS,HC,30,32,1648.0,0.030030663940983,0.0010936044651239,-0.128454731705154,0.8982236484836548,0.0025000852097403,False,0.0097503323179873,False,0.0107003646976886,False,0.4374268768373443,1.438868626740753e-07,0.0300339272140751,0.0250741161374061,0.8982236484836547
D1_ALS_motor_cortex,brain,fine,Inh_LAMP5_PAX6,ALS,HC,30,32,1648.0,0.0302084259176962,0.0086129684023565,-2.4607237559483184,0.0167640477813603,0.0025072439530268,True,0.0097782514168049,False,0.0107310041189551,False,3.435233492918967,1.0155988147229685e-08,0.0266782847290457,0.0323161108570922,0.2011685733763242
D1_ALS_motor_cortex,brain,fine,Inh_PVALB,ALS,HC,30,32,1648.0,0.0501844280508399,0.0074631686714073,-1.6970048231893993,0.0949378911724091,0.0031981400166277,True,0.0124727460648482,False,0.0136880392711668,False,2.3335966007131774,0.000165215590662,0.0443834702163555,0.0489977728285077,0.5696273470344546
D1_ALS_motor_cortex,brain,fine,Inh_SST,ALS,HC,30,32,1648.0,0.0369967114034308,0.0049158766653613,1.202038172776973,0.2346096591176721,0.0027649595831607,True,0.0107833423743268,False,0.0118340270159279,False,1.7779198999147137,2.9638459697866033e-08,0.0411576039600289,0.0350447646720453,0.7829976095148612
D1_ALS_motor_cortex,brain,fine,Inh_TAFA1_VIP,ALS,HC,30,32,1648.0,0.0548395698160163,0.0024139054944095,-0.3311934094433126,0.7416535887306109,0.0033349791775595,False,0.0130064187924824,False,0.014273710879955,False,0.7238142626653445,9.702787397866582e-06,0.0529116223882534,0.0588061770822578,0.8982236484836547
D1_ALS_motor_cortex,brain,fine,Microglia,ALS,HC,30,32,1648.0,0.0203148609012532,0.0025156547532754,0.5948599558281493,0.5542028202000495,0.0020665386299334,True,0.0080595006567404,False,0.0088447853361152,False,1.2173277173901516,0.0014295834611496,0.0264187322716401,0.0235401702090001,0.8982236484836547
D1_ALS_motor_cortex,brain,fine,OPC,ALS,HC,30,32,1648.0,0.042712869967114,0.0031621972743952,-0.4492293146071956,0.6550466600383933,0.0029620598419362,True,0.0115520333835512,False,0.012677616123487,False,1.0675669780959662,0.0841466238496406,0.0465155082593299,0.0444254340034513,0.8982236484836547
D1_ALS_motor_cortex,brain,fine,Oligodendrocytes,ALS,HC,30,32,1648.0,0.2599268953870767,0.0296249660673705,0.7996874461641392,0.4274326619381213,0.0064247504268424,True,0.0250565266646856,True,0.0274979318268857,True,4.611068772974914,0.452384549799263,0.2726413170433267,0.2745910706647591,0.8548653238762426
D1_ALS_motor_cortex,brain,fine,Astrocytes,ALS_FTD,HC,17,32,2128.0,0.068871655852813,0.0318376207597736,-1.6783771884996386,0.1000517142906633,0.0035653663316373,True,0.0139049286933858,True,0.015259767899408,True,8.929691313137003,4.209158324890804e-74,0.0447167027008476,0.0687030782164928,0.2889296547019797
D1_ALS_motor_cortex,brain,fine,Exc_FEZF2,ALS_FTD,HC,17,32,2128.0,0.0303528575237756,0.0073416815503019,0.8097682127816749,0.4226297922900145,0.0024153817236561,True,0.0094199887222591,False,0.0103378337772485,False,3.0395533254217004,5.40704303779502e-28,0.0358282713888602,0.0252216109382144,0.6566187904360987
D1_ALS_motor_cortex,brain,fine,Exc_LINC00507,ALS_FTD,HC,17,32,2128.0,0.2108756999377833,0.0246849717229606,0.7413036778394391,0.4633228301338601,0.0057433475837539,True,0.0223990555766403,True,0.0245815276584667,True,4.298011109894599,0.0017647433013484,0.2272727272727272,0.219899998525052,0.6566187904360987
D1_ALS_motor_cortex,brain,fine,Exc_RORB,ALS_FTD,HC,17,32,2128.0,0.1646853613012176,0.0384195704951678,1.5851337213962564,0.1203873561258248,0.0052219374793585,True,0.0203655561694985,True,0.0223498924116547,True,7.357340191649879,1.9297625457485753e-166,0.201791413569443,0.1433796958657207,0.2889296547019797
D1_ALS_motor_cortex,brain,fine,Exc_THEMIS,ALS_FTD,HC,17,32,2128.0,0.030030663940983,0.0099135984719255,1.0018092544422617,0.323840855158025,0.0024029270851589,True,0.00937141563212,True,0.0102845279244804,False,4.125634328712736,1.2146426745840423e-28,0.0357939531212464,0.0250741161374061,0.64768171031605
D1_ALS_motor_cortex,brain,fine,Inh_LAMP5_PAX6,ALS_FTD,HC,17,32,2128.0,0.0302084259176962,0.0019230932537972,-0.6063789231155126,0.5471823253634156,0.0024098076258989,False,0.0093982497410058,False,0.0103139766388474,False,0.7980277069128449,0.197257900592543,0.0310237139229211,0.0323161108570922,0.6566187904360987
D1_ALS_motor_cortex,brain,fine,Inh_PVALB,ALS_FTD,HC,17,32,2128.0,0.0501844280508399,0.0065619776430669,1.5898778687417623,0.1191013790054553,0.003073854138309,True,0.0119880311394054,False,0.0131560957119628,False,2.134771966335611,3.446310343456285e-10,0.0569340059713785,0.0489977728285077,0.2889296547019797
D1_ALS_motor_cortex,brain,fine,Inh_SST,ALS_FTD,HC,17,32,2128.0,0.0369967114034308,0.0007000415272068,-0.1905762721522004,0.8498690292807581,0.0026575079304744,False,0.0103642809288503,False,0.0113741339424306,False,0.2634202965790944,0.7326139882862804,0.035416452177494,0.0350447646720453,0.8498690292807581
D1_ALS_motor_cortex,brain,fine,Inh_TAFA1_VIP,ALS_FTD,HC,17,32,2128.0,0.0548395698160163,0.001479754153611,-0.2205101852895396,0.8264329459220288,0.0032053754659952,False,0.0125009643173813,False,0.0137190069944595,False,0.4616476819359401,1.6429712205047424e-07,0.0520093345687909,0.0588061770822578,0.8498690292807581
D1_ALS_motor_cortex,brain,fine,Microglia,ALS_FTD,HC,17,32,2128.0,0.0203148609012532,0.0109908950334677,-3.0753265423231437,0.003500270553134,0.0019862289601362,True,0.0077462929445311,True,0.0085010599493829,True,5.53354887782627,2.724715073133881e-64,0.0109132091012045,0.0235401702090001,0.0420032466376087
D1_ALS_motor_cortex,brain,fine,OPC,ALS_FTD,HC,17,32,2128.0,0.042712869967114,0.0127086267951075,-1.9938290890068873,0.0526914205741224,0.0028469484937233,True,0.011103099125521,True,0.0121849395531359,True,4.463946862096798,1.2832882930081028e-10,0.0372010020934143,0.0444254340034513,0.2889296547019797
D1_ALS_motor_cortex,brain,fine,Oligodendrocytes,ALS_FTD,HC,17,32,2128.0,0.2599268953870767,0.0272817683604589,-0.6561312721899821,0.5170753824978463,0.0061750722558972,True,0.0240827817979991,True,0.02642930925524,True,4.418048442170822,7.152658749944653e-70,0.2310992141116716,0.2745910706647591,0.6566187904360987
D2_SEAAD_MTG,brain,coarse,Neuronal: GABAergic,High,Not AD,42,9,13634.0,0.25785318326894,0.0182772755415053,-1.0602898319795755,0.2962449693874521,0.0027428207068508,True,0.0106970007567183,True,0.0117392726253216,True,6.663678561217462,5.749268677563783e-41,0.2477651067776858,0.2647615169387996,0.2962449693874521
D2_SEAAD_MTG,brain,coarse,Neuronal: Glutamatergic,High,Not AD,42,9,13634.0,0.5492002165108162,0.0356661156599833,-1.8284315253592047,0.0737520083650942,0.0031197763080205,True,0.01216712760128,True,0.0133526425983278,True,11.432266976414502,0.0019007090828471,0.5478549151929505,0.5523730082625087,0.1106280125476413
D2_SEAAD_MTG,brain,coarse,Non-neuronal and Non-neural,High,Not AD,42,9,13634.0,0.1929466002202437,0.0539433912014888,2.310132902562491,0.0254918690844964,0.0024742065788361,True,0.0096494056574611,True,0.0105896041574188,True,21.802298831030765,7.702007102849203e-76,0.2043799780293636,0.1828654747986916,0.0764756072534894
D2_SEAAD_MTG,brain,fine,Astrocyte,High,Not AD,42,9,13634.0,0.0555275584672527,0.0505704593221635,2.451713541992816,0.0179514450371347,0.0014358702274353,True,0.0055998938869979,True,0.0061455245734233,True,35.21938010546295,1.5174614112839115e-120,0.0643240492000762,0.0480512827249202,0.0689922114541801
D2_SEAAD_MTG,brain,fine,Chandelier,High,Not AD,42,9,13634.0,0.0080292255666016,0.000340642416864,-0.301188737374665,0.7677039782326813,0.0005595675539248,False,0.0021823134603069,False,0.0023949491307984,False,0.6087601299874814,0.2117377987125265,0.0076563147893039,0.0079800859090729,0.8010824120688848
D2_SEAAD_MTG,brain,fine,Endothelial,High,Not AD,42,9,13634.0,0.0015881984637234,0.0011210230134405,1.543579243013099,0.1349628867331454,0.0002496741011806,True,0.0009737289946044,True,0.0010686051530531,True,4.489945125023409,0.2035810663922034,0.0018570886745103,0.0016945367609389,0.2699257734662908
D2_SEAAD_MTG,brain,fine,Immune,High,Not AD,42,9,13634.0,0.0311242782265795,0.0152786167689687,3.428997479436244,0.0013000966152638,0.0010888045762688,True,0.0042463378474483,True,0.0046600835864305,True,14.032469280508012,1.1694324107287988e-70,0.0343335409866348,0.025161900508361,0.0078005796915832
D2_SEAAD_MTG,brain,fine,L2/3 IT,High,Not AD,42,9,13634.0,0.2459841146217763,0.0869263911098823,-4.232824167788043,0.0003740286281824,0.0027002876804065,True,0.0105311219535855,True,0.01155723127214,True,32.191529717602045,0.0,0.2236367102214553,0.2830336148803972,0.0029922290254592
D2_SEAAD_MTG,brain,fine,L4 IT,High,Not AD,42,9,13634.0,0.1255516698990577,0.0387906537588154,4.661377321074233,2.52392032287806e-05,0.0020775169675591,True,0.0081023161734807,True,0.0088917726211532,True,18.67164233290947,4.385484874529965e-268,0.1381418501319613,0.1037476847898905,0.0004516887487276
D2_SEAAD_MTG,brain,fine,L5 ET,High,Not AD,42,9,13634.0,0.0015381430634244,0.0003332245937669,-1.3279683256344947,0.1984395272987481,0.0002457142599525,True,0.0009582856138149,False,0.0010516570325969,False,1.3561467447239923,0.0985717477052194,0.0015564171748277,0.0017536485084135,0.3401820467978539
D2_SEAAD_MTG,brain,fine,L5 IT,High,Not AD,42,9,13634.0,0.089301379323217,0.0007225128245065,-0.1184589710678589,0.9065513304147564,0.0017880624348382,False,0.006973443495869,False,0.0076529072211076,False,0.4040758367433038,0.0002123801336851,0.0911309768286428,0.088023959961643,0.9065513304147564
D2_SEAAD_MTG,brain,fine,L5/6 NP,High,Not AD,42,9,13634.0,0.0147324072235881,0.0011936038698006,0.7105743031872683,0.4860392986583978,0.0007554056224595,True,0.0029460819275923,False,0.0032331360641269,False,1.5800833807859846,2.923879887540016e-07,0.0151416595101609,0.0133329830414964,0.5832471583900773
D2_SEAAD_MTG,brain,fine,L6 CT,High,Not AD,42,9,13634.0,0.0119573018951483,0.0010567579536615,0.6331497693455722,0.5314010896098769,0.0006815076105001,True,0.0026578796809506,False,0.0029168525729407,False,1.550617978992191,3.643638959578362e-15,0.0128011382283177,0.0102723081166997,0.6073155309827164
D2_SEAAD_MTG,brain,fine,L6 IT,High,Not AD,42,9,13634.0,0.0321559285107076,0.0053569570622281,1.4442403700926836,0.1587297934697086,0.0011061129595517,True,0.0043138405422518,True,0.0047341634668815,True,4.843047010676928,1.3740452501216129e-42,0.0343708792774451,0.027257083557739,0.2930396187133083
D2_SEAAD_MTG,brain,fine,L6 IT Car3,High,Not AD,42,9,13634.0,0.0175533259692507,0.0018059520704236,0.8366681552879545,0.4124268046258619,0.0008233802748006,True,0.0032111830717223,False,0.0035240675761466,False,2.1933390022744694,1.15824180410846e-05,0.0186789712711329,0.0169585035532728,0.5499024061678159
D2_SEAAD_MTG,brain,fine,L6b,High,Not AD,42,9,13634.0,0.0104259460046458,0.0041120881532429,2.415093717781206,0.0201227283408025,0.0006368661142816,True,0.0024837778456985,True,0.0027257869691256,True,6.456754506213426,9.757807057408402e-46,0.0123963125490065,0.0079932218529562,0.0689922114541801
D2_SEAAD_MTG,brain,fine,Lamp5,High,Not AD,42,9,13634.0,0.0313618292788459,0.0058522462651673,1.5651028926440331,0.1240024321573778,0.0010928177467995,True,0.0042619892125182,True,0.004677259956302,True,5.355189630024191,5.376224863774013e-17,0.033555332399221,0.0292077712244013,0.2699257734662908
D2_SEAAD_MTG,brain,fine,Lamp5 Lhx6,High,Not AD,42,9,13634.0,0.0156868534157296,0.0024281056857697,1.7603408627260682,0.0879226586994027,0.0007791136592347,True,0.0030385432710155,False,0.0033346064615247,False,3.1164973903225444,7.708429311564376e-13,0.0168002656914167,0.0141539795341994,0.2314538881789105
D2_SEAAD_MTG,brain,fine,OPC,High,Not AD,42,9,13634.0,0.024524600956652,0.0020709238203781,-0.4381806377309956,0.6645413424986474,0.0009697848422355,True,0.0037821608847187,False,0.0041506791247683,False,2.135446678671744,1.7121074437657033e-30,0.023369839700822,0.0285641099741221,0.7249541918167062
D2_SEAAD_MTG,brain,fine,Oligodendrocyte,High,Not AD,42,9,13634.0,0.0768460686149246,0.0152305025733752,-1.2853658362067486,0.2190440943849057,0.001669991056264,True,0.0065129651194297,True,0.0071475617208101,True,9.120110264211569,0.041724273157588,0.0759578745472732,0.0775414767428113,0.3504705510158492
D2_SEAAD_MTG,brain,fine,Pax6,High,Not AD,42,9,13634.0,0.0065436830933219,0.0011449521553584,1.1334932754466227,0.2632938801393643,0.0005055356340635,True,0.0019715889728479,False,0.0021636925137921,False,2.26482977303722,0.0151963457603692,0.0067189271726463,0.0061410537654183,0.3949408202090465
D2_SEAAD_MTG,brain,fine,Pvalb,High,Not AD,42,9,13634.0,0.066807839863442,0.0079524462332332,-1.7165208195106836,0.096439120074546,0.0015655448432712,True,0.0061056248887577,True,0.0067005319292008,True,5.07966684404675,3.2990433925847262e-09,0.0642709895236616,0.0685433551827866,0.2314538881789105
D2_SEAAD_MTG,brain,fine,Sncg,High,Not AD,42,9,13634.0,0.0146738678571367,0.0019427486382121,-0.8921698387255012,0.3827029202605569,0.0007539257188836,True,0.0029403103036462,False,0.0032268020768219,False,2.576843566351392,1.708528373286305e-07,0.013133252499209,0.0149027283355445,0.5402864756619628
D2_SEAAD_MTG,brain,fine,Sst,High,Not AD,42,9,13634.0,0.0379190867180116,0.013156589003493,-2.143467928611264,0.0540419700858268,0.001197570226345,True,0.0046705238827458,True,0.0051256005687569,True,10.98606888687117,1.2953484953651453e-101,0.0338913770165133,0.0456342690504026,0.1621259102574804
D2_SEAAD_MTG,brain,fine,Sst Chodl,High,Not AD,42,9,13634.0,0.0007627085570979,0.0003117151983896,-2.9864388475979937,0.0072676967965015,0.0001730931504664,True,0.0006750632868192,False,0.0007408386839965,False,1.800852301489701,0.0091150892323144,0.0006544026757798,0.0008604043243527,0.0348849446232074
D2_SEAAD_MTG,brain,fine,VLMC & Perivascular,High,Not AD,42,9,13634.0,0.0033358954911113,0.0042747184906693,4.576766582843168,3.7640729060638736e-05,0.0003615321160661,True,0.0014099752526579,True,0.001547357456763,True,11.82389696711606,7.462835126982617e-49,0.0045375849200469,0.0018521680875379,0.0004516887487276
D2_SEAAD_MTG,brain,fine,Vip,High,Not AD,42,9,13634.0,0.0760680889187524,0.0039984381576088,-0.71427989283196,0.4796365640948055,0.0016622161313754,True,0.0064826429123641,False,0.0071142850422867,False,2.405486315609435,1.6007897883271822e-16,0.0710842450099339,0.077337869612621,0.5832471583900773
D3_GSE290359_BA44_BA46,brain,coarse,Astrocyte,Yes,No,27,7,4081.0,0.1196016493453256,0.0550391548569238,1.8861811322722388,0.0827194684930287,0.0042816379937736,True,0.0166983881757171,True,0.0183254106133511,True,12.854696015161029,1.858222531122959e-167,0.1315618822904377,0.0792008656409173,0.5535003250424075
D3_GSE290359_BA44_BA46,brain,coarse,Doublet,Yes,No,27,7,4081.0,0.0527899013768657,0.0021797600310478,-0.1989136204495951,0.8472897900328926,0.0029505320476835,False,0.0115070749859657,False,0.0126282771640855,False,0.7387684647449334,3.523431134991129e-16,0.055229582867813,0.0445488374548045,0.8701092467751995
D3_GSE290359_BA44_BA46,brain,coarse,Endothelial,Yes,No,27,7,4081.0,0.0093016806925321,0.0005177121540465,-0.1976228383458078,0.8460767468175218,0.0012666399384248,False,0.0049398957598567,False,0.0054212189364581,False,0.4087287463005492,0.5008116659039081,0.0092114412506933,0.0096065028634768,0.8701092467751995
D3_GSE290359_BA44_BA46,brain,coarse,Excitatory neuron,Yes,No,27,7,4081.0,0.2936570133346193,0.0089453377960506,0.1684772993092914,0.8701092467751995,0.0060093812616642,True,0.0234365869204906,False,0.025720151799923,False,1.488562200756964,2.2369397993386807e-32,0.2864453524802137,0.3180174711672957,0.8701092467751995
D3_GSE290359_BA44_BA46,brain,coarse,Inhibitory neuron,Yes,No,27,7,4081.0,0.1015348074558124,0.0105559590440793,-0.909960578432534,0.3738210113340559,0.0039852893095374,True,0.015542628307196,False,0.0170570382448203,False,2.64873092621337,3.4385246300477497e-35,0.0965365293414483,0.1184186218363199,0.8701092467751995
D3_GSE290359_BA44_BA46,brain,coarse,Low-Quality,Yes,No,27,7,4081.0,0.0775662511152371,0.0049781823757167,-0.1702511233653955,0.867721102616472,0.0035294395176154,True,0.0137648141187,False,0.0151060011353939,False,1.4104739154391743,2.4802882077195926e-58,0.0718086145336073,0.0970151223245625,0.8701092467751995
D3_GSE290359_BA44_BA46,brain,coarse,Microglia,Yes,No,27,7,4081.0,0.0558402256998866,0.0692834735716908,-1.7837067359947707,0.1230000722316461,0.0030296892103525,True,0.0118157879203748,True,0.0129670698203087,True,22.8681784702364,3.997167793602521e-260,0.0452681005992515,0.0915520836082447,0.5535003250424075
D3_GSE290359_BA44_BA46,brain,coarse,Oligodendrocyte,Yes,No,27,7,4081.0,0.2126485978153408,0.0258874959250946,0.7342295215763079,0.4701465930021196,0.0053990495760855,True,0.0210562933467335,True,0.023107932185646,True,4.794824637239923,1.0983968898719964e-172,0.2279655918683053,0.1609089229632366,0.8701092467751995
D3_GSE290359_BA44_BA46,brain,coarse,Oligodendrocyte Producing Cell,Yes,No,27,7,4081.0,0.0770598731643799,0.0023569014014876,-0.2052790068243178,0.8403162974979727,0.0035188654416652,False,0.0137235752224943,False,0.015060744090327,False,0.6697901470117932,0.0023654447763529,0.0759729047682295,0.0807315721411417,0.8701092467751995
D3_GSE290359_BA44_BA46,brain,fine,AST,Yes,No,27,7,4081.0,0.1196016493453256,0.0550391548569238,1.8861811322722388,0.0827194684930287,0.0042816379937736,True,0.0166983881757171,True,0.0183254106133511,True,12.854696015161029,1.858222531122959e-167,0.1315618822904377,0.0792008656409173,0.8142066742714493
D3_GSE290359_BA44_BA46,brain,fine,DBLT,Yes,No,27,7,4081.0,0.0527899013768657,0.0021797600310478,-0.1989136204495951,0.8472897900328926,0.0029505320476835,False,0.0115070749859657,False,0.0126282771640855,False,0.7387684647449334,3.523431134991129e-16,0.055229582867813,0.0445488374548045,0.867721102616472
D3_GSE290359_BA44_BA46,brain,fine,ENDO,Yes,No,27,7,4081.0,0.0093016806925321,0.0005177121540465,-0.1976228383458078,0.8460767468175218,0.0012666399384248,False,0.0049398957598567,False,0.0054212189364581,False,0.4087287463005492,0.5008116659039081,0.0092114412506933,0.0096065028634768,0.867721102616472
D3_GSE290359_BA44_BA46,brain,fine,EN_L2_L3,Yes,No,27,7,4081.0,0.0887909623592389,0.0334210033466959,1.2496232440207846,0.2326304783632712,0.0037531432584723,True,0.0146372587080419,True,0.0160634531462614,True,8.904803532679377,2.4273061399447934e-14,0.0916925144343831,0.0789897337098519,0.8142066742714493
D3_GSE290359_BA44_BA46,brain,fine,EN_L3_L5,Yes,No,27,7,4081.0,0.1260217983651226,0.0111949269909073,-0.353642774099469,0.7331579802443479,0.0043789994217541,True,0.0170780977448412,False,0.0187421175251078,False,2.556503418404833,4.5512866315459936e-77,0.1177798785871102,0.1538623947639281,0.867721102616472
D3_GSE290359_BA44_BA46,brain,fine,EN_L5_L6,Yes,No,27,7,4081.0,0.0788442526102577,0.0132807385597379,-0.591327239849217,0.5726936047637584,0.0035559308298914,True,0.0138681302365766,False,0.0152193839519354,False,3.7348135256453654,2.1379393112774186e-07,0.0769729594587204,0.0851653426935156,0.867721102616472
D3_GSE290359_BA44_BA46,brain,fine,IN_LAMP5,Yes,No,27,7,4081.0,0.0292011284994333,0.0019644873700912,-0.4069378305653187,0.6923224477999281,0.0022216017055075,False,0.0086642466514794,False,0.0095084552995723,False,0.8842662324308905,6.743704284762458e-07,0.0280796606064394,0.0329893642289725,0.867721102616472
D3_GSE290359_BA44_BA46,brain,fine,IN_PVALB,Yes,No,27,7,4081.0,0.0273383810373514,0.0025895656306041,-0.6070871665076997,0.5570704324150673,0.0021516371626375,True,0.0083913849342864,False,0.0092090070560886,False,1.203532675290728,1.5176124742619366e-05,0.026392068316236,0.030534955530337,0.867721102616472
D3_GSE290359_BA44_BA46,brain,fine,IN_SST,Yes,No,27,7,4081.0,0.0224433941790648,0.0094080173496272,-1.425432099811402,0.1852615329022396,0.001954415854378,True,0.0076222218320742,True,0.0083648998567378,True,4.813723409249204,5.950947320406496e-52,0.0194385630464166,0.0325934918582249,0.8142066742714493
D3_GSE290359_BA44_BA46,brain,fine,IN_VIP,Yes,No,27,7,4081.0,0.0225519037399628,0.0034061113062431,0.7466916308663843,0.4685211715138063,0.0019590260369902,True,0.0076402015442618,False,0.0083846314383181,False,1.738675873586756,0.7225278913169387,0.0226262373723563,0.0223008102187854,0.867721102616472
D3_GSE290359_BA44_BA46,brain,fine,LQ,Yes,No,27,7,4081.0,0.0775662511152371,0.0049781823757167,-0.1702511233653955,0.867721102616472,0.0035294395176154,True,0.0137648141187,False,0.0151060011353939,False,1.4104739154391743,2.4802882077195926e-58,0.0718086145336073,0.0970151223245625,0.867721102616472
D3_GSE290359_BA44_BA46,brain,fine,MIG,Yes,No,27,7,4081.0,0.0558402256998866,0.0692834735716908,-1.7837067359947707,0.1230000722316461,0.0030296892103525,True,0.0118157879203748,True,0.0129670698203087,True,22.8681784702364,3.997167793602521e-260,0.0452681005992515,0.0915520836082447,0.8142066742714493
D3_GSE290359_BA44_BA46,brain,fine,OD,Yes,No,27,7,4081.0,0.2126485978153408,0.0258874959250946,0.7342295215763079,0.4701465930021196,0.0053990495760855,True,0.0210562933467335,True,0.023107932185646,True,4.794824637239923,1.0983968898719964e-172,0.2279655918683053,0.1609089229632366,0.867721102616472
D3_GSE290359_BA44_BA46,brain,fine,OPC,Yes,No,27,7,4081.0,0.0770598731643799,0.0023569014014876,-0.2052790068243178,0.8403162974979727,0.0035188654416652,False,0.0137235752224943,False,0.015060744090327,False,0.6697901470117932,0.0023654447763529,0.0759729047682295,0.0807315721411417,0.867721102616472
D4_GSE330130_MTC,brain,coarse,Astrocyte,ALS,Non-neurological control,14,8,7831.5,0.1427847245691111,0.0361050990543995,-1.2209820753191691,0.2484128445369169,0.0036774640063861,True,0.014342109624906,True,0.0157395459473327,True,9.817934041421118,5.926546148668219e-109,0.1252670384724454,0.1636774423175128,0.3477779823516838
D4_GSE330130_MTC,brain,coarse,Endothelial,ALS,Non-neurological control,14,8,7831.5,0.0041874366339979,0.0010951751989619,0.7768960824182995,0.4475377271045916,0.0006787745188227,True,0.0026472206234087,False,0.0029051549405613,False,1.613459504728318,0.0008171220981872,0.0046223650628603,0.0035282648055585,0.5221273482886902
D4_GSE330130_MTC,brain,coarse,Excitatory neuron,ALS,Non-neurological control,14,8,7831.5,0.2473333474146671,0.0983608283758686,-2.097654003105468,0.053882536514257,0.0045352922822525,True,0.0176876399007847,True,0.0194110509680407,True,21.687869767682677,0.0,0.2151621136213252,0.3128549542718311,0.1257259185332664
D4_GSE330130_MTC,brain,coarse,Inhibitory neuron,ALS,Non-neurological control,14,8,7831.5,0.1052931733693815,0.0049536766935019,0.2630163215667449,0.7953794532387416,0.0032262876733304,True,0.0125825219259888,False,0.0138085112418544,False,1.535410724359954,5.813606346246928e-08,0.110738255033557,0.1023351542068367,0.7953794532387416
D4_GSE330130_MTC,brain,coarse,Microglia,ALS,Non-neurological control,14,8,7831.5,0.0441713839134842,0.0148258479315896,1.8324058893934727,0.0845455348086448,0.0021598476748636,True,0.0084234059319682,True,0.0092441480484164,True,6.864302563617407,1.8111015069219251e-31,0.0500803478589658,0.0379288466597545,0.1479546859151285
D4_GSE330130_MTC,brain,coarse,Oligodendrocyte,ALS,Non-neurological control,14,8,7831.5,0.3978170412301453,0.1430353164606871,2.755252366708776,0.0124578055711639,0.0051448003723528,True,0.020064721452176,True,0.02201974559367,True,27.801917685539696,0.0,0.4447962945457983,0.3031367512109066,0.0436023194990738
D4_GSE330130_MTC,brain,coarse,Oligodendrocyte Progenitor Cell,ALS,Non-neurological control,14,8,7831.5,0.0584128928692125,0.0294440888544726,-3.455975265153726,0.0033201943364401,0.0024651719360564,True,0.0096141705506199,True,0.0105509358863214,True,11.94403052534141,5.061031141330355e-117,0.0493335854050477,0.0765385865275993,0.0232413603550813
D4_GSE330130_MTC,brain,fine,AST HEATSHOCK,ALS,Non-neurological control,14,8,7831.5,0.0050798411625549,0.0120394355190544,0.8174485793618466,0.4276219979086536,0.0007472772960342,True,0.0029143814545335,True,0.0031983468270265,True,16.111068251300022,4.073027660830358e-59,0.0079497116929766,0.0018724563222481,0.6879136488095733
D4_GSE330130_MTC,brain,fine,AST HOMEOSTATIC,ALS,Non-neurological control,14,8,7831.5,0.0855599442379182,0.0701189827100619,-1.8863347185769272,0.0917365510647955,0.0029401905206655,True,0.0114667430305956,True,0.0125840154284485,True,23.84844866930236,0.0,0.0559599205974099,0.1211216168118723,0.4242815486746792
D4_GSE330130_MTC,brain,fine,AST REACTIVE,ALS,Non-neurological control,14,8,7831.5,0.052144939168638,0.021974448136608,0.92574654819406,0.3658513648048488,0.0023368974522412,True,0.0091139000637406,True,0.0100019210955923,True,9.40325734684397,1.6592959518723e-75,0.0613574061820587,0.0406833691833923,0.6432438396312743
D4_GSE330130_MTC,brain,fine,ENDO,ALS,Non-neurological control,14,8,7831.5,0.0031154950996958,0.0004574138386608,0.5704891167925441,0.5776527181045585,0.0005857989176773,False,0.0022846157789415,False,0.0025072193676589,False,0.780837630213672,0.0211759265464469,0.0033273466301162,0.0026771482954457,0.8549260227947467
D4_GSE330130_MTC,brain,fine,ENDO PERICYTE,ALS,Non-neurological control,14,8,7831.5,0.0010719415343021,0.000637761360301,0.7274505829874924,0.4754307761267067,0.0003439657982735,True,0.0013414666132668,False,0.0014721736166107,False,1.8541417882305036,0.0099991772034973,0.0012950184327441,0.0008511165101128,0.7329557798620061
D4_GSE330130_MTC,brain,fine,L2-L3 IT,ALS,Non-neurological control,14,8,7831.5,0.111339346062859,0.0406460225920827,-1.2394600935056457,0.2325050211238006,0.0033063963660798,True,0.0128949458277113,True,0.0141513764468217,True,12.293148821801363,2.0639852461803914e-155,0.0966442953020134,0.1385617678463657,0.5525844858666783
D4_GSE330130_MTC,brain,fine,L4 IT,ALS,Non-neurological control,14,8,7831.5,0.0257794018249408,0.009949967919241,-1.2139901472428245,0.2389554533477527,0.0016658184878558,True,0.0064966921026379,True,0.0071297031280231,True,5.9730204651816505,1.9472693985605847e-47,0.0221665563852916,0.0337970628742978,0.5525844858666783
D4_GSE330130_MTC,brain,fine,L5 ET,ALS,Non-neurological control,14,8,7831.5,0.002418469077391,0.0010305739483879,-1.7049511883256063,0.1055938078155591,0.0005163058851029,True,0.0020135929519015,False,0.0022097891882407,False,1.996053072651672,0.0109122290854123,0.0021930239153039,0.0028318967518299,0.4341078765750763
D4_GSE330130_MTC,brain,fine,L5 IT,ALS,Non-neurological control,14,8,7831.5,0.0340222625887124,0.0167194677008356,-2.306429188437722,0.0358431624649748,0.0019055825217171,True,0.007431771834697,True,0.0081558931929495,True,8.773940519652324,6.080243587163751e-61,0.0294356744493808,0.0445985051299113,0.2982262833672204
D4_GSE330130_MTC,brain,fine,L5-L6 NP,ALS,Non-neurological control,14,8,7831.5,0.0089874112875971,0.0008897725094602,-0.4688253667472399,0.6452823797243543,0.0009920178799282,False,0.0038688697317201,False,0.0042458365260928,False,0.8969319278042056,0.3637956242154333,0.008904433311277,0.0093468067656025,0.886462011828444
D4_GSE330130_MTC,brain,fine,L6 CT,ALS,Non-neurological control,14,8,7831.5,0.0151497549847921,0.0054735963947884,-1.0462756569342695,0.3203386245156331,0.0012839570879235,True,0.0050074326429017,True,0.0054953363363126,False,4.263068015490048,5.887452859674239e-11,0.0141128651101238,0.0181829436251373,0.6432438396312743
D4_GSE330130_MTC,brain,fine,L6 IT,ALS,Non-neurological control,14,8,7831.5,0.0247602652923284,0.0098944239138663,-1.365539699398593,0.2021192934776771,0.0016334127698334,True,0.0063703098023505,True,0.0069910066548873,True,6.057515954693476,3.941832349386257e-38,0.0210038756026089,0.03104254035066,0.5436477354120954
D4_GSE330130_MTC,brain,fine,L6 IT Car3,ALS,Non-neurological control,14,8,7831.5,0.0093940098006083,0.0010441402145757,-0.3495694727330486,0.7325650492922064,0.0010140014716222,True,0.0039546057393268,False,0.0043399262985432,False,1.0297225830503922,0.1396153777524488,0.0093865204650723,0.0101205490475232,0.9346519594417808
D4_GSE330130_MTC,brain,fine,L6b,ALS,Non-neurological control,14,8,7831.5,0.0154824264954376,0.0127128631826302,-3.174467374094148,0.0086521163596608,0.0012977584209707,True,0.0050612578417857,True,0.0055544060417546,True,9.796016714051587,8.707492257718439e-95,0.0113148690802533,0.0243728818805032,0.2174208565997404
D4_GSE330130_MTC,brain,fine,LAMP5,ALS,Non-neurological control,14,8,7831.5,0.010772220344711,0.0003696582242186,-0.1245781809332267,0.9023030461248392,0.0010850840306221,False,0.0042318277194262,False,0.0046441596510626,False,0.3406724399092546,0.9164411947468056,0.0111163626051611,0.0110490397858281,0.9538632201891156
D4_GSE330130_MTC,brain,fine,LAMP5-LHX6,ALS,Non-neurological control,14,8,7831.5,0.0076672862453531,0.0013665437415821,-0.9774292858484576,0.3485382732034597,0.0009168791542036,True,0.0035758287013943,False,0.0039242427799917,False,1.4904295024233187,0.0026729569810059,0.0071462331033178,0.0084647405642128,0.6432438396312743
D4_GSE330130_MTC,brain,fine,MIG HEATSHOCK,ALS,Non-neurological control,14,8,7831.5,0.0038970091247042,0.0022014705301848,-0.2197075849141017,0.8291568843123341,0.0006549082167378,True,0.0025541420452774,False,0.0028030071676378,False,3.361494746776406,1.3412985832222722e-15,0.0033273466301162,0.0059578155707896,0.9403128369652728
D4_GSE330130_MTC,brain,fine,MIG HOMEOSTATIC,ALS,Non-neurological control,14,8,7831.5,0.0197385096316323,0.0087752429680633,0.8943929275926555,0.3824693100510279,0.0014621460511823,True,0.0057023695996111,True,0.0062579850990604,True,6.001618621455315,2.725145434543531e-17,0.022752623121278,0.0167592578264031,0.6432438396312743
D4_GSE330130_MTC,brain,fine,MIG OTHER_IMMUNE,ALS,Non-neurological control,14,8,7831.5,0.0025293595809395,0.0023671680881163,-2.3126255029901364,0.0489409855788066,0.0005279805861217,True,0.0020591242858747,True,0.0022597569086009,True,4.483437744376978,5.156131449276192e-17,0.0018810851687305,0.004069884402903,0.301802744402641
D4_GSE330130_MTC,brain,fine,MIG PHAGOCYTIC,ALS,Non-neurological control,14,8,7831.5,0.0016633575532274,0.0013005846316417,2.602974083730071,0.0176287181026816,0.0004283452141973,True,0.0016705463353695,False,0.0018333175167644,False,3.036300134878277,5.040478719111137e-07,0.0021835712260138,0.0011141888859658,0.2174208565997404
D4_GSE330130_MTC,brain,fine,MIG REACTIVE,ALS,Non-neurological control,14,8,7831.5,0.0163431480229807,0.0093186589501857,1.4263054141214715,0.1694277439310453,0.0013327609941298,True,0.0051977678771065,True,0.0057042170548759,True,6.991995557515185,1.2942126305577384e-55,0.0199357217128273,0.0100276999736927,0.5436477354120954
D4_GSE330130_MTC,brain,fine,OD,ALS,Non-neurological control,14,8,7831.5,0.2107711642446772,0.1244160386178156,1.9668369442295184,0.0635745227889568,0.0042871598360287,True,0.0167199233605122,True,0.0183490440982031,True,29.020620498503053,0.0,0.2598638812742225,0.1206109469058046,0.3360367633130577
D4_GSE330130_MTC,brain,fine,OD HEATSHOCK,ALS,Non-neurological control,14,8,7831.5,0.0081583727610679,0.0317084632776869,-1.0037583355332398,0.3489235253488085,0.0009455522751988,True,0.0036876538732753,True,0.0040469637378508,True,33.53433132083596,0.0,0.0,0.0239086365113508,0.6432438396312743
D4_GSE330130_MTC,brain,fine,OD PLP1LOW,ALS,Non-neurological control,14,8,7831.5,0.1027057282865833,0.0593490949554637,1.3080769663641618,0.2057045485343063,0.0031910042806081,True,0.0124449166943717,True,0.0136574983210028,True,18.598876634585036,5.386691201123216e-247,0.1156347480858304,0.0660621160303926,0.5436477354120954
D4_GSE330130_MTC,brain,fine,OD RBFOX1,ALS,Non-neurological control,14,8,7831.5,0.0761817759378168,0.0090213538349052,-0.2363743331845173,0.8178095676693824,0.0027885691269831,True,0.0108754195952344,False,0.011935075863488,False,3.2351193117686723,2.0025393883508842e-67,0.0692976651857453,0.0925550517633586,0.9403128369652728
D4_GSE330130_MTC,brain,fine,OPC HEATSHOCK,ALS,Non-neurological control,14,8,7831.5,0.0008184775261912,0.0031851060332072,-1.0,0.3506166628202074,0.0003005994506039,True,0.0011723378573552,True,0.0012865656485847,True,10.595847819443255,1.3210441695106801e-56,0.0,0.0023986010739542,0.6432438396312743
D4_GSE330130_MTC,brain,fine,OPC HOMEOSTATIC,ALS,Non-neurological control,14,8,7831.5,0.0195325701250422,0.0190592879036028,-1.412453508473691,0.195766232831574,0.0014546512607654,True,0.0056731399169851,True,0.006225907396076,True,13.102307348617702,9.867787982585798e-193,0.01101238302297,0.0309961158137447,0.5436477354120954
D4_GSE330130_MTC,brain,fine,OPC MATURING,ALS,Non-neurological control,14,8,7831.5,0.0241002027712064,0.0010068900889758,-0.0857168161318355,0.933268693946742,0.0016120390876715,False,0.0062869524419189,False,0.0068995272952341,False,0.6246064978674039,0.0053340639621566,0.0257491256262406,0.0235681899073056,0.9591928243341514
D4_GSE330130_MTC,brain,fine,OPC REACTIVE,ALS,Non-neurological control,14,8,7831.5,0.0139616424467725,0.0061928048286866,-0.4718376865439194,0.6468776843072429,0.0012333256577922,True,0.0048099700653896,True,0.0052786338153506,True,5.021224353486999,2.8086473177276097e-30,0.012572076755837,0.0195756797325946,0.886462011828444
D4_GSE330130_MTC,brain,fine,PAX6,ALS,Non-neurological control,14,8,7831.5,0.0061676241973639,0.0009025563998866,-0.4113293609260045,0.6853274542650769,0.0008229588652335,True,0.0032095395744109,False,0.0035222639431997,False,1.096721158268965,0.0517950949143473,0.0058228566027034,0.0065922842419646,0.90561127885028
D4_GSE330130_MTC,brain,fine,PVALB BASKET,ALS,Non-neurological control,14,8,7831.5,0.0227906387293004,0.0001031418073116,-0.0186709880447833,0.9854410954940532,0.0015686810986466,False,0.0061178562847218,False,0.0067139551022075,False,0.0657506534633431,0.7513606718149484,0.0233859533037149,0.02313489422943,0.9854410954940532
D4_GSE330130_MTC,brain,fine,PVALB CHANDELIER,ALS,Non-neurological control,14,8,7831.5,0.005486439675566,0.0022413818385978,-2.2514881080294105,0.0403008491036784,0.0007764495895117,True,0.0030281533990958,False,0.0033232042431103,False,2.8867061930024924,3.4166001092680294e-08,0.0048303242272426,0.0069017811547329,0.2982262833672204
D4_GSE330130_MTC,brain,fine,SNCG,ALS,Non-neurological control,14,8,7831.5,0.0052488171679621,0.0004028506510353,0.1734703881699666,0.86407125558971,0.0007595398432875,False,0.0029622053888212,False,0.0032508305292705,False,0.5303877796479236,0.0202991375073981,0.0058039512241232,0.0049364757586543,0.9403128369652728
D4_GSE330130_MTC,brain,fine,SST LRP,ALS,Non-neurological control,14,8,7831.5,0.0008343190266982,0.0003414050711824,1.6243301662339311,0.129603348563107,0.0003034921303182,True,0.0011836193082411,False,0.0012989463177621,False,1.1249223194829274,0.0129514120764665,0.0009547216183004,0.0005880441342597,0.4795323896834961
D4_GSE330130_MTC,brain,fine,SST MC,ALS,Non-neurological control,14,8,7831.5,0.0150335839810746,0.0086021927783328,2.707074170588714,0.0168142473497508,0.0012791002425882,True,0.0049884909460941,True,0.0054745490382777,True,6.7251904830589115,3.675241266207041e-54,0.0193685603554211,0.0097336779065628,0.2174208565997404
D4_GSE330130_MTC,brain,fine,SST NMC,ALS,Non-neurological control,14,8,7831.5,0.0050217556606961,0.0004487331830923,-0.3124113818108318,0.7598497521621452,0.0007430143255899,False,0.0028977558698009,False,0.0031801013135251,False,0.603936112182006,0.7963649998146531,0.0050949995273655,0.0051995481345073,0.9371480276666458
D4_GSE330130_MTC,brain,fine,VIP,ALS,Non-neurological control,14,8,7831.5,0.0262704883406556,0.0010392433876404,0.182491445668682,0.8570365958623525,0.0016811863114742,False,0.0065566266147496,False,0.0071954774131098,False,0.6181607478882682,0.0680857115197298,0.0272142924662066,0.0257346682966837,0.9403128369652728
D5_GSE158055_COVID_PBMC,blood,coarse,B,severe/critical,control,81,25,5731.0,0.2881718370538298,0.0498203745022915,1.5288046814821517,0.1312021969917785,0.002765083299578,True,0.0107838248683542,True,0.0118345565221938,True,18.0176758182637,0.0,0.2268232545111451,0.1133212121212121,0.1529772992968193
D5_GSE158055_COVID_PBMC,blood,coarse,CD4,severe/critical,control,81,25,5731.0,0.1814111919358827,0.0559003525159505,-2.3490791612233046,0.0229121861842206,0.0023526634637822,True,0.0091753875087507,True,0.010069399624988,True,23.76045421561591,0.0,0.1836135599716947,0.2660060606060606,0.0381869769737011
D5_GSE158055_COVID_PBMC,blood,coarse,CD8,severe/critical,control,81,25,5731.0,0.2639513259852514,0.1228287789847166,-4.75217687175649,1.2207068584043372e-05,0.0026909774579289,True,0.0104948120859227,True,0.0115173835199357,True,45.64467034935715,0.0,0.2526904705743601,0.3992848484848484,0.0001220706858404
D5_GSE158055_COVID_PBMC,blood,coarse,DC,severe/critical,control,81,25,5731.0,0.0090259622380441,0.0023765993791804,-1.50561975961998,0.1376795693671374,0.0005773946597478,True,0.0022518391730166,True,0.0024712491437208,False,4.116074402590235,1.2218082173469295e-20,0.0080382415379172,0.010460606060606,0.1529772992968193
D5_GSE158055_COVID_PBMC,blood,coarse,Macro,severe/critical,control,81,25,5731.0,0.0007811684793873,0.0004266885045869,2.95961597880055,0.0038885233678498,0.00017056798893,True,0.0006652151568273,False,0.0007300309926207,False,2.501574341489481,1.2798394444308224e-08,0.0004846532609977,0.0001575757575757,0.0097213084196245
D5_GSE158055_COVID_PBMC,blood,coarse,Mega,severe/critical,control,81,25,5731.0,0.009316130950424,0.015299284729069,3.1597362058422083,0.0021861816928933,0.0005865164623555,True,0.0022874142031866,True,0.0025102904588818,True,26.085004788483083,0.0,0.0182951999056492,0.0045757575757575,0.0072872723096446
D5_GSE158055_COVID_PBMC,blood,coarse,Mono,severe/critical,control,81,25,5731.0,0.1961318938296981,0.1046219259337223,3.5020717482254557,0.0007854002675072,0.0024241605444409,True,0.0094542261233195,True,0.0103754071302071,True,43.15800212722767,0.0,0.2494877049180328,0.1518969696969697,0.0039270013375364
D5_GSE158055_COVID_PBMC,blood,coarse,NK,severe/critical,control,81,25,5731.0,0.0416856658085486,0.0091643124883504,-0.8358918965569775,0.4073451273852743,0.0012202314992384,True,0.0047589028470298,True,0.0052225908167404,True,7.51030644108938,2.2222692264604133e-53,0.0428945777803986,0.051860606060606,0.4073451273852743
D5_GSE158055_COVID_PBMC,blood,coarse,Neu,severe/critical,control,81,25,5731.0,0.000478135144291,0.0014276974457526,1.6815544543327097,0.0964020556641939,0.0001334646805141,True,0.0005205122540052,True,0.0005712288326006,True,10.697192997071602,1.9963252644560016e-14,0.0008716387545701,0.0002848484848484,0.1377172223774199
D5_GSE158055_COVID_PBMC,blood,coarse,Plasma,severe/critical,control,81,25,5731.0,0.0090466885746426,0.0186740722527755,2.553325282362559,0.0125503126199261,0.0005780511708129,True,0.0022543995661705,True,0.0024740590110794,True,32.30522347444181,0.0,0.0168006987852341,0.0021515151515151,0.0251006252398523
D5_GSE158055_COVID_PBMC,blood,fine,B_c01-TCL1A,severe/critical,control,81,25,5731.0,0.1628439678498784,0.0274056373293499,1.4155847931590335,0.1615730046726476,0.0022541557063586,True,0.0087912072547985,True,0.0096477864232148,True,12.157827985015915,0.0,0.1234575863899044,0.0568787878787878,0.2231246255003229
D5_GSE158055_COVID_PBMC,blood,fine,B_c02-MS4A1-CD27,severe/critical,control,81,25,5731.0,0.0662528069892065,0.0135248484586906,1.6212178301868558,0.1096307000002076,0.0015184890501777,True,0.0059221072956932,True,0.0064991331347608,True,8.906780366382819,0.0,0.053603019223965,0.0287393939393939,0.1718535297300553
D5_GSE158055_COVID_PBMC,blood,fine,B_c03-CD27-AIM2,severe/critical,control,81,25,5731.0,0.0486933116826497,0.0071808762076515,1.2707718634512817,0.207625786550664,0.0013139831608497,True,0.0051245343273139,True,0.0056238479284368,True,5.4649682139060305,1.482976115293077e-249,0.0403496874631442,0.0226242424242424,0.2562190557433726
D5_GSE158055_COVID_PBMC,blood,fine,B_c04-SOX5-TNFRSF1B,severe/critical,control,81,25,5731.0,0.010381750532095,0.0017090125065994,1.0814117976508844,0.2847223104799291,0.0006188195284326,True,0.0024133961608871,False,0.0026485475816915,False,2.7617300813504286,6.915796431896098e-64,0.0094129614341313,0.0050787878787878,0.3302778801567177
D5_GSE158055_COVID_PBMC,blood,fine,B_c05-MZB1-XBP1,severe/critical,control,81,25,5731.0,0.0078538521683321,0.0158239199642363,2.538394608469092,0.0130584211919201,0.0005389196943583,True,0.0021017868079973,True,0.0023065762918535,True,29.362296701882624,0.0,0.0144050743012147,0.0018666666666666,0.0378694214565684
D5_GSE158055_COVID_PBMC,blood,fine,B_c06-MKI67,severe/critical,control,81,25,5731.0,0.0011928364063105,0.0028501522885392,2.55647153794747,0.0124201889506079,0.0002107298875756,True,0.0008218465615449,True,0.0009019239188236,True,13.525145015400136,2.974051947940928e-66,0.0023956244840193,0.0002848484848484,0.0378694214565684
D5_GSE158055_COVID_PBMC,blood,fine,DC_c1-CLEC9A,severe/critical,control,81,25,5731.0,0.0003594947347958,0.0002442276584945,-2.337143111430125,0.0228122329813274,0.0001157345581835,True,0.0004513647769157,False,0.0004953439090254,False,2.110239692688279,1.5381379564481206e-07,0.0002672042693713,0.0005393939393939,0.0531154606021673
D5_GSE158055_COVID_PBMC,blood,fine,DC_c2-CD1C,severe/critical,control,81,25,5731.0,0.0067782267689928,0.0013992921145221,-1.040644138326466,0.3024386882127031,0.0005009288344699,True,0.0019536224544329,False,0.0021439754115315,False,2.7933950258677176,2.796065898676875e-12,0.0063428765184573,0.0079515151515151,0.3439498807124858
D5_GSE158055_COVID_PBMC,blood,fine,DC_c4-LILRA4,severe/critical,control,81,25,5731.0,0.0018882407342554,0.0007330796061636,-1.9687409779700773,0.0530151496922043,0.0002650410452601,True,0.0010336600765145,False,0.0011343756737133,False,2.765909730865154,1.210454101970844e-06,0.0014281607500884,0.0019696969696969,0.1019927861676978
D5_GSE158055_COVID_PBMC,blood,fine,Macro_c1-C1QC,severe/critical,control,81,25,5731.0,0.0001343638372596,0.0001672937661606,2.3741665591603685,0.0197347285897094,7.076310627440606e-05,True,0.0002759761144701,False,0.0003028660948544,False,2.364138248990286,0.0001775466034576,0.0001511086212996,3.0303030303030302e-05,0.0497658373131802
D5_GSE158055_COVID_PBMC,blood,fine,Macro_c2-CCL3L1,severe/critical,control,81,25,5731.0,0.0002294191051082,0.0002171971924307,2.2425792350518625,0.0279147938671739,9.246126600533124e-05,True,0.0003605989374207,False,0.0003957342185028,False,2.349061415816911,7.456149071439484e-05,0.0002966888784054,0.0001151515151515,0.0578235015820032
D5_GSE158055_COVID_PBMC,blood,fine,Macro_c3-EREG,severe/critical,control,81,25,5731.0,7.147012620194885e-07,2.336426762366707e-06,1.0,0.3203256703125817,5.161274859274402e-06,False,2.0128971951170167e-05,False,2.209025639769444e-05,False,0.4526840414569926,1.0,1.842788064630263e-06,0.0,0.3505450731722593
D5_GSE158055_COVID_PBMC,blood,fine,Macro_c4-DNAJB1,severe/critical,control,81,25,5731.0,1.357932397837028e-05,1.8867263406220556e-05,1.2784951643101623,0.2047715742979765,2.2497330820077995e-05,False,8.773959019830418e-05,False,9.628857590993383e-05,False,0.8386445288603862,0.2076323848589908,1.6585092581672368e-05,0.0,0.2562190557433726
D5_GSE158055_COVID_PBMC,blood,fine,Macro_c5-WDR74,severe/critical,control,81,25,5731.0,0.0004016621092549,3.0841221656621116e-05,1.3705102808452818,0.1741651910963077,0.0001223314330516,False,0.0004770925889012,False,0.0005235785334608,False,0.2521119951534617,0.44769211144684,1.842788064630263e-05,6.060606060606061e-06,0.2349204903159499
D5_GSE158055_COVID_PBMC,blood,fine,Macro_c6-VCAN,severe/critical,control,81,25,5731.0,1.429402524038977e-06,9.847365829640572e-06,-0.9999999999999998,0.3272868812797855,7.299142296764779e-06,True,2.846665495738264e-05,False,3.1240329030153254e-05,False,1.34911273534224,0.5280091126386197,0.0,6.060606060606061e-06,0.351530353967177
D5_GSE158055_COVID_PBMC,blood,fine,Mega,severe/critical,control,81,25,5731.0,0.009316130950424,0.015299284729069,3.1597362058422083,0.0021861816928933,0.0005865164623555,True,0.0022874142031866,True,0.0025102904588818,True,26.085004788483083,0.0,0.0182951999056492,0.0045757575757575,0.0126798538187816
D5_GSE158055_COVID_PBMC,blood,fine,Mono_c1-CD14-CCL3,severe/critical,control,81,25,5731.0,0.0255005410288553,0.0240090309729584,3.654387039146448,0.0004541079882084,0.0009624105317504,True,0.0037534010738267,True,0.0041191170758919,True,24.946766666497407,0.0,0.0426163167826394,0.0149878787878787,0.0045537806071149
D5_GSE158055_COVID_PBMC,blood,fine,Mono_c2-CD14-HLA-DPB1,severe/critical,control,81,25,5731.0,0.0549805386846352,0.0352140695280605,3.64277198543888,0.0004710807524601,0.0013916170460507,True,0.0054273064795981,True,0.0059561209570974,True,25.304425256928862,0.0,0.0708938996343908,0.0410181818181818,0.0045537806071149
D5_GSE158055_COVID_PBMC,blood,fine,Mono_c3-CD14-VCAN,severe/critical,control,81,25,5731.0,0.0928647084805022,0.0477531639061704,3.2852871457618513,0.0014708552242531,0.0017719695307059,True,0.0069106811697533,True,0.0075840295914216,True,26.949201483811297,0.0,0.1131306020757164,0.0696666666666666,0.0095554816535463
D5_GSE158055_COVID_PBMC,blood,fine,Mono_c4-CD14-CD16,severe/critical,control,81,25,5731.0,0.0058083771564323,0.0023344243645944,2.3132053327594866,0.0231416374562032,0.000463935197431,True,0.0018093472699809,True,0.0019856426450046,True,5.031789735982688,9.820330551822684e-26,0.006239680386838,0.0040121212121212,0.0531154606021673
D5_GSE158055_COVID_PBMC,blood,fine,Mono_c5-CD16,severe/critical,control,81,25,5731.0,0.0169777284792729,0.0046887628380614,-1.1240907828857771,0.2673248278255896,0.0007887081688308,True,0.0030759618584403,True,0.003375670962596,True,5.944864049033392,5.390977859862255e-51,0.0166072060384479,0.0222121212121212,0.3205945778295341
D5_GSE158055_COVID_PBMC,blood,fine,NK_c01-FCGR3A,severe/critical,control,81,25,5731.0,0.040599319890279,0.0091405222882395,-0.8504863542851029,0.399247498535373,0.0012049090284758,True,0.0046991452110559,True,0.0051570106418767,True,7.58606838542957,2.2446898260655278e-55,0.0417317785116169,0.0507575757575757,0.4210246348191206
D5_GSE158055_COVID_PBMC,blood,fine,NK_c02-NCAM1,severe/critical,control,81,25,5731.0,0.0006596692648439,0.0004033360583037,-1.3658282261339598,0.18233322490242,0.000156752581121,True,0.0006113350663722,False,0.0006709010471982,False,2.5730744299019737,9.958382350621209e-05,0.0006136484255218,0.0009030303030303,0.2403483419168264
D5_GSE158055_COVID_PBMC,blood,fine,NK_c03-MKI67,severe/critical,control,81,25,5731.0,0.0004266766534256,0.0003795458581928,2.729455511620104,0.0075084272217664,0.0001260815783818,True,0.0004917181556892,False,0.0005396291554743,False,3.010319691932651,1.355910171638279e-08,0.0005491508432598,0.0002,0.0273774053215471
D5_GSE158055_COVID_PBMC,blood,fine,Neu_c1-IL1B,severe/critical,control,81,25,5731.0,0.0002101221710337,0.0003408219727147,3.5433415896071185,0.0005956974328559,8.848816228925209e-05,True,0.000345103832928,False,0.0003787293345979,False,3.8516109262234863,5.023754425552543e-08,0.0003482869442151,8.484848484848485e-05,0.0049357787293778
D5_GSE158055_COVID_PBMC,blood,fine,Neu_c2-CXCR4(low),severe/critical,control,81,25,5731.0,3.502036183895494e-05,6.971141040214e-05,1.4286824362699837,0.1562840349251845,3.612830429586076e-05,True,0.0001409003867538,False,0.0001546291423862,False,1.9295511306387796,0.0977025725716961,5.344085387427763e-05,1.8181818181818185e-05,0.2210847323331878
D5_GSE158055_COVID_PBMC,blood,fine,Neu_c3-CST7,severe/critical,control,81,25,5731.0,0.0001929693407452,0.0010577250955354,1.2906121774959016,0.2004617081175622,8.48002471753862e-05,True,0.000330720963984,True,0.0003629450579106,True,12.473136939658536,1.3056321951023912e-09,0.0004367407713173,0.0001090909090909,0.2562190557433726
D5_GSE158055_COVID_PBMC,blood,fine,Neu_c4-RSAD2,severe/critical,control,81,25,5731.0,1.429402524038977e-06,1.7541459238911169e-06,1.0,0.3203256703125817,7.299142296764779e-06,False,2.846665495738264e-05,False,3.1240329030153254e-05,False,0.2403221984956523,1.0,1.842788064630263e-06,0.0,0.3505450731722593
D5_GSE158055_COVID_PBMC,blood,fine,Neu_c5-GSTP1(high)OASL(low),severe/critical,control,81,25,5731.0,3.359095931491596e-05,5.565428249115212e-05,-1.767605801684534,0.0882903598436856,3.538333608231728e-05,True,0.000137995010721,False,0.0001514406784323,False,1.57289528499166,0.0013180167295605,1.842788064630263e-05,7.272727272727273e-05,0.1496577200012504
D5_GSE158055_COVID_PBMC,blood,fine,Neu_c6-FGF23,severe/critical,control,81,25,5731.0,5.002908834136419e-06,1.3339103667552216e-05,1.66141255523162,0.1005448432460383,1.3655420446936189e-05,False,5.325613974305113e-05,False,5.844519951288688e-05,False,0.9768358081237298,0.3115446252069648,1.2899516452411842e-05,0.0,0.1619889141186173
D5_GSE158055_COVID_PBMC,blood,fine,T_CD4_c01-LEF1,severe/critical,control,81,25,5731.0,0.0757933541359047,0.035184369920392,-2.345026515473365,0.0238103788906267,0.0016158274259064,True,0.0063017269610351,True,0.0069157413828796,True,21.774831492697437,0.0,0.0712495577308644,0.1243515151515151,0.0531154606021673
D5_GSE158055_COVID_PBMC,blood,fine,T_CD4_c02-AQP3,severe/critical,control,81,25,5731.0,0.0117482593450763,0.0066014575056678,-2.924443264329545,0.0062639396904734,0.0006578326500229,True,0.0025655473350895,True,0.0028155237420982,True,10.035162446615278,5.2525794377147554e-194,0.0106550005896921,0.0200666666666666,0.0273774053215471
D5_GSE158055_COVID_PBMC,blood,fine,T_CD4_c03-ITGA4,severe/critical,control,81,25,5731.0,0.0083970251274669,0.0032542546616398,-1.5413196380517389,0.1316343933084738,0.0005570914655497,True,0.0021726567156439,True,0.0023843514725528,True,5.841508733989799,1.6348817699500654e-101,0.0082391054369619,0.0141090909090909,0.195763969535679
D5_GSE158055_COVID_PBMC,blood,fine,T_CD4_c04-ANXA2,severe/critical,control,81,25,5731.0,0.0143104633694162,0.0098826124491736,-2.7622404767058,0.0097873024305767,0.0007250897898165,True,0.0028278501802846,True,0.0031033843004149,True,13.62950159824158,0.0,0.0128000058969218,0.0268424242424242,0.031536863387414
D5_GSE158055_COVID_PBMC,blood,fine,T_CD4_c05-FOS,severe/critical,control,81,25,5731.0,0.0141253557425531,0.0057267817482204,1.7151364490554255,0.0903106931042028,0.0007204526017164,True,0.0028097651466941,True,0.0030835371353463,True,7.948866774270314,1.0747448131966162e-100,0.0171950554310649,0.0098,0.1496577200012504
D5_GSE158055_COVID_PBMC,blood,fine,T_CD4_c06-NR4A2,severe/critical,control,81,25,5731.0,0.0174915986866649,0.0093444182663678,2.2785304965781914,0.0251467395328397,0.0008003459600029,True,0.0031213492440114,True,0.0034254807088126,True,11.675473774283152,8.370743647994679e-133,0.0234550064866139,0.0135333333333333,0.0540189219594336
D5_GSE158055_COVID_PBMC,blood,fine,T_CD4_c07-AHNAK,severe/critical,control,81,25,5731.0,0.0117618386690547,0.0010444062774931,0.3654544217250429,0.7165761076837283,0.0006582081987321,True,0.0025670119750554,False,0.0028171310905737,False,1.5867415196360009,1.4697393031706442e-19,0.0140862719660337,0.0111575757575757,0.7165761076837283
D5_GSE158055_COVID_PBMC,blood,fine,T_CD4_c08-GZMK-FOS_h,severe/critical,control,81,25,5731.0,0.0035334830394243,0.0022530775288228,-2.5651530779045597,0.0148313499075799,0.000362266127794,True,0.0014128378983968,True,0.0015504990269585,True,6.219398823021245,6.478406647280972e-23,0.0032635776624601,0.0049393939393939,0.0409627759352207
D5_GSE158055_COVID_PBMC,blood,fine,T_CD4_c09-GZMK-FOS_l,severe/critical,control,81,25,5731.0,0.0056740133191727,0.0063741429010676,-3.09214352668076,0.004763666978581,0.0004585687321937,True,0.0017884180555556,True,0.0019626741737892,True,13.900081827590675,6.333854119468754e-247,0.0042844822502653,0.0115636363636363,0.023024390396475
D5_GSE158055_COVID_PBMC,blood,fine,T_CD4_c10-IFNG,severe/critical,control,81,25,5731.0,0.000223701495012,0.0001363729202551,1.10740580322117,0.2708471433387444,9.13020922993794e-05,True,0.0003560781599675,False,0.0003907729550413,False,1.493645072316541,8.657284797447208e-05,0.0004146273145418,0.0002,0.3205945778295341
D5_GSE158055_COVID_PBMC,blood,fine,T_CD4_c11-GNLY,severe/critical,control,81,25,5731.0,0.0083291285075751,0.0066221030290287,-2.210661662802877,0.0353591788421095,0.0005548536255264,True,0.0021639291395531,True,0.0023747735172532,True,11.93486484430118,2.2360211037724188e-194,0.0071186902936667,0.015,0.0707183576842191
D5_GSE158055_COVID_PBMC,blood,fine,T_CD4_c12-FOXP3,severe/critical,control,81,25,5731.0,0.0087486581483805,0.0029037606233999,-1.9492536305190908,0.0588061362086352,0.0005685353667788,True,0.0022172879304374,True,0.0024333313698134,True,5.107440615087599,1.1637378894301698e-58,0.0090831023705625,0.0136363636363636,0.1065861218781513
D5_GSE158055_COVID_PBMC,blood,fine,T_CD4_c13-MKI67-CCL5_l,severe/critical,control,81,25,5731.0,0.0011814011861182,0.0008428006333641,3.8565093525485015,0.0001997194622273,0.000209718566252,True,0.000817902408383,True,0.0008975954635588,False,4.018722082770588,4.292923798130502e-16,0.0016308674371977,0.0007636363636363,0.0028959322022968
D5_GSE158055_COVID_PBMC,blood,fine,T_CD4_c14-MKI67-CCL5_h,severe/critical,control,81,25,5731.0,9.29111640625335e-05,8.064625754119509e-05,2.6494276148880664,0.0093234914976095,5.884487473308909e-05,True,0.000229495011459,False,0.0002518560638576,False,1.3704890681982684,0.0024073989704571,0.0001382091048472,4.242424242424242e-05,0.031536863387414
D5_GSE158055_COVID_PBMC,blood,fine,T_CD8_c01-LEF1,severe/critical,control,81,25,5731.0,0.0524590726322304,0.0303753403895559,-3.4100928859700956,0.0014827471531365,0.0013611442774651,True,0.0053084626821139,True,0.0058256975075506,True,22.31603283534693,0.0,0.0504997641231277,0.0802242424242424,0.0095554816535463
D5_GSE158055_COVID_PBMC,blood,fine,T_CD8_c02-GPR183,severe/critical,control,81,25,5731.0,0.0193362426439372,0.0066522337860246,-2.491271041961467,0.0161545626934632,0.000840699859096,True,0.0032787294504744,True,0.0035981953969309,True,7.912733318615683,2.577639620895843e-44,0.0207147806345087,0.0264848484848484,0.0425893016464031
D5_GSE158055_COVID_PBMC,blood,fine,T_CD8_c03-GZMK,severe/critical,control,81,25,5731.0,0.0291047794932196,0.0061775433405912,-1.556748435511969,0.1242855106206983,0.0010262737167284,True,0.0040024674952409,True,0.0043924515075977,True,6.0193915520745165,3.3493905036948595e-100,0.0303193920273617,0.0409636363636363,0.1896989372631712
D5_GSE158055_COVID_PBMC,blood,fine,T_CD8_c04-COTL1,severe/critical,control,81,25,5731.0,0.0130425833305936,0.0014196231622648,-0.5243823263004441,0.6018378340391658,0.0006926692144658,True,0.0027014099364168,False,0.0029646242379138,False,2.0494965455618575,1.0263355423507181e-53,0.013750884538271,0.0190242424242424,0.6123963925310809
D5_GSE158055_COVID_PBMC,blood,fine,T_CD8_c05-ZNF683,severe/critical,control,81,25,5731.0,0.0440792003350519,0.0128896517930016,-1.495371975573171,0.1418852529576506,0.0012532066122132,True,0.0048875057876315,True,0.0053637243002725,True,10.285336565722313,1.6629610246014242e-265,0.0433829166175256,0.0643636363636363,0.2057336167885934
D5_GSE158055_COVID_PBMC,blood,fine,T_CD8_c06-TNF,severe/critical,control,81,25,5731.0,0.0102273750594988,0.0012399900955931,0.6048222632489582,0.5468766063551047,0.0006142493120088,True,0.0023955723168344,False,0.0026289870553978,False,2.0187081553871487,1.3675483244047104e-05,0.0123429944568935,0.0110060606060606,0.5664079137249299
D5_GSE158055_COVID_PBMC,blood,fine,T_CD8_c07-TYROBP,severe/critical,control,81,25,5731.0,0.0435653301276599,0.0207030549773838,-1.842036034756222,0.0737373659546966,0.0012462151549325,True,0.0048602391042369,True,0.0053338008631113,True,16.612745315638797,0.0,0.0387298767543342,0.064090909090909,0.1295990068294668
D5_GSE158055_COVID_PBMC,blood,fine,T_CD8_c08-IL2RB,severe/critical,control,81,25,5731.0,0.0216132808647313,0.0177083452653722,-4.309641483007294,0.000122610264712,0.0008877904957624,True,0.0034623829334737,True,0.0037997433218634,True,19.946536204088513,0.0,0.0179450701733695,0.0384484848484848,0.0023704651177668
D5_GSE158055_COVID_PBMC,blood,fine,T_CD8_c09-SLC4A10,severe/critical,control,81,25,5731.0,0.0129511015690551,0.0126054546390896,-4.838943855065716,3.555465751938942e-05,0.0006902677085763,True,0.0026920440634476,True,0.0029543457927066,True,18.261689606034743,0.0,0.0099897540983606,0.0228666666666666,0.0010310850680622
D5_GSE158055_COVID_PBMC,blood,fine,T_CD8_c10-MKI67-GZMK,severe/critical,control,81,25,5731.0,0.0042403225875616,0.0025208129792706,2.732106262828559,0.0074207167904975,0.0003967085722095,True,0.0015471634316174,True,0.001697912689057,True,6.354319406888931,4.2333759543341356e-27,0.0062157241419978,0.0039333333333333,0.0273774053215471
D5_GSE158055_COVID_PBMC,blood,fine,T_CD8_c11-MKI67-FOS,severe/critical,control,81,25,5731.0,0.0003280478792669,0.0003742158338591,2.932497419895625,0.0043462600389657,0.0001105585258294,True,0.0004311782507347,False,0.0004731904905499,False,3.3847759008335596,2.3064240179809613e-21,0.000707630616818,7.272727272727273e-05,0.0229166438418195
D5_GSE158055_COVID_PBMC,blood,fine,T_CD8_c12-MKI67-TYROBP,severe/critical,control,81,25,5731.0,0.000772592064243,0.0005758528699895,2.724948898087879,0.0075523876749095,0.0001696298034087,True,0.000661556233294,False,0.0007260155585893,False,3.394762349644318,1.378958289130466e-05,0.0009287651845736,0.0005696969696969,0.0273774053215471
D5_GSE158055_COVID_PBMC,blood,fine,T_CD8_c13-HAVCR2,severe/critical,control,81,25,5731.0,0.0007482922213344,0.0002703121999563,-1.9612464293793217,0.0545133857103212,0.0001669428922482,True,0.0006510772797681,False,0.0007145155788224,False,1.6191896301548154,7.953371087476771e-07,0.0006541897629437,0.0010363636363636,0.1019927861676978
D5_GSE158055_COVID_PBMC,blood,fine,T_gdT_c14-TRDV2,severe/critical,control,81,25,5731.0,0.0114831051768671,0.0187380912101887,-6.502331368465005,5.079107143842003e-07,0.0006504539986417,True,0.0025367705947028,True,0.0027839431141866,True,28.807711612684347,0.0,0.006508727444274,0.0262,2.945882143428362e-05
