cohort,celltype,n,seed,linker,k,n_aggregates,n_obs,match_tested,null,archr_defaults,window,depth_atac,depth_rna,n_tested_all,prox_tested_all,n_tested_var,prox_tested_var,n_links,prox_links,band_edges,band_links,band_tested,median_link_dist,OR,lo,hi,OR_varpeaks,lo_varpeaks,hi_varpeaks,sc_n_tested_all,sc_prox_tested_all
primary,Exc_LINC00507_FREM3,150,0,single_cell,0,0,150,True,none,False,500000,5564,5265,437592,5851,437592,5851,1367,15,"[0, 3000, 10000, 50000, 100000, 250000, 500001]","[15, 16, 125, 142, 409, 660]","[5851, 5287, 37307, 46145, 133062, 209940]",241085.0,0.8455728131387389,0.4613136448668855,1.345504021963266,0.8455728131387389,0.5159653642094042,1.291022551285452,591848,6085
primary,Exc_LINC00507_FREM3,150,0,knn_aggregate,25,120,120,True,none,False,500000,5564,5265,437592,5851,437592,5851,104321,1611,"[0, 3000, 10000, 50000, 100000, 250000, 500001]","[1611, 1315, 8891, 11027, 31802, 49675]","[5851, 5287, 37307, 46145, 133062, 209940]",237749.0,1.157636077835801,1.1051395031513538,1.214590485907931,1.157636077835801,1.1000395921089257,1.2153577710889951,591848,6085
primary,Exc_LINC00507_FREM3,150,0,knn_aggregate,25,120,120,True,none,True,500000,5564,5265,437592,5851,437592,5851,7240,123,"[0, 3000, 10000, 50000, 100000, 250000, 500001]","[123, 106, 635, 764, 2221, 3391]","[5851, 5287, 37307, 46145, 133062, 209940]",232016.0,1.2802537849835172,1.0699187913108632,1.5129918047245392,1.2802537849835172,1.0594329797435516,1.5132571371612376,591848,6085
primary,Exc_LINC00507_FREM3,150,0,single_cell,0,0,150,True,trans,False,500000,5564,5265,437592,5851,438382,5982,1341,7,"[0, 3000, 10000, 50000, 100000, 250000, 500001]","[7, 11, 106, 155, 422, 640]","[5982, 5389, 37886, 46012, 132139, 210974]",237951.0,0.4146668063803567,0.137706321541517,0.7497712725677492,0.40620584234928997,0.18899623341082766,0.7344727541642675,591848,6085
primary,Exc_LINC00507_FREM3,150,0,knn_aggregate,25,120,120,True,trans,False,500000,5564,5265,437592,5851,438382,5982,105196,1622,"[0, 3000, 10000, 50000, 100000, 250000, 500001]","[1622, 1332, 9126, 11155, 31804, 50157]","[5982, 5389, 37886, 46012, 132139, 210974]",238038.5,1.1558153202811063,1.104462088344595,1.212292894569837,1.1322317787461127,1.076282162815469,1.189686528054251,591848,6085
primary,Exc_LINC00507_FREM3,150,0,knn_aggregate,25,120,120,True,trans,True,500000,5564,5265,437592,5851,438382,5982,6930,107,"[0, 3000, 10000, 50000, 100000, 250000, 500001]","[107, 90, 649, 708, 2134, 3242]","[5982, 5389, 37886, 46012, 132139, 210974]",232961.0,1.1624060322868126,0.9649512943287303,1.3937701653847714,1.1386880122347027,0.9348285012873224,1.3761587828500381,591848,6085
primary,Exc_LINC00507_FREM3,150,1,single_cell,0,0,150,True,none,False,500000,5564,5265,448644,5917,448644,5917,1417,14,"[0, 3000, 10000, 50000, 100000, 250000, 500001]","[14, 20, 113, 145, 406, 719]","[5917, 5424, 38023, 47260, 136163, 215857]",254235.0,0.7729543002292687,0.4511823250191493,1.2062877282084048,0.7729543002292687,0.3978198096927399,1.2062877282084048,597361,6145
primary,Exc_LINC00507_FREM3,150,1,knn_aggregate,25,124,124,True,none,False,500000,5564,5265,448644,5917,448644,5917,112804,1659,"[0, 3000, 10000, 50000, 100000, 250000, 500001]","[1659, 1422, 9672, 11970, 34209, 53872]","[5917, 5424, 38023, 47260, 136163, 215857]",238584.0,1.1170782737799685,1.0658734213809091,1.1731584901853995,1.1170782737799685,1.0624622198594835,1.1717901116855396,597361,6145
primary,Exc_LINC00507_FREM3,150,1,knn_aggregate,25,124,124,True,none,True,500000,5564,5265,448644,5917,448644,5917,7521,127,"[0, 3000, 10000, 50000, 100000, 250000, 500001]","[127, 99, 699, 805, 2275, 3516]","[5917, 5424, 38023, 47260, 136163, 215857]",231729.0,1.2900293876147628,1.0745024273908512,1.5171364542096646,1.2900293876147628,1.084737931871298,1.5274917118908815,597361,6145
primary,Exc_LINC00507_FREM3,150,1,single_cell,0,0,150,True,trans,False,500000,5564,5265,448644,5917,451985,5976,1258,3,"[0, 3000, 10000, 50000, 100000, 250000, 500001]","[3, 16, 107, 149, 378, 605]","[5976, 5549, 38044, 47822, 137530, 217064]",242691.5,0.20856890434096734,0.02972453140360798,0.4483618390504272,0.20804079885032253,0.029649267603902598,0.5072620997614508,597361,6145
primary,Exc_LINC00507_FREM3,150,1,knn_aggregate,25,124,124,True,trans,False,500000,5564,5265,448644,5917,451985,5976,114108,1659,"[0, 3000, 10000, 50000, 100000, 250000, 500001]","[1659, 1441, 9676, 12109, 34723, 54500]","[5976, 5549, 38044, 47822, 137530, 217064]",238579.0,1.10412428048512,1.0535214541072868,1.1595442421888307,1.1013285900310663,1.0474913045910323,1.1552593932295487,597361,6145
primary,Exc_LINC00507_FREM3,150,1,knn_aggregate,25,124,124,True,trans,True,500000,5564,5265,448644,5917,451985,5976,7165,129,"[0, 3000, 10000, 50000, 100000, 250000, 500001]","[129, 88, 609, 733, 2230, 3376]","[5976, 5549, 38044, 47822, 137530, 217064]",235332.0,1.376928245264425,1.1502098535462444,1.615898752547796,1.373441803367222,1.1472974724270604,1.633550974233156,597361,6145
primary,Exc_LINC00507_FREM3,150,2,single_cell,0,0,150,True,none,False,500000,5564,5265,445389,5821,445389,5821,1326,6,"[0, 3000, 10000, 50000, 100000, 250000, 500001]","[6, 15, 127, 126, 428, 624]","[5821, 5415, 37843, 46693, 135580, 214037]",237264.5,0.37167779168493137,0.14252127767225714,0.7180275096116568,0.37167779168493137,0.14252127767225714,0.7180275096116568,591955,6065
primary,Exc_LINC00507_FREM3,150,2,knn_aggregate,25,119,119,True,none,False,500000,5564,5265,445389,5821,445389,5821,118126,1722,"[0, 3000, 10000, 50000, 100000, 250000, 500001]","[1722, 1514, 9988, 12516, 35930, 56456]","[5821, 5415, 37843, 46693, 135580, 214037]",238830.0,1.1173291310798745,1.0640466773376562,1.1706857895830074,1.1173291310798745,1.0640466773376562,1.1739983267447809,591955,6065
primary,Exc_LINC00507_FREM3,150,2,knn_aggregate,25,119,119,True,none,True,500000,5564,5265,445389,5821,445389,5821,8721,152,"[0, 3000, 10000, 50000, 100000, 250000, 500001]","[152, 130, 812, 922, 2678, 4027]","[5821, 5415, 37843, 46693, 135580, 214037]",230512.0,1.3437114614494636,1.1290799812687375,1.568568048646524,1.3437114614494636,1.137999021465657,1.5775896839200547,591955,6065
primary,Exc_LINC00507_FREM3,150,2,single_cell,0,0,150,True,trans,False,500000,5564,5265,445389,5821,445609,5729,1229,5,"[0, 3000, 10000, 50000, 100000, 250000, 500001]","[5, 11, 114, 129, 364, 606]","[5729, 5331, 37738, 46423, 136011, 214377]",243923.0,0.3391529203831687,0.09219508291912311,0.6501284260459198,0.3448433745234978,0.15636390005703502,0.661036561495731,591955,6065
primary,Exc_LINC00507_FREM3,150,2,knn_aggregate,25,119,119,True,trans,False,500000,5564,5265,445389,5821,445609,5729,118778,1704,"[0, 3000, 10000, 50000, 100000, 250000, 500001]","[1704, 1430, 9989, 12329, 36323, 57003]","[5729, 5331, 37738, 46423, 136011, 214377]",239711.0,1.0993256339031432,1.047650910956786,1.1523642641015548,1.1177705940643192,1.0632522315935249,1.17503049837028,591955,6065
primary,Exc_LINC00507_FREM3,150,2,knn_aggregate,25,119,119,True,trans,True,500000,5564,5265,445389,5821,445609,5729,8452,138,"[0, 3000, 10000, 50000, 100000, 250000, 500001]","[138, 115, 735, 873, 2556, 4035]","[5729, 5331, 37738, 46423, 136011, 214377]",238040.0,1.257781772582899,1.0460147251805687,1.480008817079645,1.2788853782582934,1.0729022526374963,1.5048410440625632,591955,6065
primary,Exc_LINC00507_FREM3,400,0,single_cell,0,0,400,True,none,False,500000,5564,5265,525704,5854,525704,5854,821,6,"[0, 3000, 10000, 50000, 100000, 250000, 500001]","[6, 12, 74, 81, 252, 396]","[5854, 6183, 44777, 55332, 159718, 253840]",240185.0,0.7077470159648609,0.27088172502902524,1.3711400473211006,0.7077470159648609,0.27088172502902524,1.3711400473211006,577802,5924
primary,Exc_LINC00507_FREM3,400,0,knn_aggregate,25,398,398,True,none,False,500000,5564,5265,525704,5854,525704,5854,233348,2888,"[0, 3000, 10000, 50000, 100000, 250000, 500001]","[2888, 2780, 19936, 24466, 70884, 112394]","[5854, 6183, 44777, 55332, 159718, 253840]",240749.5,1.1129214880999132,1.0742964018527703,1.1535126018695352,1.1129214880999132,1.0723572487038262,1.1546840432680776,577802,5924
primary,Exc_LINC00507_FREM3,400,0,knn_aggregate,25,398,398,True,none,True,500000,5564,5265,525704,5854,525704,5854,2985,67,"[0, 3000, 10000, 50000, 100000, 250000, 500001]","[67, 45, 285, 350, 948, 1290]","[5854, 6183, 44777, 55332, 159718, 253840]",216947.0,2.0536797974489387,1.589138928545086,2.5859658761852398,2.0536797974489387,1.6199604693440834,2.5859658761852398,577802,5924
primary,Exc_LINC00507_FREM3,400,0,single_cell,0,0,400,True,trans,False,500000,5564,5265,525704,5854,526962,5871,640,0,"[0, 3000, 10000, 50000, 100000, 250000, 500001]","[0, 7, 49, 83, 178, 323]","[5871, 6167, 44815, 55421, 160146, 254542]",253177.0,0.06931696289189264,0.06931696289189264,0.34767043643114515,0.06928126264933822,0.06928126264933822,0.34749137609162983,577802,5924
primary,Exc_LINC00507_FREM3,400,0,knn_aggregate,25,398,398,True,trans,False,500000,5564,5265,525704,5854,526962,5871,234104,2871,"[0, 3000, 10000, 50000, 100000, 250000, 500001]","[2871, 2808, 19861, 24615, 71110, 112839]","[5871, 6167, 44815, 55421, 160146, 254542]",240831.5,1.1026729565887006,1.06457947896882,1.1431237041211217,1.1021050480946455,1.0613232618260426,1.1437017497610618,577802,5924
primary,Exc_LINC00507_FREM3,400,0,knn_aggregate,25,398,398,True,trans,True,500000,5564,5265,525704,5854,526962,5871,2644,44,"[0, 3000, 10000, 50000, 100000, 250000, 500001]","[44, 30, 212, 270, 801, 1287]","[5871, 6167, 44815, 55421, 160146, 254542]",243149.5,1.519468875666562,1.070228975753666,2.008315957345485,1.5186863052083064,1.1031987341120795,2.0072816164884717,577802,5924
primary,Exc_LINC00507_FREM3,400,1,single_cell,0,0,400,True,none,False,500000,5564,5265,531145,5937,531145,5937,794,9,"[0, 3000, 10000, 50000, 100000, 250000, 500001]","[9, 5, 74, 86, 227, 393]","[5937, 6250, 45115, 55826, 161572, 256445]",247802.0,1.0698072565245067,0.5035455507839808,1.8747935503498632,1.0698072565245067,0.5035455507839808,1.8747935503498632,584158,6012
primary,Exc_LINC00507_FREM3,400,1,knn_aggregate,25,399,399,True,none,False,500000,5564,5265,531145,5937,531145,5937,236796,2888,"[0, 3000, 10000, 50000, 100000, 250000, 500001]","[2888, 2883, 20286, 25129, 71841, 113769]","[5937, 6250, 45115, 55826, 161572, 256445]",240002.0,1.092331584718856,1.0540643850206521,1.133696928251583,1.092331584718856,1.0525343773021572,1.1329401356867277,584158,6012
primary,Exc_LINC00507_FREM3,400,1,knn_aggregate,25,399,399,True,none,True,500000,5564,5265,531145,5937,531145,5937,2914,59,"[0, 3000, 10000, 50000, 100000, 250000, 500001]","[59, 46, 314, 357, 840, 1298]","[5937, 6250, 45115, 55826, 161572, 256445]",219033.0,1.8431595240947756,1.402598244696949,2.3519777129034947,1.8431595240947756,1.4339242919919635,2.3519777129034947,584158,6012
primary,Exc_LINC00507_FREM3,400,1,single_cell,0,0,400,True,trans,False,500000,5564,5265,531145,5937,530662,5947,771,3,"[0, 3000, 10000, 50000, 100000, 250000, 500001]","[3, 11, 79, 97, 211, 370]","[5947, 6292, 44882, 55712, 161210, 256619]",236532.0,0.4028582816833887,0.05732739366238019,0.8677845168841004,0.40180340722593566,0.05717728329842266,0.982198636673821,584158,6012
primary,Exc_LINC00507_FREM3,400,1,knn_aggregate,25,399,399,True,trans,False,500000,5564,5265,531145,5937,530662,5947,236851,2917,"[0, 3000, 10000, 50000, 100000, 250000, 500001]","[2917, 2918, 20087, 24830, 71870, 114229]","[5947, 6292, 44882, 55712, 161210, 256619]",240964.0,1.103175766586036,1.06566365281181,1.1445510991492542,1.1002871280966147,1.0602122360290618,1.141162377468734,584158,6012
primary,Exc_LINC00507_FREM3,400,1,knn_aggregate,25,399,399,True,trans,True,500000,5564,5265,531145,5937,530662,5947,2497,30,"[0, 3000, 10000, 50000, 100000, 250000, 500001]","[30, 34, 200, 273, 756, 1204]","[5947, 6292, 44882, 55712, 161210, 256619]",240122.0,1.0933791841305391,0.7319279324446333,1.4952903190937497,1.0905161977502402,0.7300113972367533,1.490461529563544,584158,6012
primary,Exc_LINC00507_FREM3,400,2,single_cell,0,0,400,True,none,False,500000,5564,5265,525094,5892,525094,5892,723,4,"[0, 3000, 10000, 50000, 100000, 250000, 500001]","[4, 4, 61, 72, 205, 377]","[5892, 6154, 44640, 55350, 159581, 253477]",257175.0,0.5510853922917643,0.1829323828161128,1.171543869889521,0.5510853922917643,0.1829323828161128,1.171543869889521,581387,5963
primary,Exc_LINC00507_FREM3,400,2,knn_aggregate,25,398,398,True,none,False,500000,5564,5265,525094,5892,525094,5892,220422,2699,"[0, 3000, 10000, 50000, 100000, 250000, 500001]","[2699, 2666, 18728, 23298, 67194, 105837]","[5892, 6154, 44640, 55350, 159581, 253477]",239725.5,1.0924843098555115,1.0519408094307987,1.1347050853924079,1.0924843098555115,1.0506923273575006,1.137165779954815,581387,5963
primary,Exc_LINC00507_FREM3,400,2,knn_aggregate,25,398,398,True,none,True,500000,5564,5265,525094,5892,525094,5892,2183,57,"[0, 3000, 10000, 50000, 100000, 250000, 500001]","[57, 34, 232, 258, 659, 943]","[5892, 6154, 44640, 55350, 159581, 253477]",212839.0,2.3825369319278584,1.7906520677199735,3.068592126343252,2.3825369319278584,1.7906520677199735,3.0254090701354515,581387,5963
primary,Exc_LINC00507_FREM3,400,2,single_cell,0,0,400,True,trans,False,500000,5564,5265,525094,5892,527594,5868,702,1,"[0, 3000, 10000, 50000, 100000, 250000, 500001]","[1, 9, 49, 70, 229, 344]","[5868, 6085, 44637, 55797, 160839, 254368]",244461.5,0.18840861950768567,0.06271347406151435,0.5676534570564417,0.19009879813646813,0.06327606495503316,0.5727457704770181,581387,5963
primary,Exc_LINC00507_FREM3,400,2,knn_aggregate,25,398,398,True,trans,False,500000,5564,5265,525094,5892,527594,5868,221991,2810,"[0, 3000, 10000, 50000, 100000, 250000, 500001]","[2810, 2612, 18995, 23404, 67560, 106610]","[5868, 6085, 44637, 55797, 160839, 254368]",239839.0,1.1298398244563979,1.088735452885619,1.1726122735437843,1.1399754070546537,1.0972710054705856,1.1847867023490435,581387,5963
primary,Exc_LINC00507_FREM3,400,2,knn_aggregate,25,398,398,True,trans,True,500000,5564,5265,525094,5892,527594,5868,1932,31,"[0, 3000, 10000, 50000, 100000, 250000, 500001]","[31, 22, 134, 211, 589, 945]","[5868, 6085, 44637, 55797, 160839, 254368]",244114.5,1.459658994623966,0.9910631795517629,2.0285211701268078,1.4727533235589694,0.9999538227199394,1.9986099067058543,581387,5963
primary,Exc_LINC00507_FREM3,900,0,single_cell,0,0,900,True,none,False,500000,5564,5265,565949,5933,565949,5933,402,6,"[0, 3000, 10000, 50000, 100000, 250000, 500001]","[6, 6, 35, 29, 143, 183]","[5933, 6537, 48012, 59265, 171922, 274280]",220093.5,1.5472483965038741,0.5891520111531606,3.0211956525843893,1.5472483965038741,0.5891520111531606,3.0211956525843893,580125,5951
primary,Exc_LINC00507_FREM3,900,0,knn_aggregate,25,500,500,True,none,False,500000,5564,5265,565949,5933,564051,5929,185801,2242,"[0, 3000, 10000, 50000, 100000, 250000, 500001]","[2242, 2201, 15967, 19570, 56672, 89149]","[5929, 6519, 47867, 59084, 171378, 273274]",239937.0,1.1530428895195084,1.1082913762781121,1.200949128755425,1.1499184527947086,1.1011528473904248,1.1992536126346627,580125,5951
primary,Exc_LINC00507_FREM3,900,0,knn_aggregate,25,500,500,True,none,True,500000,5564,5265,565949,5933,564051,5929,465,22,"[0, 3000, 10000, 50000, 100000, 250000, 500001]","[22, 7, 64, 57, 151, 164]","[5929, 6519, 47867, 59084, 171378, 273274]",174874.0,4.788271531457875,2.8158211149634043,7.075939898659586,4.77529660090049,3.02288555346286,7.056766000894983,580125,5951
primary,Exc_LINC00507_FREM3,900,0,single_cell,0,0,900,True,trans,False,500000,5564,5265,565949,5933,567160,5915,321,2,"[0, 3000, 10000, 50000, 100000, 250000, 500001]","[2, 4, 22, 35, 96, 162]","[5915, 6504, 47564, 59265, 172840, 275072]",252034.0,0.7385144928539619,0.14678406249881232,1.9444817407726978,0.7423873437187707,0.14755381419480387,1.9546788159340185,580125,5951
primary,Exc_LINC00507_FREM3,900,0,knn_aggregate,25,500,500,True,trans,False,500000,5564,5265,565949,5933,565253,5911,183981,2106,"[0, 3000, 10000, 50000, 100000, 250000, 500001]","[2106, 2178, 15427, 19185, 56077, 89008]","[5911, 6488, 47415, 59092, 172286, 274061]",241648.0,1.0931434062386636,1.050628383418588,1.1404121741182127,1.0958910710249647,1.0480114784605892,1.1443322413471253,580125,5951
primary,Exc_LINC00507_FREM3,900,0,knn_aggregate,25,500,500,True,trans,True,500000,5564,5265,565949,5933,565253,5911,271,4,"[0, 3000, 10000, 50000, 100000, 250000, 500001]","[4, 1, 22, 28, 88, 128]","[5911, 6488, 47415, 59092, 172286, 274061]",245351.0,1.5877371395899569,0.5233760749726598,3.4157350315199815,1.59172798782035,0.52469160411823,3.4243206341151025,580125,5951
primary,Exc_LINC00507_FREM3,900,1,single_cell,0,0,900,True,none,False,500000,5564,5265,570130,5967,570130,5967,498,9,"[0, 3000, 10000, 50000, 100000, 250000, 500001]","[9, 6, 47, 65, 143, 228]","[5967, 6621, 48090, 59822, 173147, 276483]",230712.0,1.8347777564292111,0.8603175356233186,3.232951457701583,1.8347777564292111,0.8603175356233186,3.232951457701583,583929,5989
primary,Exc_LINC00507_FREM3,900,1,knn_aggregate,25,500,500,True,none,False,500000,5564,5265,570130,5967,569427,5966,184365,2183,"[0, 3000, 10000, 50000, 100000, 250000, 500001]","[2183, 2225, 15868, 19619, 55840, 88630]","[5966, 6610, 48032, 59752, 172929, 276138]",240305.0,1.1330761445279367,1.0879348961859636,1.182465353276569,1.1318559051019779,1.0841429146208517,1.1796165845980642,583929,5989
primary,Exc_LINC00507_FREM3,900,1,knn_aggregate,25,500,500,True,none,True,500000,5564,5265,570130,5967,569427,5966,493,20,"[0, 3000, 10000, 50000, 100000, 250000, 500001]","[20, 10, 55, 69, 160, 179]","[5966, 6610, 48032, 59752, 172929, 276138]",189205.0,4.093044204152287,2.454292265868992,6.004112967486695,4.088636297469035,2.4516491741402477,6.214335595966368,583929,5989
primary,Exc_LINC00507_FREM3,900,1,single_cell,0,0,900,True,trans,False,500000,5564,5265,570130,5967,570698,5987,416,1,"[0, 3000, 10000, 50000, 100000, 250000, 500001]","[1, 5, 22, 45, 122, 221]","[5987, 6733, 48306, 59947, 173805, 275920]",273058.5,0.3412972493908793,0.11349260273862373,1.0313382336138934,0.34048762840755786,0.11322337703348563,1.0288917062061111,583929,5989
primary,Exc_LINC00507_FREM3,900,1,knn_aggregate,25,500,500,True,trans,False,500000,5564,5265,570130,5967,569962,5986,183763,2156,"[0, 3000, 10000, 50000, 100000, 250000, 500001]","[2156, 2184, 15488, 19354, 56174, 88407]","[5986, 6726, 48251, 59878, 173580, 275541]",240598.0,1.1226082764878458,1.0778553811266738,1.1716344082758672,1.1186744101976558,1.0714432303414585,1.1659655753989009,583929,5989
primary,Exc_LINC00507_FREM3,900,1,knn_aggregate,25,500,500,True,trans,True,500000,5564,5265,570130,5967,569962,5986,280,2,"[0, 3000, 10000, 50000, 100000, 250000, 500001]","[2, 3, 22, 24, 81, 148]","[5986, 6726, 48251, 59878, 173580, 275541]",260244.0,0.8486475590778596,0.16851931921795643,2.2386364208680445,0.8456737113922244,0.16792879046184278,2.2307917465177036,583929,5989
primary,Exc_LINC00507_FREM3,900,2,single_cell,0,0,900,True,none,False,500000,5564,5265,566618,5938,566618,5938,468,9,"[0, 3000, 10000, 50000, 100000, 250000, 500001]","[9, 6, 35, 54, 137, 227]","[5938, 6574, 47901, 59509, 172155, 274541]",240408.0,1.9519863695369375,0.9146722147436411,3.4427386233757895,1.9519863695369375,0.9146722147436411,3.4427386233757895,580923,5952
primary,Exc_LINC00507_FREM3,900,2,knn_aggregate,25,500,500,True,none,False,500000,5564,5265,566618,5938,565601,5936,178063,2082,"[0, 3000, 10000, 50000, 100000, 250000, 500001]","[2082, 2160, 15176, 19016, 54032, 85597]","[5936, 6565, 47834, 59395, 171845, 274026]",239835.0,1.1172662658115105,1.0705903097526739,1.1666912808280578,1.1156194028179094,1.066318254435182,1.1671420623088709,580923,5952
primary,Exc_LINC00507_FREM3,900,2,knn_aggregate,25,500,500,True,none,True,500000,5564,5265,566618,5938,565601,5936,360,16,"[0, 3000, 10000, 50000, 100000, 250000, 500001]","[16, 3, 41, 46, 96, 158]","[5936, 6565, 47834, 59395, 171845, 274026]",212450.5,4.522029686727271,2.551743205696224,7.17606472302351,4.515364164304443,2.547981907621426,7.1654871232215065,580923,5952
primary,Exc_LINC00507_FREM3,900,2,single_cell,0,0,900,True,trans,False,500000,5564,5265,566618,5938,569643,5958,374,1,"[0, 3000, 10000, 50000, 100000, 250000, 500001]","[1, 4, 37, 32, 122, 178]","[5958, 6616, 48039, 59857, 173179, 275994]",239543.0,0.3791746932159048,0.1260540702413355,1.1467348009404084,0.37992736238231434,0.12630429003096966,1.1490110919011693,580923,5952
primary,Exc_LINC00507_FREM3,900,2,knn_aggregate,25,500,500,True,trans,False,500000,5564,5265,566618,5938,568586,5957,178246,2017,"[0, 3000, 10000, 50000, 100000, 250000, 500001]","[2017, 2099, 15083, 18647, 54251, 86149]","[5957, 6610, 47963, 59727, 172827, 275502]",241803.0,1.0808704044851112,1.034832748102364,1.1291221571618484,1.0811684971928004,1.032938625538759,1.1321465245053743,580923,5952
primary,Exc_LINC00507_FREM3,900,2,knn_aggregate,25,500,500,True,trans,True,500000,5564,5265,566618,5938,568586,5957,193,5,"[0, 3000, 10000, 50000, 100000, 250000, 500001]","[5, 0, 21, 26, 44, 97]","[5957, 6610, 47963, 59727, 172827, 275502]",250936.0,2.754799694213165,0.7356973917721581,5.402464498163395,2.7555594390415754,1.2329051845699905,5.403954441142471,580923,5952
primary,Exc_LINC00507_FREM3,2400,0,single_cell,0,0,2400,True,none,False,500000,5564,5265,577735,5912,577735,5912,381,21,"[0, 3000, 10000, 50000, 100000, 250000, 500001]","[21, 7, 43, 46, 114, 150]","[5912, 6666, 48776, 60477, 175332, 280572]",186598.0,5.7679838607993945,3.5431302836193814,8.691873101850874,5.7679838607993945,3.5431302836193814,8.691873101850874,578891,5915
primary,Exc_LINC00507_FREM3,2400,0,knn_aggregate,25,500,500,True,none,False,500000,5564,5265,577735,5912,576868,5910,79637,996,"[0, 3000, 10000, 50000, 100000, 250000, 500001]","[996, 996, 7033, 8563, 24333, 37716]","[5910, 6656, 48698, 60390, 175095, 280119]",236590.0,1.225508591124556,1.1520852873955887,1.3027840922795537,1.2240688200591396,1.1470057120140078,1.3024994480737984,578891,5915
primary,Exc_LINC00507_FREM3,2400,0,knn_aggregate,25,500,500,True,none,True,500000,5564,5265,577735,5912,576868,5910,67,10,"[0, 3000, 10000, 50000, 100000, 250000, 500001]","[10, 1, 9, 10, 15, 22]","[5910, 6656, 48698, 60390, 175095, 280119]",138041.0,17.660878389557865,8.510861395348837,30.986145856852563,17.640129761698965,8.500862532780644,30.949742230997494,578891,5915
primary,Exc_LINC00507_FREM3,2400,0,single_cell,0,0,2400,True,trans,False,500000,5564,5265,577735,5912,576998,5967,89,1,"[0, 3000, 10000, 50000, 100000, 250000, 500001]","[1, 3, 14, 8, 21, 42]","[5967, 6602, 48641, 60455, 175341, 279992]",221825.0,1.6392260006449995,0.5403035421120389,5.090228107266051,1.6218684541265187,0.5345823396282938,5.036328357550769,578891,5915
primary,Exc_LINC00507_FREM3,2400,0,knn_aggregate,25,500,500,True,trans,False,500000,5564,5265,577735,5912,576108,5966,74835,802,"[0, 3000, 10000, 50000, 100000, 250000, 500001]","[802, 895, 6303, 7774, 22845, 36216]","[5966, 6591, 48543, 60378, 175119, 279511]",241984.0,1.0483531518236895,0.979734329869681,1.1210357257531869,1.035811027499028,0.9641046236170923,1.1102701165731617,578891,5915
primary,Exc_LINC00507_FREM3,2400,0,knn_aggregate,25,500,500,True,trans,True,500000,5564,5265,577735,5912,576108,5966,10,0,"[0, 3000, 10000, 50000, 100000, 250000, 500001]","[0, 0, 0, 1, 4, 5]","[5966, 6591, 48543, 60378, 175119, 279511]",287819.0,4.605444478002617,4.605444478002617,28.445392364133813,4.55034657791718,4.55034657791718,28.105081804782586,578891,5915
primary,Exc_LINC00507_FREM3,2400,1,single_cell,0,0,2400,True,none,False,500000,5564,5265,579628,5962,579628,5962,412,24,"[0, 3000, 10000, 50000, 100000, 250000, 500001]","[24, 6, 47, 50, 110, 175]","[5962, 6691, 48919, 60625, 175906, 281525]",203557.0,6.067449336128582,4.003795157312014,8.769691350331913,6.067449336128582,3.7516789156547077,8.769691350331913,580766,5963
primary,Exc_LINC00507_FREM3,2400,1,knn_aggregate,25,500,500,True,none,False,500000,5564,5265,579628,5962,578722,5959,77918,983,"[0, 3000, 10000, 50000, 100000, 250000, 500001]","[983, 962, 6944, 8315, 23538, 37176]","[5959, 6678, 48860, 60528, 175624, 281073]",238079.5,1.2299251466695256,1.1564892113961636,1.309814642361669,1.2286073067846242,1.1501971892119331,1.3071122736539769,580766,5963
primary,Exc_LINC00507_FREM3,2400,1,knn_aggregate,25,500,500,True,none,True,500000,5564,5265,579628,5962,578722,5959,66,10,"[0, 3000, 10000, 50000, 100000, 250000, 500001]","[10, 2, 15, 10, 14, 15]","[5959, 6678, 48860, 60528, 175624, 281073]",75427.0,17.88018255690989,8.604361950537744,31.435738215330968,17.861024303428675,8.59514255097245,31.402055458503312,580766,5963
primary,Exc_LINC00507_FREM3,2400,1,single_cell,0,0,2400,True,trans,False,500000,5564,5265,579628,5962,582619,6011,110,0,"[0, 3000, 10000, 50000, 100000, 250000, 500001]","[0, 0, 7, 7, 31, 65]","[6011, 6821, 49008, 61359, 176885, 282535]",301097.5,0.43535027557225114,0.43535027557225114,2.216875827222754,0.43401617488049865,0.43401617488049865,2.2100823651748893,580766,5963
primary,Exc_LINC00507_FREM3,2400,1,knn_aggregate,25,500,500,True,trans,False,500000,5564,5265,579628,5962,581688,6010,74027,806,"[0, 3000, 10000, 50000, 100000, 250000, 500001]","[806, 825, 6135, 7860, 22438, 35963]","[6010, 6801, 48944, 61279, 176583, 282071]",242897.0,1.059733949619081,0.9893762716123039,1.1381765472095695,1.054957973170582,0.9796354103616319,1.1303978985277656,580766,5963
primary,Exc_LINC00507_FREM3,2400,1,knn_aggregate,25,500,500,True,trans,True,500000,5564,5265,579628,5962,581688,6010,11,0,"[0, 3000, 10000, 50000, 100000, 250000, 500001]","[0, 0, 0, 1, 5, 5]","[6010, 6801, 48944, 61279, 176583, 282071]",233560.0,4.183148300063805,4.183148300063805,25.319055500386185,4.164295815655936,4.164295815655936,25.204948357917505,580766,5963
primary,Exc_LINC00507_FREM3,2400,2,single_cell,0,0,2400,True,none,False,500000,5564,5265,577740,5925,577740,5925,353,20,"[0, 3000, 10000, 50000, 100000, 250000, 500001]","[20, 5, 31, 42, 97, 158]","[5925, 6677, 48710, 60442, 175399, 280587]",210227.0,5.931833382945689,3.532240176431788,8.772800147283313,5.931833382945689,3.532240176431788,8.772800147283313,578801,5928
primary,Exc_LINC00507_FREM3,2400,2,knn_aggregate,25,500,500,True,none,False,500000,5564,5265,577740,5925,576512,5923,81138,1056,"[0, 3000, 10000, 50000, 100000, 250000, 500001]","[1056, 992, 7170, 8666, 24858, 38396]","[5923, 6665, 48624, 60332, 175030, 279938]",236326.0,1.2731008261686763,1.1986817148343398,1.3525247479233993,1.2708001625033478,1.1965155364681594,1.353742759283148,578801,5928
primary,Exc_LINC00507_FREM3,2400,2,knn_aggregate,25,500,500,True,none,True,500000,5564,5265,577740,5925,576512,5923,69,9,"[0, 3000, 10000, 50000, 100000, 250000, 500001]","[9, 0, 10, 13, 22, 15]","[5923, 6665, 48624, 60332, 175030, 279938]",133294.0,15.153018436216632,6.629826065504183,27.44518211214321,15.125634902862739,6.617845082048021,27.395584993065253,578801,5928
primary,Exc_LINC00507_FREM3,2400,2,single_cell,0,0,2400,True,trans,False,500000,5564,5265,577740,5925,575789,5970,110,0,"[0, 3000, 10000, 50000, 100000, 250000, 500001]","[0, 1, 13, 17, 19, 60]","[5970, 6622, 48452, 59965, 175014, 279766]",278263.0,0.43665521095075316,0.43665521095075316,2.223520774657061,0.43185139909229425,0.43185139909229425,2.199058967728042,578801,5928
primary,Exc_LINC00507_FREM3,2400,2,knn_aggregate,25,500,500,True,trans,False,500000,5564,5265,577740,5925,574598,5968,77083,928,"[0, 3000, 10000, 50000, 100000, 250000, 500001]","[928, 855, 6458, 8058, 23179, 37605]","[5968, 6610, 48392, 59867, 174625, 279136]",244034.0,1.1765531616794338,1.1034673909978352,1.2536022010880252,1.1615705339098905,1.0907114654409686,1.2426800386752133,578801,5928
primary,Exc_LINC00507_FREM3,2400,2,knn_aggregate,25,500,500,True,trans,True,500000,5564,5265,577740,5925,574598,5968,14,0,"[0, 3000, 10000, 50000, 100000, 250000, 500001]","[0, 0, 1, 1, 1, 11]","[5968, 6610, 48392, 59867, 174625, 279136]",312772.0,3.327613848969533,3.327613848969533,19.300160324023288,3.285238883448449,3.285238883448449,19.054385524001006,578801,5928
primary,Exc_LINC00507_FREM3,5000,0,single_cell,0,0,5000,True,none,False,500000,5564,5265,579112,5943,579112,5943,716,53,"[0, 3000, 10000, 50000, 100000, 250000, 500001]","[53, 11, 85, 91, 215, 261]","[5943, 6708, 48887, 60667, 175763, 281144]",174685.0,7.7759535931452985,5.622488830087257,10.186415720535686,7.7759535931452985,5.773351872035205,10.186415720535686,579180,5943
primary,Exc_LINC00507_FREM3,5000,0,knn_aggregate,25,500,500,True,none,False,500000,5564,5265,579112,5943,578846,5942,36060,534,"[0, 3000, 10000, 50000, 100000, 250000, 500001]","[534, 493, 3339, 4046, 11050, 16598]","[5942, 6705, 48864, 60636, 175688, 281011]",229974.0,1.4508953572965309,1.3353081190095686,1.577804890776324,1.4504685911133275,1.326671990359992,1.5801025405043043,579180,5943
primary,Exc_LINC00507_FREM3,5000,0,knn_aggregate,25,500,500,True,none,True,500000,5564,5265,579112,5943,578846,5942,29,7,"[0, 3000, 10000, 50000, 100000, 250000, 500001]","[7, 0, 7, 3, 6, 6]","[5942, 6705, 48864, 60636, 175688, 281011]",50499.0,32.145453015899726,12.736877610073474,68.8831136054994,32.135997756275415,12.73313118644875,68.8628523348759,579180,5943
primary,Exc_LINC00507_FREM3,5000,0,single_cell,0,0,5000,True,trans,False,500000,5564,5265,579112,5943,579855,5941,80,0,"[0, 3000, 10000, 50000, 100000, 250000, 500001]","[0, 0, 7, 12, 18, 43]","[5941, 6687, 49101, 61085, 176024, 281017]",281759.5,0.59898359656956,0.59898359656956,3.0712216257229032,0.5999640386104059,0.5999640386104059,3.0762487330023998,579180,5943
primary,Exc_LINC00507_FREM3,5000,0,knn_aggregate,25,500,500,True,trans,False,500000,5564,5265,579112,5943,579593,5940,30860,391,"[0, 3000, 10000, 50000, 100000, 250000, 500001]","[391, 353, 2572, 3234, 9223, 15087]","[5940, 6685, 49085, 61056, 175946, 280881]",244378.0,1.2391025309629047,1.1238342476424596,1.3642842730166935,1.2407751481172193,1.1189468180947584,1.3725627718257485,579180,5943
primary,Exc_LINC00507_FREM3,5000,0,knn_aggregate,25,500,500,True,trans,True,500000,5564,5265,579112,5943,579593,5940,2,0,"[0, 3000, 10000, 50000, 100000, 250000, 500001]","[0, 0, 1, 0, 1, 0]","[5940, 6685, 49085, 61056, 175946, 280881]",74462.0,19.287271809539835,19.287271809539835,482.18179523849585,19.313306960693545,19.313306960693545,482.8326740173386,579180,5943
primary,Exc_LINC00507_FREM3,5000,1,single_cell,0,0,5000,True,none,False,500000,5564,5265,576586,5907,576586,5907,776,48,"[0, 3000, 10000, 50000, 100000, 250000, 500001]","[48, 13, 84, 103, 219, 309]","[5907, 6659, 48656, 60433, 175075, 279856]",180997.5,6.431328961619755,4.761637648613285,8.450187119065296,6.431328961619755,4.898708881600125,8.450187119065296,576648,5907
primary,Exc_LINC00507_FREM3,5000,1,knn_aggregate,25,500,500,True,none,False,500000,5564,5265,576586,5907,576375,5907,34359,512,"[0, 3000, 10000, 50000, 100000, 250000, 500001]","[512, 501, 3143, 3913, 10435, 15855]","[5907, 6659, 48647, 60420, 175025, 279717]",230588.0,1.4627018631181523,1.3324979582609637,1.5932524391220653,1.4621610515187906,1.332005287560171,1.5898321280111427,576648,5907
primary,Exc_LINC00507_FREM3,5000,1,knn_aggregate,25,500,500,True,none,True,500000,5564,5265,576586,5907,576375,5907,36,7,"[0, 3000, 10000, 50000, 100000, 250000, 500001]","[7, 0, 7, 9, 9, 4]","[5907, 6659, 48647, 60420, 175025, 279717]",61377.0,24.55996757927656,10.092802597254945,49.28700976793595,24.550886907622456,10.089070938157288,49.268786651351185,576648,5907
primary,Exc_LINC00507_FREM3,5000,1,single_cell,0,0,5000,True,trans,False,500000,5564,5265,576586,5907,580544,5943,103,0,"[0, 3000, 10000, 50000, 100000, 250000, 500001]","[0, 1, 6, 11, 34, 51]","[5943, 6739, 48743, 60764, 175813, 282542]",245117.0,0.46667893306837904,0.46667893306837904,2.3793728853486322,0.4670400701614925,0.4670400701614925,2.3812141508233733,576648,5907
primary,Exc_LINC00507_FREM3,5000,1,knn_aggregate,25,500,500,True,trans,False,500000,5564,5265,576586,5907,580340,5943,29283,355,"[0, 3000, 10000, 50000, 100000, 250000, 500001]","[355, 332, 2405, 3065, 8882, 14244]","[5943, 6739, 48732, 60749, 175779, 282398]",243060.0,1.1871408011511972,1.065597930462354,1.312375495023558,1.1876376687986707,1.0660439273789355,1.3130095433811952,576648,5907
primary,Exc_LINC00507_FREM3,5000,1,knn_aggregate,25,500,500,True,trans,True,500000,5564,5265,576586,5907,580340,5943,2,0,"[0, 3000, 10000, 50000, 100000, 250000, 500001]","[0, 0, 0, 1, 0, 1]","[5943, 6739, 48732, 60749, 175779, 282398]",220592.0,19.320507829030895,19.320507829030895,483.01269572577235,19.328594262639857,19.328594262639857,483.21485656599646,576648,5907
primary,Exc_LINC00507_FREM3,5000,2,single_cell,0,0,5000,True,none,False,500000,5564,5265,577972,5917,577972,5917,723,50,"[0, 3000, 10000, 50000, 100000, 250000, 500001]","[50, 9, 95, 98, 227, 244]","[5917, 6686, 48769, 60527, 175446, 280627]",160836.0,7.2485923592429815,5.280689413891112,9.615799949893162,7.2485923592429815,5.4294166353122515,9.454636006268911,578007,5917
primary,Exc_LINC00507_FREM3,5000,2,knn_aggregate,25,500,500,True,none,False,500000,5564,5265,577972,5917,577700,5917,34524,524,"[0, 3000, 10000, 50000, 100000, 250000, 500001]","[524, 467, 3227, 3664, 10718, 15924]","[5917, 6684, 48750, 60507, 175355, 280487]",230174.0,1.4912830707334401,1.3729822229018835,1.6242699437926085,1.4905739979332668,1.3637657646358292,1.6263912829562641,578007,5917
primary,Exc_LINC00507_FREM3,5000,2,knn_aggregate,25,500,500,True,none,True,500000,5564,5265,577972,5917,577700,5917,28,8,"[0, 3000, 10000, 50000, 100000, 250000, 500001]","[8, 1, 3, 4, 5, 7]","[5917, 6684, 48750, 60507, 175355, 280487]",60008.0,40.08343792183169,17.756048731279584,84.19803753219674,40.06437911527404,17.747606114689223,84.15800318901017,578007,5917
primary,Exc_LINC00507_FREM3,5000,2,single_cell,0,0,5000,True,trans,False,500000,5564,5265,577972,5917,579837,5851,94,1,"[0, 3000, 10000, 50000, 100000, 250000, 500001]","[1, 2, 12, 14, 25, 40]","[5851, 6802, 48842, 61370, 176108, 280864]",189496.0,1.550884826796256,0.5114911157158728,4.80688612062265,1.5736716349982933,0.5190063417013772,4.877512636652169,578007,5917
primary,Exc_LINC00507_FREM3,5000,2,knn_aggregate,25,500,500,True,trans,False,500000,5564,5265,577972,5917,579541,5851,28579,352,"[0, 3000, 10000, 50000, 100000, 250000, 500001]","[352, 310, 2360, 2981, 8704, 13872]","[5851, 6800, 48825, 61337, 176019, 280709]",243297.0,1.207220506838393,1.0825492704530555,1.3356866401440852,1.2243262306154918,1.0978884638237567,1.3651914219125878,578007,5917
primary,Exc_LINC00507_FREM3,5000,2,knn_aggregate,25,500,500,True,trans,True,500000,5564,5265,577972,5917,579541,5851,2,0,"[0, 3000, 10000, 50000, 100000, 250000, 500001]","[0, 0, 1, 0, 0, 1]","[5851, 6800, 48825, 61337, 176019, 280709]",241949.5,19.334364174059992,19.334364174059992,483.3591043514998,19.608322652311372,19.608322652311372,490.20806630778435,578007,5917
primary,Exc_LINC00507_FREM3,7500,0,single_cell,0,0,7500,True,none,False,500000,5564,5265,576727,5918,576727,5918,1389,77,"[0, 3000, 10000, 50000, 100000, 250000, 500001]","[77, 31, 175, 169, 409, 528]","[5918, 6678, 48684, 60418, 175099, 279930]",190235.0,5.694845299444438,4.53882282715437,7.0351592340405915,5.694845299444438,4.464708380924698,7.115097526779439,576737,5918
primary,Exc_LINC00507_FREM3,7500,0,knn_aggregate,25,500,500,True,none,False,500000,5564,5265,576727,5918,576614,5918,24476,387,"[0, 3000, 10000, 50000, 100000, 250000, 500001]","[387, 358, 2292, 2767, 7378, 11294]","[5918, 6676, 48678, 60407, 175066, 279869]",229195.5,1.551398836738169,1.4051689578169906,1.7103085484935296,1.5510917148900718,1.4008358754204506,1.7140505452287962,576737,5918
primary,Exc_LINC00507_FREM3,7500,0,knn_aggregate,25,500,500,True,none,True,500000,5564,5265,576727,5918,576614,5918,22,6,"[0, 3000, 10000, 50000, 100000, 250000, 500001]","[6, 0, 7, 3, 4, 2]","[5918, 6676, 48678, 60407, 175066, 279869]",44324.5,37.99346937312638,11.761580575170456,96.44496071639773,37.985948016107685,11.759252200108383,80.99772915434654,576737,5918
primary,Exc_LINC00507_FREM3,7500,0,single_cell,0,0,7500,True,trans,False,500000,5564,5265,576727,5918,578063,5886,180,2,"[0, 3000, 10000, 50000, 100000, 250000, 500001]","[2, 0, 19, 20, 54, 85]","[5886, 6778, 48655, 60819, 175903, 280022]",231024.5,1.3507697579327413,0.2671605560011018,3.592505700037738,1.3613676167825493,0.26925664221128537,3.6206917532881437,576737,5918
primary,Exc_LINC00507_FREM3,7500,0,knn_aggregate,25,500,500,True,trans,False,500000,5564,5265,576727,5918,577964,5886,18133,224,"[0, 3000, 10000, 50000, 100000, 250000, 500001]","[224, 218, 1506, 1878, 5466, 8841]","[5886, 6775, 48651, 60809, 175873, 279970]",243356.0,1.2089613713856495,1.0565259808095975,1.3673441761475813,1.2182358115269598,1.0701086535709494,1.3889973133743976,576737,5918
primary,Exc_LINC00507_FREM3,7500,0,knn_aggregate,25,500,500,True,trans,True,500000,5564,5265,576727,5918,577964,5886,2,0,"[0, 3000, 10000, 50000, 100000, 250000, 500001]","[0, 0, 0, 0, 0, 2]","[5886, 6775, 48651, 60809, 175873, 279970]",396539.0,19.288992143279547,19.288992143279547,482.2248035819887,19.436965939012996,19.436965939012996,485.9241484753249,576737,5918
primary,Exc_LINC00507_FREM3,7500,1,single_cell,0,0,7500,True,none,False,500000,5564,5265,577349,5922,577349,5922,1391,66,"[0, 3000, 10000, 50000, 100000, 250000, 500001]","[66, 29, 172, 170, 437, 517]","[5922, 6672, 48754, 60523, 175236, 280242]",183733.0,4.840586450886506,3.7815744331054773,6.156995215715409,4.840586450886506,3.7067771597230106,6.08057281280741,577361,5922
primary,Exc_LINC00507_FREM3,7500,1,knn_aggregate,25,500,500,True,none,False,500000,5564,5265,577349,5922,577248,5922,26828,452,"[0, 3000, 10000, 50000, 100000, 250000, 500001]","[452, 424, 2603, 2993, 8055, 12301]","[5922, 6671, 48749, 60511, 175202, 280193]",228211.5,1.6552267043611266,1.499205178381264,1.815478629906134,1.6549341424925774,1.506357228716012,1.8114256705230154,577361,5922
primary,Exc_LINC00507_FREM3,7500,1,knn_aggregate,25,500,500,True,none,True,500000,5564,5265,577349,5922,577248,5922,35,8,"[0, 3000, 10000, 50000, 100000, 250000, 500001]","[8, 0, 10, 7, 6, 4]","[5922, 6671, 48749, 60511, 175202, 280193]",48295.0,29.822379983882726,13.783452933727311,57.89050232165471,29.817108868337236,13.781016703853345,57.88027015618405,577361,5922
primary,Exc_LINC00507_FREM3,7500,1,single_cell,0,0,7500,True,trans,False,500000,5564,5265,577349,5922,581832,5921,213,1,"[0, 3000, 10000, 50000, 100000, 250000, 500001]","[1, 0, 20, 21, 61, 110]","[5921, 6749, 49007, 61178, 176714, 282263]",254890.0,0.6810647331959377,0.22595824481520183,2.0724523504172327,0.6865249762828377,0.22776980087447776,2.089067648593361,577361,5922
primary,Exc_LINC00507_FREM3,7500,1,knn_aggregate,25,500,500,True,trans,False,500000,5564,5265,577349,5922,581714,5921,21511,247,"[0, 3000, 10000, 50000, 100000, 250000, 500001]","[247, 254, 1714, 2194, 6531, 10571]","[5921, 6748, 49006, 61162, 176674, 282203]",245753.0,1.1229905338795911,0.9854801517574882,1.2700965814123388,1.1317618544315204,0.9931774226140523,1.2753771662162776,577361,5922
primary,Exc_LINC00507_FREM3,7500,1,knn_aggregate,25,500,500,True,trans,True,500000,5564,5265,577349,5922,581714,5921,2,0,"[0, 3000, 10000, 50000, 100000, 250000, 500001]","[0, 0, 0, 0, 1, 1]","[5921, 6748, 49006, 61162, 176674, 282203]",238704.5,19.296834107218235,19.296834107218235,482.4208526804559,19.447555518027528,19.447555518027528,486.1888879506882,577361,5922
primary,Exc_LINC00507_FREM3,7500,2,single_cell,0,0,7500,True,none,False,500000,5564,5265,575478,5894,575478,5894,1451,75,"[0, 3000, 10000, 50000, 100000, 250000, 500001]","[75, 29, 179, 183, 450, 535]","[5894, 6652, 48591, 60291, 174602, 279448]",177601.0,5.300073914384595,4.127078917364262,6.650635688315774,5.300073914384595,4.201296713590783,6.574666243592785,575483,5894
primary,Exc_LINC00507_FREM3,7500,2,knn_aggregate,25,500,500,True,none,False,500000,5564,5265,575478,5894,575332,5894,26140,423,"[0, 3000, 10000, 50000, 100000, 250000, 500001]","[423, 395, 2485, 2939, 8060, 11838]","[5894, 6650, 48578, 60276, 174561, 279373]",225813.5,1.5912406197620694,1.4425161604503751,1.7480791166882998,1.5908327415096148,1.4420512405815111,1.7514616409925718,575483,5894
primary,Exc_LINC00507_FREM3,7500,2,knn_aggregate,25,500,500,True,none,True,500000,5564,5265,575478,5894,575332,5894,36,5,"[0, 3000, 10000, 50000, 100000, 250000, 500001]","[5, 0, 10, 9, 7, 5]","[5894, 6650, 48578, 60276, 174561, 279373]",59284.0,16.871874103785206,7.002161189317971,38.287288918195244,16.867549383538865,7.0003663449469595,38.27747484463451,575483,5894
primary,Exc_LINC00507_FREM3,7500,2,single_cell,0,0,7500,True,trans,False,500000,5564,5265,575478,5894,577250,5785,185,1,"[0, 3000, 10000, 50000, 100000, 250000, 500001]","[1, 2, 19, 22, 47, 94]","[5785, 6646, 48571, 60619, 175203, 280426]",253485.0,0.7856083285576261,0.2604577477428248,2.3957807705600334,0.8030526273631935,0.2662411675624604,2.4489786735290777,575483,5894
primary,Exc_LINC00507_FREM3,7500,2,knn_aggregate,25,500,500,True,trans,False,500000,5564,5265,575478,5894,577095,5785,20357,268,"[0, 3000, 10000, 50000, 100000, 250000, 500001]","[268, 214, 1646, 2086, 6211, 9932]","[5785, 6645, 48563, 60605, 175161, 280336]",243509.0,1.29147603747131,1.1357480045512045,1.452591033350549,1.3197949740119086,1.1656177523850655,1.4844428309057247,575483,5894
primary,Exc_LINC00507_FREM3,7500,2,knn_aggregate,25,500,500,True,trans,True,500000,5564,5265,575478,5894,577095,5785,3,0,"[0, 3000, 10000, 50000, 100000, 250000, 500001]","[0, 0, 0, 0, 2, 1]","[5785, 6645, 48563, 60605, 175161, 280336]",224848.0,13.804260630369715,13.804260630369715,161.04970735431334,14.106954578564638,14.106954578564638,164.58113674992077,575483,5894
primary,Oligodendrocytes,150,0,single_cell,0,0,150,True,none,False,500000,5564,5265,252011,4507,252011,4507,960,9,"[0, 3000, 10000, 50000, 100000, 250000, 500001]","[9, 12, 84, 92, 287, 476]","[4507, 3387, 23012, 27529, 76173, 117403]",248936.0,0.5482292168508782,0.2583300354088368,0.9592445623977683,0.5482292168508782,0.2583300354088368,0.9592445623977683,454995,4758
primary,Oligodendrocytes,150,0,knn_aggregate,25,134,134,True,none,False,500000,5564,5265,252011,4507,252011,4507,72357,1468,"[0, 3000, 10000, 50000, 100000, 250000, 500001]","[1468, 961, 6733, 8086, 21790, 33319]","[4507, 3387, 23012, 27529, 76173, 117403]",229293.0,1.1374685607521227,1.082968539753797,1.1960358871676464,1.1374685607521227,1.0782344161230155,1.1984128200571862,454995,4758
primary,Oligodendrocytes,150,0,knn_aggregate,25,134,134,True,none,True,500000,5564,5265,252011,4507,252011,4507,6147,144,"[0, 3000, 10000, 50000, 100000, 250000, 500001]","[144, 112, 614, 718, 1882, 2677]","[4507, 3387, 23012, 27529, 76173, 117403]",214356.0,1.321632458714114,1.1163242575128913,1.5378879027388097,1.321632458714114,1.1163242575128913,1.5567713591562222,454995,4758
primary,Oligodendrocytes,150,0,single_cell,0,0,150,True,trans,False,500000,5564,5265,252011,4507,251504,4568,1029,6,"[0, 3000, 10000, 50000, 100000, 250000, 500001]","[6, 16, 82, 109, 328, 488]","[4568, 3343, 22703, 27554, 76103, 117233]",237115.0,0.3487168023982176,0.1335997182311719,0.674563687874836,0.3432710422933451,0.13151334897519698,0.6640293173071985,454995,4758
primary,Oligodendrocytes,150,0,knn_aggregate,25,134,134,True,trans,False,500000,5564,5265,252011,4507,251504,4568,72257,1526,"[0, 3000, 10000, 50000, 100000, 250000, 500001]","[1526, 1007, 6605, 8020, 21738, 33361]","[4568, 3343, 22703, 27554, 76103, 117233]",230367.0,1.1850353466366792,1.1295758384655898,1.2453729493004955,1.1665291600428704,1.1072418508387385,1.22750881741841,454995,4758
primary,Oligodendrocytes,150,0,knn_aggregate,25,134,134,True,trans,True,500000,5564,5265,252011,4507,251504,4568,5701,98,"[0, 3000, 10000, 50000, 100000, 250000, 500001]","[98, 90, 544, 663, 1646, 2660]","[4568, 3343, 22703, 27554, 76103, 117233]",233391.0,0.9652153463034974,0.7959666518994715,1.1653575493636392,0.9501419939747276,0.7737818199764623,1.1570465523049371,454995,4758
primary,Oligodendrocytes,150,1,single_cell,0,0,150,True,none,False,500000,5564,5265,261581,4583,261581,4583,1303,7,"[0, 3000, 10000, 50000, 100000, 250000, 500001]","[7, 14, 122, 132, 412, 616]","[4583, 3563, 23638, 28609, 79768, 121420]",238447.0,0.324356118845617,0.15090062573796728,0.5865555013948209,0.324356118845617,0.15090062573796728,0.5865555013948209,461483,4840
primary,Oligodendrocytes,150,1,knn_aggregate,25,127,127,True,none,False,500000,5564,5265,261581,4583,261581,4583,70915,1447,"[0, 3000, 10000, 50000, 100000, 250000, 500001]","[1447, 1050, 6660, 7952, 21693, 32113]","[4583, 3563, 23638, 28609, 79768, 121420]",225482.0,1.1683258982140838,1.1107073403170986,1.2318405779248764,1.1683258982140838,1.1065961675678053,1.2293839842292147,461483,4840
primary,Oligodendrocytes,150,1,knn_aggregate,25,127,127,True,none,True,500000,5564,5265,261581,4583,261581,4583,6066,147,"[0, 3000, 10000, 50000, 100000, 250000, 500001]","[147, 89, 605, 746, 1894, 2585]","[4583, 3563, 23638, 28609, 79768, 121420]",212829.5,1.3971413563598953,1.1843524893143589,1.63108590023562,1.3971413563598953,1.1843524893143589,1.640874931871554,461483,4840
primary,Oligodendrocytes,150,1,single_cell,0,0,150,True,trans,False,500000,5564,5265,261581,4583,261836,4603,1100,4,"[0, 3000, 10000, 50000, 100000, 250000, 500001]","[4, 10, 90, 113, 351, 532]","[4603, 3589, 23797, 28718, 79668, 121461]",241128.5,0.23011092097583716,0.07649435344853887,0.4880150528986719,0.2293206991587469,0.07623166488633196,0.4863391648520134,461483,4840
primary,Oligodendrocytes,150,1,knn_aggregate,25,127,127,True,trans,False,500000,5564,5265,261581,4583,261836,4603,71639,1437,"[0, 3000, 10000, 50000, 100000, 250000, 500001]","[1437, 1035, 6780, 7973, 21705, 32709]","[4603, 3589, 23797, 28718, 79668, 121461]",227458.0,1.1481235575557465,1.0919200543284233,1.2101344212418772,1.1441807969077584,1.0841375769731345,1.2043507327503273,461483,4840
primary,Oligodendrocytes,150,1,knn_aggregate,25,127,127,True,trans,True,500000,5564,5265,261581,4583,261836,4603,5675,112,"[0, 3000, 10000, 50000, 100000, 250000, 500001]","[112, 92, 560, 619, 1690, 2602]","[4603, 3589, 23797, 28718, 79668, 121461]",227862.0,1.1338034728588364,0.9391094958839831,1.360906535227154,1.12990988868323,0.935884508520771,1.3562330584942957,461483,4840
primary,Oligodendrocytes,150,2,single_cell,0,0,150,True,none,False,500000,5564,5265,256544,4516,256544,4516,1071,7,"[0, 3000, 10000, 50000, 100000, 250000, 500001]","[7, 13, 100, 118, 325, 508]","[4516, 3513, 23427, 28288, 77866, 118934]",239186.0,0.3931544880295656,0.1827852545657344,0.7116894799371286,0.3931544880295656,0.1827852545657344,0.7116894799371286,453630,4777
primary,Oligodendrocytes,150,2,knn_aggregate,25,125,125,True,none,False,500000,5564,5265,256544,4516,256544,4516,58454,1153,"[0, 3000, 10000, 50000, 100000, 250000, 500001]","[1153, 846, 5479, 6542, 17532, 26902]","[4516, 3513, 23427, 28288, 77866, 118934]",229032.0,1.1233090249932252,1.0597756500715532,1.1899467594670354,1.1233090249932252,1.058809232576234,1.1929590850693363,453630,4777
primary,Oligodendrocytes,150,2,knn_aggregate,25,125,125,True,none,True,500000,5564,5265,256544,4516,256544,4516,3953,94,"[0, 3000, 10000, 50000, 100000, 250000, 500001]","[94, 58, 381, 464, 1164, 1792]","[4516, 3513, 23427, 28288, 77866, 118934]",223565.0,1.3663073459241235,1.1009238209094057,1.6790672055790226,1.3663073459241235,1.1009238209094057,1.6495072673338336,453630,4777
primary,Oligodendrocytes,150,2,single_cell,0,0,150,True,trans,False,500000,5564,5265,256544,4516,253973,4556,1037,6,"[0, 3000, 10000, 50000, 100000, 250000, 500001]","[6, 15, 93, 124, 329, 470]","[4556, 3525, 23626, 28093, 76831, 117342]",233377.0,0.3516347314653187,0.1347216972501119,0.6801770721720667,0.3449369123674164,0.13215556405563644,0.6672212900029817,453630,4777
primary,Oligodendrocytes,150,2,knn_aggregate,25,125,125,True,trans,False,500000,5564,5265,256544,4516,253973,4556,56835,1156,"[0, 3000, 10000, 50000, 100000, 250000, 500001]","[1156, 818, 5387, 6441, 16944, 26089]","[4556, 3525, 23626, 28093, 76831, 117342]",228888.0,1.159038735560705,1.0936156572497293,1.2266632561063415,1.1369617588471215,1.071808662749839,1.2083030383950164,453630,4777
primary,Oligodendrocytes,150,2,knn_aggregate,25,125,125,True,trans,True,500000,5564,5265,256544,4516,253973,4556,3609,74,"[0, 3000, 10000, 50000, 100000, 250000, 500001]","[74, 53, 346, 413, 1065, 1658]","[4556, 3525, 23626, 28093, 76831, 117342]",231422.0,1.1758531075022565,0.9187620460410646,1.4674228138144028,1.153455856335009,0.9169327273329211,1.4235052916907156,453630,4777
primary,Oligodendrocytes,400,0,single_cell,0,0,400,True,none,False,500000,5564,5265,333984,4574,333984,4574,953,7,"[0, 3000, 10000, 50000, 100000, 250000, 500001]","[7, 17, 90, 98, 303, 438]","[4574, 4220, 29651, 36256, 101620, 157663]",231116.0,0.5706035265084005,0.18920169481177126,1.0336387327085188,0.5706035265084005,0.26516104961468756,1.0336387327085188,448061,4689
primary,Oligodendrocytes,400,0,knn_aggregate,25,397,397,True,none,False,500000,5564,5265,333984,4574,333984,4574,129537,2083,"[0, 3000, 10000, 50000, 100000, 250000, 500001]","[2083, 1764, 11792, 14251, 39834, 59813]","[4574, 4220, 29651, 36256, 101620, 157663]",230526.0,1.1771508959825496,1.1300805404423617,1.2277318161167752,1.1771508959825496,1.126066367875764,1.2294425317389648,448061,4689
primary,Oligodendrocytes,400,0,knn_aggregate,25,397,397,True,none,True,500000,5564,5265,333984,4574,333984,4574,2246,67,"[0, 3000, 10000, 50000, 100000, 250000, 500001]","[67, 57, 289, 312, 667, 854]","[4574, 4220, 29651, 36256, 101620, 157663]",183752.0,2.230184051645703,1.7227312211808647,2.8138076052406626,2.230184051645703,1.756345488911223,2.8138076052406626,448061,4689
primary,Oligodendrocytes,400,0,single_cell,0,0,400,True,trans,False,500000,5564,5265,333984,4574,334916,4651,867,2,"[0, 3000, 10000, 50000, 100000, 250000, 500001]","[2, 6, 73, 102, 248, 436]","[4651, 4237, 29843, 36527, 101969, 157689]",250462.0,0.20800163213564457,0.04150441789357934,0.5433152324954625,0.20508935545847104,0.04092330539465284,0.5357081562254177,448061,4689
primary,Oligodendrocytes,400,0,knn_aggregate,25,397,397,True,trans,False,500000,5564,5265,333984,4574,334916,4651,128986,2084,"[0, 3000, 10000, 50000, 100000, 250000, 500001]","[2084, 1744, 11632, 14336, 39320, 59870]","[4651, 4237, 29843, 36527, 101969, 157689]",231055.5,1.182838707173249,1.1355600634270038,1.233643744763753,1.1662775218383554,1.1156853654450356,1.2180654695144104,448061,4689
primary,Oligodendrocytes,400,0,knn_aggregate,25,397,397,True,trans,True,500000,5564,5265,333984,4574,334916,4651,1707,29,"[0, 3000, 10000, 50000, 100000, 250000, 500001]","[29, 23, 168, 181, 552, 754]","[4651, 4237, 29843, 36527, 101969, 157689]",226188.0,1.2655942024653706,0.8316246481400787,1.7500790220533924,1.2478743392087095,0.8625420234810754,1.724484774703909,448061,4689
primary,Oligodendrocytes,400,1,single_cell,0,0,400,True,none,False,500000,5564,5265,337036,4617,337036,4617,1040,7,"[0, 3000, 10000, 50000, 100000, 250000, 500001]","[7, 11, 94, 127, 298, 503]","[4617, 4225, 29880, 36501, 102517, 159296]",242657.0,0.5224327214806421,0.24286197741697707,0.9458701623069962,0.5224327214806421,0.24286197741697707,0.9458701623069962,451265,4719
primary,Oligodendrocytes,400,1,knn_aggregate,25,396,396,True,none,False,500000,5564,5265,337036,4617,337036,4617,142449,2207,"[0, 3000, 10000, 50000, 100000, 250000, 500001]","[2207, 1905, 13062, 15659, 43383, 66233]","[4617, 4225, 29880, 36501, 102517, 159296]",231675.0,1.1331845771554394,1.0883704476709928,1.1827655447383343,1.1331845771554394,1.0862743877934666,1.1817082641078616,451265,4719
primary,Oligodendrocytes,400,1,knn_aggregate,25,396,396,True,none,True,500000,5564,5265,337036,4617,337036,4617,2720,98,"[0, 3000, 10000, 50000, 100000, 250000, 500001]","[98, 57, 320, 348, 793, 1104]","[4617, 4225, 29880, 36501, 102517, 159296]",195783.0,2.7039603654807243,2.2228775014709785,3.27798679687756,2.7039603654807243,2.194771420606936,3.27798679687756,451265,4719
primary,Oligodendrocytes,400,1,single_cell,0,0,400,True,trans,False,500000,5564,5265,337036,4617,337808,4616,859,4,"[0, 3000, 10000, 50000, 100000, 250000, 500001]","[4, 9, 67, 78, 247, 454]","[4616, 4238, 29759, 36554, 102486, 160155]",262112.0,0.37867975521934094,0.12578549042521692,0.8041348332631495,0.379642545862638,0.12610529915957555,0.8061793404826246,451265,4719
primary,Oligodendrocytes,400,1,knn_aggregate,25,396,396,True,trans,False,500000,5564,5265,337036,4617,337808,4616,141873,2274,"[0, 3000, 10000, 50000, 100000, 250000, 500001]","[2274, 1902, 12794, 15666, 43001, 66236]","[4616, 4238, 29759, 36554, 102486, 160155]",233149.0,1.1729558516045107,1.1268640519180386,1.2233041349642626,1.1759380836973545,1.1276300707126856,1.2248490949467088,451265,4719
primary,Oligodendrocytes,400,1,knn_aggregate,25,396,396,True,trans,True,500000,5564,5265,337036,4617,337808,4616,2190,33,"[0, 3000, 10000, 50000, 100000, 250000, 500001]","[33, 31, 184, 233, 641, 1068]","[4616, 4238, 29759, 36554, 102486, 160155]",243355.5,1.1178244135207824,0.7796887783233785,1.5267307948783397,1.1206664743158294,0.7825122289026211,1.5306124973033637,451265,4719
primary,Oligodendrocytes,400,2,single_cell,0,0,400,True,none,False,500000,5564,5265,333529,4568,333529,4568,981,7,"[0, 3000, 10000, 50000, 100000, 250000, 500001]","[7, 8, 73, 109, 325, 459]","[4568, 4233, 29779, 36043, 101689, 157217]",235750.0,0.5541800199719081,0.2575601435011665,1.0037038441225856,0.5541800199719081,0.2575601435011665,1.0037038441225856,445555,4671
primary,Oligodendrocytes,400,2,knn_aggregate,25,399,399,True,none,False,500000,5564,5265,333529,4568,333529,4568,136243,2182,"[0, 3000, 10000, 50000, 100000, 250000, 500001]","[2182, 1855, 12660, 15132, 41519, 62895]","[4568, 4233, 29779, 36043, 101689, 157217]",230029.0,1.1722537266375785,1.1237044832284182,1.2225072650244913,1.1722537266375785,1.1220554864838945,1.2252404131542833,445555,4671
primary,Oligodendrocytes,400,2,knn_aggregate,25,399,399,True,none,True,500000,5564,5265,333529,4568,333529,4568,2680,101,"[0, 3000, 10000, 50000, 100000, 250000, 500001]","[101, 53, 314, 359, 799, 1054]","[4568, 4233, 29779, 36043, 101689, 157217]",195133.5,2.8333612762399114,2.3147407820406363,3.4476415925566544,2.8333612762399114,2.286139204960119,3.4181615773762517,445555,4671
primary,Oligodendrocytes,400,2,single_cell,0,0,400,True,trans,False,500000,5564,5265,333529,4568,333848,4648,903,2,"[0, 3000, 10000, 50000, 100000, 250000, 500001]","[2, 10, 75, 93, 286, 437]","[4648, 4295, 29792, 35900, 101580, 157633]",243913.0,0.19968512829085763,0.03984862051006268,0.5214952336500738,0.19639115689905515,0.039191284547758325,0.5128927383350367,445555,4671
primary,Oligodendrocytes,400,2,knn_aggregate,25,399,399,True,trans,False,500000,5564,5265,333529,4568,333848,4648,134904,2163,"[0, 3000, 10000, 50000, 100000, 250000, 500001]","[2163, 1840, 12262, 14621, 41000, 63018]","[4648, 4295, 29792, 35900, 101580, 157633]",232920.0,1.173604112396287,1.1245715072168059,1.2238066037931628,1.154244541632939,1.1043963752728885,1.2068767343343696,445555,4671
primary,Oligodendrocytes,400,2,knn_aggregate,25,399,399,True,trans,True,500000,5564,5265,333529,4568,333848,4648,2091,38,"[0, 3000, 10000, 50000, 100000, 250000, 500001]","[38, 28, 181, 240, 627, 977]","[4648, 4295, 29792, 35900, 101580, 157633]",233067.0,1.3500114948014637,0.9591560061498134,1.8173646405178574,1.3277419383225093,0.9433339343131414,1.75182066347238,445555,4671
primary,Oligodendrocytes,900,0,single_cell,0,0,900,True,none,False,500000,5564,5265,394651,4632,394651,4632,1009,14,"[0, 3000, 10000, 50000, 100000, 250000, 500001]","[14, 12, 101, 117, 306, 459]","[4632, 4686, 34205, 42049, 120017, 189062]",222423.0,1.2263025492753006,0.6298654335558836,1.9182990292853874,1.2263025492753006,0.7145602696872123,1.9182990292853874,447257,4671
primary,Oligodendrocytes,900,0,knn_aggregate,25,500,500,True,none,False,500000,5564,5265,394651,4632,390660,4631,118705,1760,"[0, 3000, 10000, 50000, 100000, 250000, 500001]","[1760, 1643, 10870, 13014, 36056, 55362]","[4631, 4655, 33972, 41724, 118772, 186906]",232270.0,1.2674283217562266,1.2119264051272038,1.3266611490320186,1.2547330577964655,1.1954522781589043,1.3162704612440352,447257,4671
primary,Oligodendrocytes,900,0,knn_aggregate,25,500,500,True,none,True,500000,5564,5265,394651,4632,390660,4631,545,49,"[0, 3000, 10000, 50000, 100000, 250000, 500001]","[49, 13, 100, 77, 139, 167]","[4631, 4655, 33972, 41724, 118772, 186906]",134014.0,8.393765641737168,6.031419966137188,11.080192378134884,8.30968903668658,6.146659227548176,10.77901063702396,447257,4671
primary,Oligodendrocytes,900,0,single_cell,0,0,900,True,trans,False,500000,5564,5265,394651,4632,395603,4603,761,2,"[0, 3000, 10000, 50000, 100000, 250000, 500001]","[2, 8, 55, 82, 233, 381]","[4603, 4662, 34187, 42021, 120812, 189318]",250006.0,0.2771297332191237,0.0552803761995862,0.724352196145339,0.2795769712671749,0.05576853832630843,0.7307487030592856,447257,4671
primary,Oligodendrocytes,900,0,knn_aggregate,25,500,500,True,trans,False,500000,5564,5265,394651,4632,391539,4602,116169,1645,"[0, 3000, 10000, 50000, 100000, 250000, 500001]","[1645, 1473, 10415, 12581, 35455, 54600]","[4602, 4637, 33975, 41695, 119468, 187162]",234562.0,1.2096796520610549,1.15527773613711,1.2679030886818072,1.2079431808078542,1.1498824899817688,1.2683200533966839,447257,4671
primary,Oligodendrocytes,900,0,knn_aggregate,25,500,500,True,trans,True,500000,5564,5265,394651,4632,391539,4602,230,7,"[0, 3000, 10000, 50000, 100000, 250000, 500001]","[7, 6, 20, 23, 72, 102]","[4602, 4637, 33975, 41695, 119468, 187162]",214699.5,2.8252353339587173,0.9211379972863214,5.225711148742952,2.8211797644262493,1.2934024150754189,5.218209743580139,447257,4671
primary,Oligodendrocytes,900,1,single_cell,0,0,900,True,none,False,500000,5564,5265,394529,4641,394529,4641,934,17,"[0, 3000, 10000, 50000, 100000, 250000, 500001]","[17, 6, 99, 101, 263, 448]","[4641, 4678, 34201, 41994, 119996, 189019]",236059.5,1.602190109898819,0.9540353223356407,2.4502083361617992,1.602190109898819,0.9540353223356407,2.4502083361617992,447814,4679
primary,Oligodendrocytes,900,1,knn_aggregate,25,500,500,True,none,False,500000,5564,5265,394529,4641,390653,4640,113918,1686,"[0, 3000, 10000, 50000, 100000, 250000, 500001]","[1686, 1501, 10527, 12506, 34946, 52752]","[4640, 4654, 33949, 41642, 118867, 186901]",231213.0,1.262262788237911,1.2053045242472848,1.325383405658363,1.249986794613047,1.1898261149617235,1.3102144936476208,447814,4679
primary,Oligodendrocytes,900,1,knn_aggregate,25,500,500,True,none,True,500000,5564,5265,394529,4641,390653,4640,597,47,"[0, 3000, 10000, 50000, 100000, 250000, 500001]","[47, 11, 93, 81, 168, 197]","[4640, 4654, 33949, 41642, 118867, 186901]",153669.0,7.248002878113705,5.3013673261756855,9.629139096118038,7.177513247940158,5.407304422146453,9.367303873636345,447814,4679
primary,Oligodendrocytes,900,1,single_cell,0,0,900,True,trans,False,500000,5564,5265,394529,4641,396558,4642,753,1,"[0, 3000, 10000, 50000, 100000, 250000, 500001]","[1, 6, 54, 68, 233, 391]","[4642, 4742, 34451, 42458, 120310, 189955]",258878.0,0.1674429341242145,0.05574023796879956,0.5043394580192317,0.16827763137414864,0.05601810113207115,0.5068535728180661,447814,4679
primary,Oligodendrocytes,900,1,knn_aggregate,25,500,500,True,trans,False,500000,5564,5265,394529,4641,392751,4640,112810,1540,"[0, 3000, 10000, 50000, 100000, 250000, 500001]","[1540, 1451, 9996, 12158, 34483, 53182]","[4640, 4711, 34217, 42131, 119248, 187804]",234946.0,1.162957205571469,1.1078859461748525,1.2242311423373273,1.1579062481675337,1.0992690246307575,1.2173877946870246,447814,4679
primary,Oligodendrocytes,900,1,knn_aggregate,25,500,500,True,trans,True,500000,5564,5265,394529,4641,392751,4640,320,8,"[0, 3000, 10000, 50000, 100000, 250000, 500001]","[8, 8, 26, 27, 106, 145]","[4640, 4711, 34217, 42131, 119248, 187804]",233037.0,2.284814650436281,0.9259901895005772,3.9739243392340082,2.274891240168085,0.9219684275808591,3.9638327372357094,447814,4679
primary,Oligodendrocytes,900,2,single_cell,0,0,900,True,none,False,500000,5564,5265,389761,4606,389761,4606,1041,13,"[0, 3000, 10000, 50000, 100000, 250000, 500001]","[13, 8, 102, 131, 278, 509]","[4606, 4643, 33842, 41689, 118622, 186359]",243660.0,1.0974746586498407,0.6061718953984002,1.761531766059431,1.0974746586498407,0.6061718953984002,1.761531766059431,444327,4649
primary,Oligodendrocytes,900,2,knn_aggregate,25,500,500,True,none,False,500000,5564,5265,389761,4606,386296,4603,110253,1594,"[0, 3000, 10000, 50000, 100000, 250000, 500001]","[1594, 1442, 10124, 12059, 33576, 51458]","[4603, 4619, 33642, 41368, 117586, 184478]",233043.0,1.2269358313159782,1.166079335782653,1.2878797599138974,1.2166998039083805,1.1563510193248132,1.2810123233671786,444327,4649
primary,Oligodendrocytes,900,2,knn_aggregate,25,500,500,True,none,True,500000,5564,5265,389761,4606,386296,4603,588,44,"[0, 3000, 10000, 50000, 100000, 250000, 500001]","[44, 18, 92, 82, 163, 189]","[4603, 4619, 33642, 41368, 117586, 184478]",142360.0,6.833247565996745,4.882960608125418,9.049804546077464,6.776239442521026,4.8422232546801425,8.96997417299059,444327,4649
primary,Oligodendrocytes,900,2,single_cell,0,0,900,True,trans,False,500000,5564,5265,389761,4606,387953,4605,731,5,"[0, 3000, 10000, 50000, 100000, 250000, 500001]","[5, 6, 67, 64, 216, 373]","[4605, 4734, 33926, 41493, 118073, 185122]",256628.0,0.6329830771907407,0.17168646838867763,1.21679661275884,0.6301501623294748,0.28525396780632034,1.211350841249875,444327,4649
primary,Oligodendrocytes,900,2,knn_aggregate,25,500,500,True,trans,False,500000,5564,5265,389761,4606,384441,4600,109017,1594,"[0, 3000, 10000, 50000, 100000, 250000, 500001]","[1594, 1435, 9852, 11776, 33160, 51200]","[4600, 4705, 33729, 41182, 117045, 183180]",234417.0,1.241052786055924,1.1794863492571381,1.3027086943662365,1.2255262068047243,1.1647300161799214,1.2903166227307916,444327,4649
primary,Oligodendrocytes,900,2,knn_aggregate,25,500,500,True,trans,True,500000,5564,5265,389761,4606,384441,4600,241,1,"[0, 3000, 10000, 50000, 100000, 250000, 500001]","[1, 4, 15, 25, 76, 120]","[4600, 4705, 33729, 41182, 117045, 183180]",247568.0,0.5214842626109315,0.17310830249541617,1.584214296731735,0.514960070551854,0.1709425769050668,1.5643944880133167,444327,4649
primary,Oligodendrocytes,2400,0,single_cell,0,0,2400,True,none,False,500000,5564,5265,432122,4638,432122,4638,963,38,"[0, 3000, 10000, 50000, 100000, 250000, 500001]","[38, 20, 108, 106, 287, 404]","[4638, 4914, 36556, 45315, 131185, 209514]",208506.0,3.833779386313328,2.7062488155235944,5.201363041016153,3.833779386313328,2.7062488155235944,5.094782377260735,443955,4640
primary,Oligodendrocytes,2400,0,knn_aggregate,25,500,500,True,none,False,500000,5564,5265,432122,4638,426792,4632,63330,998,"[0, 3000, 10000, 50000, 100000, 250000, 500001]","[998, 925, 6107, 7175, 19169, 28956]","[4632, 4887, 36278, 44878, 129609, 206508]",227823.0,1.476305830659908,1.3877593721089376,1.5695354579484877,1.4598078377304278,1.3692487100578532,1.553484010390276,443955,4640
primary,Oligodendrocytes,2400,0,knn_aggregate,25,500,500,True,none,True,500000,5564,5265,432122,4638,426792,4632,233,40,"[0, 3000, 10000, 50000, 100000, 250000, 500001]","[40, 11, 44, 31, 60, 47]","[4632, 4887, 36278, 44878, 129609, 206508]",81998.0,19.28931766734936,13.294484901403239,26.657872442020924,19.073755945732252,13.658329742193747,25.716184195935508,443955,4640
primary,Oligodendrocytes,2400,0,single_cell,0,0,2400,True,trans,False,500000,5564,5265,432122,4638,432615,4574,410,0,"[0, 3000, 10000, 50000, 100000, 250000, 500001]","[0, 0, 39, 33, 132, 206]","[4574, 4862, 36690, 45745, 131935, 208809]",251221.0,0.1122534388545165,0.1122534388545165,0.5640151364722035,0.11397224113069737,0.11397224113069737,0.5726512237962212,443955,4640
primary,Oligodendrocytes,2400,0,knn_aggregate,25,500,500,True,trans,False,500000,5564,5265,432122,4638,427341,4570,60628,837,"[0, 3000, 10000, 50000, 100000, 250000, 500001]","[837, 758, 5463, 6658, 18424, 28488]","[4570, 4842, 36423, 45313, 130344, 205849]",234124.0,1.2908868549606527,1.208124013125739,1.3784939523927164,1.2956489770299529,1.2094490538571652,1.3867619709431873,443955,4640
primary,Oligodendrocytes,2400,0,knn_aggregate,25,500,500,True,trans,True,500000,5564,5265,432122,4638,427341,4570,50,0,"[0, 3000, 10000, 50000, 100000, 250000, 500001]","[0, 3, 5, 2, 22, 18]","[4570, 4842, 36423, 45313, 130344, 205849]",199499.5,0.9124759732629509,0.9124759732629509,4.75051924224526,0.9158421257288184,0.9158421257288184,4.7680440566294156,443955,4640
primary,Oligodendrocytes,2400,1,single_cell,0,0,2400,True,none,False,500000,5564,5265,430494,4625,430494,4625,825,39,"[0, 3000, 10000, 50000, 100000, 250000, 500001]","[39, 20, 94, 86, 235, 351]","[4625, 4872, 36450, 45228, 130546, 208773]",209703.0,4.623982919528364,3.290273660155015,6.249090840613538,4.623982919528364,3.290273660155015,6.122145676991003,442587,4630
primary,Oligodendrocytes,2400,1,knn_aggregate,25,500,500,True,none,False,500000,5564,5265,430494,4625,424458,4623,60201,981,"[0, 3000, 10000, 50000, 100000, 250000, 500001]","[981, 838, 5766, 6842, 18287, 27487]","[4623, 4847, 36117, 44757, 128717, 205397]",226431.0,1.525935183338814,1.4343579560647441,1.6256104575611496,1.5049654526037395,1.4083854477322915,1.600146939784458,442587,4630
primary,Oligodendrocytes,2400,1,knn_aggregate,25,500,500,True,none,True,500000,5564,5265,430494,4625,424458,4623,219,33,"[0, 3000, 10000, 50000, 100000, 250000, 500001]","[33, 8, 41, 32, 62, 43]","[4623, 4847, 36117, 44757, 128717, 205397]",85951.0,16.53803182787572,11.010908661824057,23.34536899221798,16.31076262397688,10.85959437776532,23.02455189131949,442587,4630
primary,Oligodendrocytes,2400,1,single_cell,0,0,2400,True,trans,False,500000,5564,5265,430494,4625,431298,4683,352,0,"[0, 3000, 10000, 50000, 100000, 250000, 500001]","[0, 6, 23, 26, 109, 188]","[4683, 4840, 36004, 45130, 130580, 210061]",264306.0,0.13059565728374392,0.13059565728374392,0.6567042680815939,0.12920430635087568,0.12920430635087568,0.6497078172422779,442587,4630
primary,Oligodendrocytes,2400,1,knn_aggregate,25,500,500,True,trans,False,500000,5564,5265,430494,4625,425273,4682,56969,817,"[0, 3000, 10000, 50000, 100000, 250000, 500001]","[817, 647, 4965, 6106, 17248, 27186]","[4682, 4811, 35680, 44619, 128721, 206760]",237796.0,1.34040647575388,1.2523234896115623,1.438656903107973,1.3076796648627687,1.2152683899305525,1.4002787424768806,442587,4630
primary,Oligodendrocytes,2400,1,knn_aggregate,25,500,500,True,trans,True,500000,5564,5265,430494,4625,425273,4682,39,0,"[0, 3000, 10000, 50000, 100000, 250000, 500001]","[0, 1, 4, 4, 11, 19]","[4682, 4811, 35680, 44619, 128721, 206760]",229281.0,1.165442258038474,1.165442258038474,6.137995892335963,1.13698730122257,1.13698730122257,5.988133119772201,442587,4630
primary,Oligodendrocytes,2400,2,single_cell,0,0,2400,True,none,False,500000,5564,5265,432020,4634,432020,4634,891,40,"[0, 3000, 10000, 50000, 100000, 250000, 500001]","[40, 21, 101, 90, 266, 373]","[4634, 4894, 36509, 45334, 131051, 209598]",211216.0,4.386198522442705,3.0436900982366897,5.883945323866341,4.386198522442705,3.1541389797063926,5.767087175571823,443590,4640
primary,Oligodendrocytes,2400,2,knn_aggregate,25,500,500,True,none,False,500000,5564,5265,432020,4634,428061,4633,62921,1035,"[0, 3000, 10000, 50000, 100000, 250000, 500001]","[1035, 880, 6116, 7041, 18978, 28871]","[4633, 4871, 36304, 45037, 129829, 207387]",228401.0,1.543021916902634,1.450694526495219,1.6400858579196134,1.5290620164679039,1.4390683404477815,1.6297614041626962,443590,4640
primary,Oligodendrocytes,2400,2,knn_aggregate,25,500,500,True,none,True,500000,5564,5265,432020,4634,428061,4633,264,38,"[0, 3000, 10000, 50000, 100000, 250000, 500001]","[38, 13, 67, 34, 54, 58]","[4633, 4871, 36304, 45037, 129829, 207387]",64132.0,15.6751042009766,10.67792812487579,21.71110836155609,15.533289692995464,10.581323655529241,20.990792866537124,443590,4640
primary,Oligodendrocytes,2400,2,single_cell,0,0,2400,True,trans,False,500000,5564,5265,432020,4634,430317,4684,329,1,"[0, 3000, 10000, 50000, 100000, 250000, 500001]","[1, 9, 32, 32, 83, 172]","[4684, 4927, 36070, 45016, 129954, 209666]",260127.0,0.421088904883022,0.13993698053016967,1.274909725843988,0.41488567904158813,0.13787551397588438,1.2561285305544858,443590,4640
primary,Oligodendrocytes,2400,2,knn_aggregate,25,500,500,True,trans,False,500000,5564,5265,432020,4634,426430,4681,59911,801,"[0, 3000, 10000, 50000, 100000, 250000, 500001]","[801, 718, 5219, 6468, 18028, 28677]","[4681, 4898, 35837, 44758, 128756, 207500]",239536.0,1.2504225787425165,1.1682694847572646,1.3406412260139413,1.2215421085642642,1.1412479192273353,1.3127725573128863,443590,4640
primary,Oligodendrocytes,2400,2,knn_aggregate,25,500,500,True,trans,True,500000,5564,5265,432020,4634,426430,4681,52,0,"[0, 3000, 10000, 50000, 100000, 250000, 500001]","[0, 2, 5, 7, 11, 27]","[4681, 4898, 35837, 44758, 128756, 207500]",253510.5,0.878271144470303,0.878271144470303,4.565270800464446,0.8579860952177517,0.8579860952177517,4.459828712765542,443590,4640
primary,Exc_LINC00507_FREM3,2400,0,knn_aggregate,10,500,500,True,none,True,500000,5564,5265,577735,5912,575186,5907,2,0,"[0, 3000, 10000, 50000, 100000, 250000, 500001]","[0, 0, 1, 0, 0, 1]","[5907, 6642, 48560, 60218, 174587, 279272]",234103.0,19.342866807610992,19.342866807610992,483.57167019027486,19.27311045281422,19.27311045281422,481.8277613203555,578891,5915
primary,Exc_LINC00507_FREM3,2400,0,knn_aggregate,10,500,500,True,trans,True,500000,5564,5265,577735,5912,574473,5965,1,0,"[0, 3000, 10000, 50000, 100000, 250000, 500001]","[0, 0, 0, 0, 1, 0]","[5965, 6578, 48407, 60216, 174611, 278696]",121695.0,32.23811134601832,32.23811134601832,290.1430021141649,31.766462716173553,31.766462716173553,285.898164445562,578891,5915
primary,Exc_LINC00507_FREM3,2400,0,knn_aggregate,50,500,500,True,none,True,500000,5564,5265,577735,5912,577342,5912,541,31,"[0, 3000, 10000, 50000, 100000, 250000, 500001]","[31, 10, 75, 82, 169, 174]","[5912, 6665, 48741, 60435, 175224, 280365]",159391.0,5.967681728107212,3.9949244607457866,8.228947340575248,5.963580289605391,3.99217884900882,8.22329179073365,578891,5915
primary,Exc_LINC00507_FREM3,2400,0,knn_aggregate,50,500,500,True,trans,True,500000,5564,5265,577735,5912,576585,5967,130,0,"[0, 3000, 10000, 50000, 100000, 250000, 500001]","[0, 1, 13, 15, 34, 67]","[5967, 6602, 48595, 60415, 175244, 279762]",261317.5,0.37055300397722213,0.37055300397722213,1.8816018295341435,0.3663641018479728,0.3663641018479728,1.860331334286399,578891,5915
primary,Exc_LINC00507_FREM3,2400,0,knn_aggregate,100,500,500,True,none,True,500000,5564,5265,577735,5912,577521,5912,2611,85,"[0, 3000, 10000, 50000, 100000, 250000, 500001]","[85, 56, 327, 349, 822, 972]","[5912, 6666, 48756, 60456, 175271, 280460]",184800.0,3.272937090937542,2.6046518111290604,3.990406048610201,3.2717122225341613,2.6417497157364713,4.029059055391964,578891,5915
primary,Exc_LINC00507_FREM3,2400,0,knn_aggregate,100,500,500,True,trans,True,500000,5564,5265,577735,5912,576775,5967,1220,15,"[0, 3000, 10000, 50000, 100000, 250000, 500001]","[15, 13, 105, 113, 385, 589]","[5967, 6602, 48614, 60439, 175289, 279864]",240041.5,1.2435273144669035,0.6779973932564678,1.9803603710257809,1.2298792870339945,0.7500637740436443,1.8771126832625924,578891,5915
primary,Exc_LINC00507_FREM3,150,0,knn_aggregate,25,120,120,True,none,True,250000,5564,5265,227652,5851,227652,5851,3849,123,"[0, 3000, 10000, 50000, 100000, 250000, 500001]","[123, 106, 635, 764, 2221, 0]","[5851, 5287, 37307, 46145, 133062, 0]",117157.0,1.256212473899641,1.0471571980383434,1.4887804723112448,1.256212473899641,1.04689734330669,1.4994173961803223,591848,6085
primary,Exc_LINC00507_FREM3,150,0,single_cell,0,0,150,True,none,False,250000,5564,5265,227652,5851,227652,5851,707,15,"[0, 3000, 10000, 50000, 100000, 250000, 500001]","[15, 16, 125, 142, 409, 0]","[5851, 5287, 37307, 46145, 133062, 0]",120719.0,0.8484166638132529,0.4606048179456072,1.3587039405735755,0.8484166638132529,0.5155306187970939,1.3013426973049247,591848,6085
primary,Exc_LINC00507_FREM3,150,0,knn_aggregate,25,120,120,True,trans,True,250000,5564,5265,227652,5851,227408,5982,3688,107,"[0, 3000, 10000, 50000, 100000, 250000, 500001]","[107, 90, 649, 708, 2134, 0]","[5982, 5389, 37886, 46012, 132139, 0]",121315.5,1.1377341088253317,0.9317034957084808,1.3569833082393046,1.1109394699592365,0.9097610589790746,1.3465660454266604,591848,6085
primary,Exc_LINC00507_FREM3,150,0,single_cell,0,0,150,True,trans,False,250000,5564,5265,227652,5851,227408,5982,701,7,"[0, 3000, 10000, 50000, 100000, 250000, 500001]","[7, 11, 106, 155, 422, 0]","[5982, 5389, 37886, 46012, 132139, 0]",123107.0,0.4093419770714677,0.13547200527811976,0.7432366093493707,0.399701613507359,0.18545925975337876,0.7257327335447342,591848,6085
primary,Exc_LINC00507_FREM3,150,1,knn_aggregate,25,124,124,True,none,True,250000,5564,5265,232786,5917,232786,5917,4005,127,"[0, 3000, 10000, 50000, 100000, 250000, 500001]","[127, 99, 699, 805, 2275, 0]","[5917, 5424, 38023, 47260, 136162, 0]",116395.0,1.260329890513054,1.0571795972571645,1.49655829953829,1.260329890513054,1.0571795972571645,1.49655829953829,597361,6145
primary,Exc_LINC00507_FREM3,150,1,single_cell,0,0,150,True,none,False,250000,5564,5265,232786,5917,232786,5917,683,13,"[0, 3000, 10000, 50000, 100000, 250000, 500001]","[13, 19, 111, 142, 398, 0]","[5917, 5424, 38023, 47260, 136162, 0]",120061.0,0.7719209601823734,0.4250414747493483,1.244200652047413,0.7719209601823734,0.4250414747493483,1.244200652047413,597361,6145
primary,Exc_LINC00507_FREM3,150,1,knn_aggregate,25,124,124,True,trans,True,250000,5564,5265,232786,5917,234827,5894,3772,115,"[0, 3000, 10000, 50000, 100000, 250000, 500001]","[115, 94, 636, 748, 2179, 0]","[5894, 5517, 37853, 47564, 137999, 0]",119760.0,1.2106970849176173,1.0063072238979334,1.450028026565477,1.2264787424494734,1.0194246222771248,1.468929406614977,597361,6145
primary,Exc_LINC00507_FREM3,150,1,single_cell,0,0,150,True,trans,False,250000,5564,5265,232786,5917,234827,5894,600,3,"[0, 3000, 10000, 50000, 100000, 250000, 500001]","[3, 13, 103, 134, 347, 0]","[5894, 5517, 37853, 47564, 137999, 0]",119093.0,0.22457839929434184,0.031922348894580524,0.48448282673619897,0.2275058197291213,0.03233846254029974,0.5571767001563712,597361,6145
primary,Exc_LINC00507_FREM3,150,2,knn_aggregate,25,119,119,True,none,True,250000,5564,5265,231352,5821,231352,5821,4694,152,"[0, 3000, 10000, 50000, 100000, 250000, 500001]","[152, 130, 812, 922, 2678, 0]","[5821, 5415, 37843, 46693, 135580, 0]",119667.5,1.3006103757015195,1.0901643410420558,1.5132919773995255,1.3006103757015195,1.1076169848592066,1.5311174723571475,591955,6065
primary,Exc_LINC00507_FREM3,150,2,single_cell,0,0,150,True,none,False,250000,5564,5265,231352,5821,231352,5821,712,6,"[0, 3000, 10000, 50000, 100000, 250000, 500001]","[6, 15, 127, 127, 437, 0]","[5821, 5415, 37843, 46693, 135580, 0]",129227.0,0.35642938155587567,0.1363164391648493,0.6913121343799103,0.35642938155587567,0.1363164391648493,0.6913121343799103,591955,6065
primary,Exc_LINC00507_FREM3,150,2,knn_aggregate,25,119,119,True,trans,True,250000,5564,5265,231352,5821,231232,5729,4417,138,"[0, 3000, 10000, 50000, 100000, 250000, 500001]","[138, 115, 735, 873, 2556, 0]","[5729, 5331, 37738, 46423, 136011, 0]",121007.0,1.2538022627585113,1.0400001736734679,1.479364105682212,1.2737767155982365,1.0753639609403352,1.5029320074474546,591955,6065
primary,Exc_LINC00507_FREM3,150,2,single_cell,0,0,150,True,trans,False,250000,5564,5265,231352,5821,231232,5729,610,5,"[0, 3000, 10000, 50000, 100000, 250000, 500001]","[5, 10, 114, 127, 354, 0]","[5729, 5331, 37738, 46423, 136011, 0]",118874.0,0.3519012816822064,0.09534322890233841,0.6774053057649073,0.3575074572044417,0.16170222255717448,0.688197119382799,591955,6065
primary,Exc_LINC00507_FREM3,2400,0,knn_aggregate,25,500,500,True,none,True,250000,5564,5265,297163,5912,296749,5910,45,10,"[0, 3000, 10000, 50000, 100000, 250000, 500001]","[10, 1, 9, 10, 15, 0]","[5910, 6656, 48698, 60390, 175095, 0]",53971.0,14.569946699222822,6.689669824863623,27.55236893969255,14.554259488067904,6.682467172358044,27.522703777678046,578891,5915
primary,Exc_LINC00507_FREM3,2400,0,single_cell,0,0,2400,True,none,False,250000,5564,5265,297163,5912,297163,5912,256,21,"[0, 3000, 10000, 50000, 100000, 250000, 500001]","[21, 7, 48, 48, 132, 0]","[5912, 6666, 48776, 60477, 175332, 0]",106994.5,4.4972244740397604,2.7310636376659967,6.639481517145887,4.4972244740397604,2.7310636376659967,6.6332848895547185,578891,5915
primary,Exc_LINC00507_FREM3,2400,0,knn_aggregate,25,500,500,True,trans,True,250000,5564,5265,297163,5912,296597,5966,5,0,"[0, 3000, 10000, 50000, 100000, 250000, 500001]","[0, 0, 0, 1, 4, 0]","[5966, 6591, 48543, 60378, 175119, 0]",218122.0,4.478208725735152,4.478208725735152,35.18592570220477,4.428231870367125,4.428231870367125,34.79325041002741,578891,5915
primary,Exc_LINC00507_FREM3,2400,0,single_cell,0,0,2400,True,trans,False,250000,5564,5265,297163,5912,297006,5967,59,1,"[0, 3000, 10000, 50000, 100000, 250000, 500001]","[1, 3, 17, 10, 28, 0]","[5967, 6602, 48641, 60455, 175341, 0]",95193.0,1.263084512386838,0.413952067084762,3.994078052682704,1.2505322634354892,0.4098383048233956,3.9543858059987094,578891,5915
primary,Exc_LINC00507_FREM3,2400,1,knn_aggregate,25,500,500,True,none,True,250000,5564,5265,298103,5962,297649,5959,51,10,"[0, 3000, 10000, 50000, 100000, 250000, 500001]","[10, 2, 15, 10, 14, 0]","[5959, 6678, 48860, 60528, 175624, 0]",48295.0,12.396699249829506,5.795282342598228,22.773010895562052,12.383792405969208,5.789248574833532,22.74930073772613,580766,5963
primary,Exc_LINC00507_FREM3,2400,1,single_cell,0,0,2400,True,none,False,250000,5564,5265,298103,5962,298103,5962,248,24,"[0, 3000, 10000, 50000, 100000, 250000, 500001]","[24, 6, 48, 51, 119, 0]","[5962, 6691, 48919, 60625, 175906, 0]",95965.5,5.34705439060946,3.477169405558937,7.880552403571271,5.34705439060946,3.2524428642613765,7.880552403571271,580766,5963
primary,Exc_LINC00507_FREM3,2400,1,knn_aggregate,25,500,500,True,trans,True,250000,5564,5265,298103,5962,299617,6010,6,0,"[0, 3000, 10000, 50000, 100000, 250000, 500001]","[0, 0, 0, 1, 5, 0]","[6010, 6801, 48944, 61279, 176583, 0]",124901.5,3.7689598451862603,3.7689598451862603,27.220265548567436,3.7576228779123713,3.7576228779123713,27.13838745158935,580766,5963
primary,Exc_LINC00507_FREM3,2400,1,single_cell,0,0,2400,True,trans,False,250000,5564,5265,298103,5962,300084,6011,36,0,"[0, 3000, 10000, 50000, 100000, 250000, 500001]","[0, 0, 7, 5, 24, 0]","[6011, 6821, 49008, 61359, 176885, 0]",125851.5,0.6711846299646765,0.6711846299646765,3.550469419378361,0.6701162953653899,0.6701162953653899,3.5448180841792363,580766,5963
primary,Exc_LINC00507_FREM3,2400,2,knn_aggregate,25,500,500,True,none,True,250000,5564,5265,297153,5925,296574,5923,54,9,"[0, 3000, 10000, 50000, 100000, 250000, 500001]","[9, 0, 10, 13, 22, 0]","[5923, 6665, 48624, 60332, 175030, 0]",75598.0,10.261741717905755,4.379555219887865,19.286058218662316,10.244868409213813,4.37235394848677,19.25434629073429,578801,5928
primary,Exc_LINC00507_FREM3,2400,2,single_cell,0,0,2400,True,none,False,250000,5564,5265,297153,5925,297153,5925,200,20,"[0, 3000, 10000, 50000, 100000, 250000, 500001]","[20, 5, 32, 43, 100, 0]","[5925, 6677, 48710, 60442, 175399, 0]",101083.5,5.5819446492938285,3.25917386684847,8.45408796738315,5.5819446492938285,3.538680617669395,8.45408796738315,578801,5928
primary,Exc_LINC00507_FREM3,2400,2,knn_aggregate,25,500,500,True,trans,True,250000,5564,5265,297153,5925,295462,5968,3,0,"[0, 3000, 10000, 50000, 100000, 250000, 500001]","[0, 0, 1, 1, 1, 0]","[5968, 6610, 48392, 59867, 174625, 0]",95812.0,7.02119170172499,7.02119170172499,81.91390318679156,6.929103986404816,6.929103986404816,80.83954650805619,578801,5928
primary,Exc_LINC00507_FREM3,2400,2,single_cell,0,0,2400,True,trans,False,250000,5564,5265,297153,5925,296023,5970,46,0,"[0, 3000, 10000, 50000, 100000, 250000, 500001]","[0, 1, 11, 17, 17, 0]","[5970, 6622, 48452, 59965, 175014, 0]",85042.5,0.5284767947534939,0.5284767947534939,2.7611428040491535,0.5223774958059924,0.5223774958059924,2.729275680334679,578801,5928
