convention,celltype,n,depth_atac,n_tested_all,prox_tested_all,n_tested_var,prox_tested_var,n_links,prox_links,OR,lo,hi,OR_varpeaks,lo_varpeaks,hi_varpeaks
unmatched,Astro,150,51810.99999698132,4023822,28143,3906753,27916,57372,486,1.2141886516309424,1.1060348049782711,1.3199852547862074,1.1882675790411816,1.0775035231674022,1.296739784117405
unmatched,ExN,150,120797.99999814434,4295927,29825,4287895,29802,27709,312,1.6314833235762574,1.4521758035676091,1.816530052653841,1.6296771750827082,1.4504366293214372,1.8092312881144383
unmatched,InN,150,72673.99999669753,4092512,28384,4032231,28222,44299,301,0.9811504974301287,0.8796495775172792,1.0959203496686962,0.9721853296456718,0.8683699171079167,1.082654794881319
unmatched,MG,150,27972.999999898893,3078803,20662,2354287,19580,46086,302,0.9778711040729573,0.8673175464455379,1.0983661055134863,0.7877993245356819,0.6987343980222183,0.8822476594386307
unmatched,OPC,150,35428.9999989014,3553010,24437,3041278,23523,51238,292,0.8289988160942012,0.7377703124295991,0.9316877922092406,0.7365354035995808,0.6555454168578099,0.8303069967251693
unmatched,Oligo,150,48814.999999475316,3607202,24590,3293864,24075,58494,488,1.2269316897931806,1.1206317913567898,1.3333856340933095,1.14375336776596,1.044659939956384,1.2500842606407405
p5_08 matched,Astro,150,5564.0,1116730,7316,505121,6568,1938,11,0.9046777609339017,0.4313293132796135,1.5404122220189527,0.45284441810326315,0.2159056852258112,0.7710668996651653
p5_08 matched,ExN,150,5564.0,1374890,9007,735972,8166,2702,16,0.9313362073574459,0.5348303120334564,1.3884523168596288,0.5473650489499957,0.31433054745801176,0.8487712577224608
p5_08 matched,InN,150,5564.0,1306648,8499,705856,7647,3044,21,1.0860750055502346,0.6801544253600038,1.596506496692878,0.6492242822960363,0.40657667877285236,0.9543454910568346
p5_08 matched,MG,150,5564.0,1056211,6814,406375,6175,1156,4,0.6012811777361945,0.19990669474714096,1.2749024051782443,0.2530329510410514,0.08412533566271795,0.536508259057993
p5_08 matched,OPC,150,5564.0,1060844,7049,420057,6276,1516,8,0.8423093780020412,0.3456874745724773,1.5431366515131322,0.3714729097846213,0.15245411651492288,0.6362196201582826
p5_08 matched,Oligo,150,5564.0,1024259,6419,394324,5716,1246,8,1.0881817526917867,0.5742415862885076,1.9956106193772356,0.46655731461184347,0.19133937127308484,0.8556169309808608
p5_08 matched,VC,150,5564.0,1523265,10046,702810,8977,2813,22,1.2140372897408032,0.780143817229522,1.759913964329753,0.6229378748680765,0.4003016511133562,0.9030340947140856
