file,celltype,n,depth_atac,depth_rna,n_tested_all,prox_tested_all,n_tested_var,prox_tested_var,n_links,prox_links,n_independent,OR,lo,hi,OR_varpeaks,lo_varpeaks,hi_varpeaks
18_n150p508match_fine_seed0.json,18,150,5564.0,5265.0,1011313,6326,392567,5601,1234,3,991,0.45147195324758854,0.06433925943695021,1.100901645473751,0.1963372289968296,0.027980014755493336,0.4220936238165766
21_n150p508match_fine_seed0.json,21,150,5564.0,5265.0,1064784,6886,413569,6263,1195,7,984,0.9694100702046687,0.4508739107794684,1.753791935043423,0.4103612427698871,0.19085955886647524,0.7423981451650059
37_n150p508match_fine_seed0.json,37,150,5564.0,5265.0,1310473,8420,694192,7543,2637,9,2103,0.5588645638976963,0.2642227085396831,0.9732513869072171,0.3289863185131084,0.15553975285852026,0.5729230505031526
7_n150p508match_fine_seed0.json,7,150,5564.0,5265.0,1312713,8548,659545,7661,2502,13,2001,0.8273026761529851,0.397214027930616,1.321803725765671,0.4614009525905822,0.25571755192107,0.7371927056274645
Astro_n150p508match_seed0.json,Astro,150,5564.0,5265.0,1116730,7316,505121,6568,1938,11,1568,0.9046777609339017,0.4313293132796135,1.5404122220189527,0.45284441810326315,0.2159056852258112,0.7710668996651653
ExN_n150p508match_da11128_seed0.json,ExN,150,11128.0,5265.0,1369404,8931,954168,8466,3172,9,2573,0.45742663673582334,0.2163338536053752,0.7962397134626901,0.3354334668927476,0.158638803894203,0.5838869582899419
ExN_n150p508match_da22256_seed0.json,ExN,150,22256.0,5265.0,1369540,8954,1136051,8673,2913,13,2485,0.707205639759219,0.3920809599406722,1.1294055276958856,0.6049733783522712,0.3354025047137188,0.9661408778534882
ExN_n150p508match_da44512_seed0.json,ExN,150,44512.0,5265.0,1416368,9313,1323389,9210,2257,3,2106,0.23453956423867786,0.03346112625066282,0.5034780660577959,0.2215079338334592,0.03160193873295578,0.4755035104842103
ExN_n150p508match_seed0.json,ExN,150,5564.0,5265.0,1374890,9007,735972,8166,2702,16,2179,0.9313362073574459,0.5348303120334564,1.3884523168596288,0.5473650489499957,0.31433054745801176,0.8487712577224608
ExN_n2400p508match_n2400_seed0.json,ExN,2400,5564.0,5265.0,1315914,8603,1311101,8599,762,4,760,0.9014898621496616,0.2993127863604808,1.9157739656963577,0.8985914735043655,0.2983504629691667,1.909614542565533
ExN_n5000p508match_n5000_seed0.json,ExN,5000,5564.0,5265.0,1312896,8574,1312632,8574,207,6,207,4.906982256089417,1.850565084413284,9.726115724985418,4.905989063596297,1.85019052276746,9.724147120938953
ExN_n600p508match_n600_seed0.json,ExN,600,5564.0,5265.0,1324577,8679,1164260,8537,2801,6,2719,0.35251820042887594,0.1353901973290454,0.6793777691748747,0.3147582249552395,0.12088788078398228,0.6066062417185131
InN_n150p508match_seed0.json,InN,150,5564.0,5265.0,1306648,8499,705856,7647,3044,21,2407,1.0860750055502346,0.6801544253600038,1.596506496692878,0.6492242822960363,0.40657667877285236,0.9543454910568346
MG_n150p508match_seed0.json,MG,150,5564.0,5265.0,1056211,6814,406375,6175,1156,4,992,0.6012811777361945,0.19990669474714096,1.2749024051782443,0.2530329510410514,0.08412533566271795,0.536508259057993
OPC_n150p508match_seed0.json,OPC,150,5564.0,5265.0,1060844,7049,420057,6276,1516,8,1234,0.8423093780020412,0.3456874745724773,1.5431366515131322,0.3714729097846213,0.15245411651492288,0.6362196201582826
Oligo_n150p508match_da11128_seed0.json,Oligo,150,11128.0,5265.0,1089126,6793,588574,6347,1964,10,1539,0.8558962929046946,0.3656900873280633,1.431621142047262,0.4927692842010001,0.2574586137299214,0.8242341172193878
Oligo_n150p508match_da22256_seed0.json,Oligo,150,22256.0,5265.0,1112723,6932,786285,6687,2500,10,2023,0.672490451092442,0.351551118735686,1.1239765575771603,0.49148464351451404,0.25692851993401206,0.8687397050380702
Oligo_n150p508match_da44512_seed0.json,Oligo,150,44512.0,5265.0,1191801,7432,1060686,7362,3330,12,2755,0.60023385599723,0.3115582934534336,0.9867623391777571,0.5388961353404654,0.27972024336478085,0.8859253868626578
Oligo_n150p508match_seed0.json,Oligo,150,5564.0,5265.0,1024259,6419,394324,5716,1246,8,1018,1.0881817526917867,0.5742415862885076,1.9956106193772356,0.46655731461184347,0.19133937127308484,0.8556169309808608
Oligo_n2400p508match_n2400_seed0.json,Oligo,2400,5564.0,5265.0,1018508,6360,978263,6343,1576,8,1551,0.8623575729398778,0.35396007297681786,1.5795838634737394,0.8303022235240936,0.3408027538153156,1.520867949954748
Oligo_n5000p508match_n5000_seed0.json,Oligo,5000,5564.0,5265.0,1017843,6359,1012291,6359,776,12,774,2.600571409442859,1.3417665906682859,4.3100388919117885,2.5862969717572333,1.3344016848181317,4.286381252147764
Oligo_n600p508match_n600_seed0.json,Oligo,600,5564.0,5265.0,1030898,6436,733641,6218,2332,10,2156,0.7195813000349444,0.37611382052360987,1.2029277832945788,0.5288533563303289,0.2764233260876493,0.8840868927353265
VC_n150p508match_seed0.json,VC,150,5564.0,5265.0,1523265,10046,702810,8977,2813,22,2196,1.2140372897408032,0.780143817229522,1.759913964329753,0.6229378748680765,0.4003016511133562,0.9030340947140856
ExN_n150depth_da11128_s1_seed1.json,ExN,150,11128.0,5265.0,1331226,8738,929312,8281,3262,15,2662,0.7223331594767706,0.39526618629107896,1.0978547661560494,0.5308209023172633,0.29046922588257756,0.8413712355231197
ExN_n150depth_da11128_s2_seed2.json,ExN,150,11128.0,5265.0,1345492,8777,938505,8307,3146,12,2553,0.6073092342145159,0.31519745684305306,0.9985356479189049,0.4465262796404378,0.2317500538885958,0.7341768951204355
ExN_n150depth_da22256_s1_seed1.json,ExN,150,22256.0,5265.0,1381329,9021,1152228,8798,2739,12,2364,0.6971371933419264,0.36171563245540667,1.0903323080134397,0.5955886156121832,0.3090262789547319,0.9796386970012344
ExN_n150depth_da22256_s2_seed2.json,ExN,150,22256.0,5265.0,1356665,8901,1122138,8667,2924,9,2554,0.493357092799004,0.2332953700519822,0.8589456662202687,0.4185967138926113,0.1979431869846579,0.7287861845711566
ExN_n150depth_da44512_s1_seed1.json,ExN,150,44512.0,5265.0,1401060,9195,1309811,9105,2297,8,2162,0.5619532655699864,0.23088828812268178,0.9611449927008857,0.5303392739082687,0.21789912894750538,0.9070735393494623
ExN_n150depth_da44512_s2_seed2.json,ExN,150,44512.0,5265.0,1395747,9129,1299245,9042,2282,9,2136,0.6346563708401578,0.2999669988784378,1.1057023128744357,0.5962087493514577,0.2817949326046649,0.9753356546432244
Oligo_n150depth_da11128_s1_seed1.json,Oligo,150,11128.0,5265.0,1062370,6614,552039,6156,1954,6,1553,0.5324510522707779,0.20436932440650266,1.0271070937032083,0.2957869642606798,0.1135311533264916,0.5705780614413767
Oligo_n150depth_da11128_s2_seed2.json,Oligo,150,11128.0,5265.0,1074763,6669,575475,6203,1988,5,1563,0.44406534961486843,0.12086499086944652,0.8499035559621808,0.2544567071830146,0.11548746738153204,0.48700863614068046
Oligo_n150depth_da22256_s1_seed1.json,Oligo,150,22256.0,5265.0,1104039,6866,776487,6611,2690,11,2092,0.685778656030132,0.3272483141696571,1.1060987453013598,0.4997641967971661,0.2384836411080128,0.8071715419415006
Oligo_n150depth_da22256_s2_seed2.json,Oligo,150,22256.0,5265.0,1116733,6997,808733,6746,3112,9,2376,0.48545482163443837,0.22958240732934848,0.8450644324254348,0.36388229922034054,0.17208805127998683,0.6334348222662393
Oligo_n150depth_da44512_s1_seed1.json,Oligo,150,44512.0,5265.0,1185139,7388,1073569,7343,3005,8,2592,0.4520194497873671,0.18581570466108496,0.8262001696129236,0.4117239275847369,0.21647025900910938,0.7037612788218033
Oligo_n150depth_da44512_s2_seed2.json,Oligo,150,44512.0,5265.0,1188547,7463,1068339,7392,3056,13,2621,0.7019382285063801,0.3878983187350854,1.0683634171509095,0.6365947064820835,0.3529678798306136,1.0165079587189065
