cohort,series,min_n_eff,n_obs,n_donors,exponent,exponent_lo,exponent_hi,coefficient
motor_cortex,observed,0,300,26,-0.4966,-0.5673,-0.4321,4.58
motor_cortex,observed,10,254,26,-0.427,-0.4744,-0.3856,3.349
motor_cortex,observed,25,186,25,-0.3938,-0.4485,-0.341,2.87
motor_cortex,observed,50,122,25,-0.3712,-0.4338,-0.3071,2.539
seaad,observed,0,1026,54,-0.5049,,,3.648
seaad,matched_null,0,1026,54,-0.4818,,,2.448
seaad,observed_minus_null,0,1026,54,-0.023,-0.0376,-0.0072,
seaad,observed,10,978,52,-0.4939,,,3.438
seaad,matched_null,10,978,52,-0.4851,,,2.491
seaad,observed_minus_null,10,978,52,-0.0089,-0.0233,0.0065,
seaad,observed,25,851,48,-0.5065,,,3.687
seaad,matched_null,25,851,48,-0.5101,,,2.865
seaad,observed_minus_null,25,851,48,0.0037,-0.0139,0.0221,
seaad,observed,50,732,47,-0.5137,,,3.853
seaad,matched_null,50,732,47,-0.527,,,3.167
seaad,observed_minus_null,50,732,47,0.0133,-0.0077,0.036,
