celltype,mean_fraction,kappa
Exc_RORB,0.14638,8.5
Oligodendrocytes,0.26637,7.511
Exc_LINC00507,0.20533,6.385
Exc_THEMIS,0.04623,3.16
Exc_FEZF2,0.04068,2.876
Inh_TAFA1_VIP,0.05351,2.604
Microglia,0.02406,2.466
Astrocytes,0.06963,2.204
Inh_SST,0.03471,1.649
Inh_LAMP5_PAX6,0.03338,1.613
OPC,0.04686,1.556
Inh_PVALB,0.04938,1.528
__RMS_across_cell_types__,,4.238
__RMS_bootstrap_95CI__,,2.358-5.646
__median_across_cell_types__,,2.535
__design_nuclei_at_pooled_kappa__,,125949
__design_nuclei_at_RMS__,,124167
__design_nuclei_at_median__,,44435
__design_nuclei_at_max__,,499575
__design_nuclei_multinomial__,,6915
__pearson_r_kappa_vs_log_abundance__,,0.874
