redundancy,redundancy_mean,distal_frac,entropy,redundancy_ALS,n_expressed,n_links,n_genes_tested,n_als_genes,celltype,seed,n_cells,depth_rna
0.0,0.1747434885556432,0.9913793103448276,11.468891542495346,0.0,6548,1160,6335,14,Exc_FEZF2_NTNG1,0,150,0
0.0,0.2096263457884737,0.9950424929178472,11.294576747640258,0.0,6541,1412,6316,16,Exc_FEZF2_PKD2L1,0,150,0
0.0,0.1938397032736655,0.99213217938631,11.39572490120984,0.0,6400,1271,6201,14,Exc_FEZF2_TRPM3,0,150,0
0.0,0.2111004170676933,0.9921203438395416,11.402440252530184,0.0,6447,1396,6234,14,Exc_FEZF2_ZFHX3,0,150,0
0.0,0.2013355592654424,0.9905511811023622,11.496402461486738,0.0,6194,1270,5990,15,Exc_LINC00507_AP001977.1,0,150,0
0.0,0.188731527093596,0.991499227202473,11.44063447362404,0.0,6722,1294,6496,17,Exc_LINC00507_FREM3,0,150,0
0.0,0.1752561553754396,0.9941763727121464,11.398210188221052,0.0,6765,1202,6539,15,Exc_RORB_ADGRL4,0,150,0
0.0,0.1869593079141301,0.9942528735632185,11.449855846484802,0.0,6446,1218,6242,14,Exc_RORB_CUX2,0,150,0
0.0,0.1655639329127558,0.992831541218638,11.441126709890884,0.0,6720,1116,6499,15,Exc_RORB_LNX2,0,150,0
0.0,0.1858805275407292,0.9952305246422892,11.2807709024738,0.0,6670,1258,6445,16,Exc_RORB_RTKN2,0,150,0
0.0,0.1909776799748506,0.9968774395003904,11.392850350465498,0.0,6579,1281,6362,15,Exc_RORB_TNNT2,0,150,0
0.0,0.1749280460505276,0.9938757655293088,11.440975409127743,0.0,6457,1143,6254,15,Exc_THEMIS_LINC00343,0,150,0
0.0,0.178498985801217,0.9949537426408748,11.358603087376029,0.0,6627,1189,6409,16,Exc_THEMIS_SMYD1,0,150,0
0.0,0.218838409053087,0.996395097332372,11.196516518566028,0.0,6235,1387,6009,13,Inh_LAMP5_CHST9,0,150,0
0.0,0.2411900123959624,0.995893223819302,11.1084279398379,0.0,5849,1461,5647,13,Inh_LAMP5_NMBR,0,150,0
0.0,0.206033482512846,0.996268656716418,11.182574112208052,0.0,6251,1340,6033,13,Inh_LAMP5_RAB11FIP1,0,150,0
0.0,0.1980708464992516,0.9960474308300395,11.240114006196904,0.0,6229,1265,6013,13,Inh_PVALB_KCNIP2,0,150,0
0.0,0.2222222222222222,0.9927325581395349,11.08473807803797,0.0,5921,1376,5715,15,Inh_SST_EPB41L4A,0,150,0
0.0,0.21584797418429544,0.9913793103448276,11.049303271333331,0.0,5777,1276,5578,13,Inh_SST_PAWR,0,150,0
0.0,0.2523766816143498,0.9973804846103471,11.030987036475805,0.0,5777,1527,5575,10,Inh_SST_SGCZ,0,150,0
0.0,0.21401634192331867,0.9910468319559229,11.146676561620033,0.0,6581,1452,6364,13,Inh_TAFA1_ALCAM,0,150,0
0.0,0.26249556894718185,0.9879974731522426,11.06695181805497,0.0,5843,1583,5642,13,Inh_TAFA1_FSTL5,0,150,0
0.0,0.24319895116355295,0.9942528735632183,11.042124654897446,0.0,6320,1566,6102,13,Inh_VIP_BSPRY,0,150,0
0.0,0.21639561898440093,0.9949604031677466,11.040521328958167,0.0,6237,1389,6026,13,Inh_VIP_EXPH5,0,150,0
0.0,0.2260642919200695,0.9935483870967742,11.047767422337202,0.0,5961,1395,5755,13,Inh_VIP_TAC3,0,150,0
