ID,Sex,Case,Case_Type,C9,n_nuclei,median_nCount_RNA,median_nCount_ATAC,Age,Cohort
ALS1,f,ALS,ALS,0,1781,4975.0,11767.0,62.0,Boston
ALS10,f,ALS,ALS,0,482,16035.5,13756.0,45.0,Edinburgh
ALS12,f,ALS,ALS,0,867,8916.0,11120.0,79.0,Edinburgh
ALS19,f,ALS,ALS,0,1627,17458.0,10763.0,44.0,Edinburgh
ALS21,f,ALS,ALS,0,1412,5211.5,10129.0,49.0,Hannover
ALS26,f,ALS,ALS,0,357,3228.0,20858.0,71.0,Hannover
ALS28,f,ALS,ALS,0,2558,8601.0,15111.5,50.0,Hannover
ALS29,f,ALS,ALS,0,2332,6303.5,11278.0,60.0,Hannover
ALS31,f,ALS,ALS,0,2269,10446.0,14397.0,53.0,NBB
ALS11,m,ALS,ALS,0,908,9591.5,11587.5,67.0,Boston
ALS14,m,ALS,ALS,0,1011,9378.0,8219.0,72.0,Boston
ALS15,m,ALS,ALS,0,1091,6920.0,7859.0,51.0,Boston
ALS16,m,ALS,ALS,0,600,9212.0,7941.0,65.0,Boston
ALS17,m,ALS,ALS,0,1315,4211.0,5257.0,65.0,Edinburgh
ALS18,m,ALS,ALS,0,1441,6909.0,7468.0,40.0,Edinburgh
ALS2,m,ALS,ALS,0,2388,6945.5,12343.5,81.0,Edinburgh
ALS22,m,ALS,ALS,0,2807,11870.0,10384.0,69.0,Hannover
ALS23,m,ALS,ALS,0,1669,10676.0,11137.0,44.0,Hannover
ALS24,m,ALS,ALS,0,1457,11189.0,12597.0,62.0,Hannover
ALS25,m,ALS,ALS,0,1798,4330.0,11107.0,62.0,Hannover
ALS27,m,ALS,ALS,0,1466,7021.5,10356.0,33.0,NBB
ALS3,m,ALS,ALS,0,1495,6327.0,13333.0,62.0,NBB
ALS30,m,ALS,ALS,0,2519,4403.0,9717.0,78.0,NBB
ALS32,m,ALS,ALS,0,1871,3901.0,6793.0,71.0,NBB
ALS4,m,ALS,ALS,0,3367,5738.0,14158.0,76.0,NBB
ALS5,m,ALS,ALS,0,3511,7039.0,8124.0,57.0,NBB
ALS6,m,ALS,ALS,0,4200,5403.5,8259.0,67.0,NBB
ALS7,m,ALS,ALS,0,2416,8777.5,8844.5,66.0,Ulm
ALS8,m,ALS,ALS,0,2039,7630.0,13233.0,63.0,Ulm
ALS9,m,ALS,ALS,0,885,7035.0,8045.0,71.0,Ulm2
FTD12,f,ALS_FTD,ALS_FTD,0,1863,11195.0,18648.0,55.0,Boston
FTD14,f,ALS_FTD,ALS_FTD,0,2829,8905.0,16304.0,59.0,Edinburgh
FTD15,f,ALS_FTD,C9_ALS_FTD,1,3193,9854.0,12502.0,59.0,Edinburgh
FTD17,f,ALS_FTD,C9_ALS_FTD,1,860,5996.0,10123.0,56.0,Edinburgh
FTD2,f,ALS_FTD,C9_ALS_FTD,1,3803,8234.0,11803.0,56.0,Edinburgh
FTD3,f,ALS_FTD,C9_ALS_FTD,1,4624,5337.5,11275.5,64.0,NBB
FTD7,f,ALS_FTD,ALS_FTD,0,2538,7572.5,14205.0,64.0,NBB
FTD1,m,ALS_FTD,C9_ALS_FTD,1,4139,4759.0,9373.0,80.0,Edinburgh
FTD10,m,ALS_FTD,ALS_FTD,0,3230,7069.0,13722.5,72.0,Edinburgh
FTD11,m,ALS_FTD,ALS_FTD,0,3521,7950.0,14834.0,74.0,Edinburgh
FTD13,m,ALS_FTD,ALS_FTD,0,2097,13483.0,19298.0,67.0,Edinburgh
FTD16,m,ALS_FTD,C9_ALS_FTD,1,5231,12754.0,13294.0,67.0,Edinburgh
FTD4,m,ALS_FTD,C9_ALS_FTD,1,4896,5806.0,10993.5,65.0,NBB
FTD5,m,ALS_FTD,ALS_FTD,0,5402,6727.0,11178.5,68.0,NBB
FTD6,m,ALS_FTD,ALS_FTD,0,2612,2865.5,5943.0,60.0,NBB
FTD8,m,ALS_FTD,ALS_FTD,0,5312,5908.0,9713.5,75.0,NBB
FTD9,m,ALS_FTD,ALS_FTD,0,2128,14195.5,18037.5,73.0,NBB
HC11,f,HC,HC,0,2873,7663.0,12670.0,49.0,Edinburgh
HC14,f,HC,HC,0,478,15119.0,8028.0,71.0,Edinburgh
HC17,f,HC,HC,0,902,5803.0,5689.5,53.0,Edinburgh
HC18,f,HC,HC,0,2602,5811.5,7127.0,77.0,Hannover
HC19,f,HC,HC,0,889,8380.0,10035.0,42.0,Hannover
HC21,f,HC,HC,0,2068,14214.0,14912.0,91.0,NBB
HC26,f,HC,HC,0,2066,9740.5,10880.0,85.0,NBB
HC27,f,HC,HC,0,480,8202.5,12051.5,82.0,NBB
HC29,f,HC,HC,0,225,8304.0,6456.0,90.0,NBB
HC3,f,HC,HC,0,8627,4611.0,11556.0,85.0,NBB
HC4,f,HC,HC,0,4493,5976.0,13790.0,95.0,NBB
HC5,f,HC,HC,0,1669,8022.0,9018.0,85.0,NBB
HC6,f,HC,HC,0,1624,11265.0,13953.0,89.0,NBB
HC8,f,HC,HC,0,2011,5255.0,7763.0,85.0,NBB
HC9,f,HC,HC,0,2525,8054.0,13094.0,,Ulm
HC1,m,HC,HC,0,3064,3348.0,10867.0,49.0,Edinburgh
HC10,m,HC,HC,0,4232,7595.5,12074.5,57.0,Edinburgh
HC12,m,HC,HC,0,2719,9881.0,13659.0,72.0,Edinburgh
HC13,m,HC,HC,0,1389,7432.0,8082.0,53.0,Edinburgh
HC15,m,HC,HC,0,215,3082.0,9905.0,62.0,Hannover
HC16,m,HC,HC,0,884,15865.0,11884.0,82.0,NBB
HC2,m,HC,HC,0,4139,6659.0,13887.0,96.0,NBB
HC20,m,HC,HC,0,989,6428.0,5430.0,86.0,NBB
HC22,m,HC,HC,0,909,6705.0,11764.0,88.0,NBB
HC23,m,HC,HC,0,2351,10253.0,11390.0,91.0,NBB
HC24,m,HC,HC,0,5296,9671.0,9546.5,88.0,NBB
HC25,m,HC,HC,0,1386,13123.0,11919.5,45.0,Ulm
HC28,m,HC,HC,0,1593,13837.0,9754.0,35.0,Ulm
HC30,m,HC,HC,0,1596,10652.5,8661.5,46.0,Ulm
HC31,m,HC,HC,0,1017,9471.0,9563.0,64.0,Ulm
HC32,m,HC,HC,0,474,8899.5,9604.0,57.0,Ulm
HC7,m,HC,HC,0,2014,8314.5,8982.0,90.0,Ulm2
