celltype,n_pairs,n_eff,obs,pred,ratio
Exc_LINC00507,26,161.68743527252207,0.2794614241995182,0.36451482682107905,0.7666668229566721
Oligodendrocytes,27,118.4516129032258,0.5820109603337531,0.4260856455265074,1.365948293363817
Exc_RORB,27,98.79024390243903,0.3520168415084105,0.4671442225646344,0.7535506691612893
Inh_TAFA1_VIP,26,41.60496894409938,0.638193199323879,0.7242134039419461,0.8812225731395568
OPC,27,38.400000000000006,0.8390438475624448,0.7541485916583538,1.1125709930948866
Astrocytes,27,36.81553398058253,0.8192616291382757,0.7704287698864316,1.0633840027275234
Inh_PVALB,27,35.61290322580645,0.575054950036956,0.7835077136657759,0.7339493153761847
Inh_SST,26,22.01603145795523,0.8847962201888269,1.0024837913546027,0.8826040159644367
Inh_LAMP5_PAX6,26,20.90837104072398,0.7604109718308566,1.037921317907732,0.7326287250402682
Exc_THEMIS,20,20.425057870370374,0.5522951314849049,1.038629934786886,0.531753527398793
Exc_FEZF2,24,16.9533275713051,0.789223225329903,1.1423509484535896,0.690876325176848
Microglia,26,11.734285714285715,2.3921904464017754,1.3757451217801773,1.738832584996809
