donor,celltype,chip1,chip2,p,n_eff,z
ALS21,Astrocytes,Chip12,Chip8,0.11118980169971672,333.23937677053823,0.06604904781028952
ALS21,Exc_FEZF2,Chip12,Chip8,0.03611898016997167,333.23937677053823,0.03309978293582831
ALS21,Exc_LINC00507,Chip12,Chip8,0.10127478753541076,333.23937677053823,0.40689942753297653
ALS21,Exc_RORB,Chip12,Chip8,0.12252124645892351,333.23937677053823,0.09798945059416324
ALS21,Exc_THEMIS,Chip12,Chip8,0.056657223796033995,333.23937677053823,0.10215010402682045
ALS21,Inh_LAMP5_PAX6,Chip12,Chip8,0.016288951841359773,333.23937677053823,0.04059615874429608
ALS21,Inh_PVALB,Chip12,Chip8,0.04461756373937677,333.23937677053823,0.04037151304270601
ALS21,Inh_SST,Chip12,Chip8,0.019830028328611898,333.23937677053823,0.050487858943592645
ALS21,Inh_TAFA1_VIP,Chip12,Chip8,0.040368271954674226,333.23937677053823,0.15883612512123785
ALS21,Microglia,Chip12,Chip8,0.03541076487252125,333.23937677053823,0.005381656615853496
ALS21,OPC,Chip12,Chip8,0.07011331444759206,333.23937677053823,0.08301624586666129
ALS21,Oligodendrocytes,Chip12,Chip8,0.34560906515580736,333.23937677053823,0.31174842048039114
ALS22,Astrocytes,Chip12,Chip8,0.07445671535447096,671.6280726754543,0.1470343756602456
ALS22,Exc_FEZF2,Chip12,Chip8,0.07231920199501247,671.6280726754543,0.11731844861155746
ALS22,Exc_LINC00507,Chip12,Chip8,0.1745635910224439,671.6280726754543,0.19549426689798466
ALS22,Exc_RORB,Chip12,Chip8,0.14677591734948345,671.6280726754543,0.18308343078673514
ALS22,Exc_THEMIS,Chip12,Chip8,0.057712860705379405,671.6280726754543,0.10864293853852344
ALS22,Inh_LAMP5_PAX6,Chip12,Chip8,0.024225151407196294,671.6280726754543,0.12690526519275452
ALS22,Inh_PVALB,Chip12,Chip8,0.04096900605628785,671.6280726754543,0.00033182293222830346
ALS22,Inh_SST,Chip12,Chip8,0.03562522265764161,671.6280726754543,0.017771276818888314
ALS22,Inh_TAFA1_VIP,Chip12,Chip8,0.04096900605628785,671.6280726754543,0.180608010822194
ALS22,Microglia,Chip12,Chip8,0.00641254007837549,671.6280726754543,0.1678454639108721
ALS22,OPC,Chip12,Chip8,0.03883149269682935,671.6280726754543,0.09470665481396924
ALS22,Oligodendrocytes,Chip12,Chip8,0.2871392946205914,671.6280726754543,0.388230021279622
ALS23,Astrocytes,Chip12,Chip8,0.07369682444577591,410.9766327142001,0.13620509373333875
ALS23,Exc_FEZF2,Chip12,Chip8,0.03055721989215099,410.9766327142001,0.13193634912532712
ALS23,Exc_RORB,Chip12,Chip8,0.21869382863990414,410.9766327142001,0.4413255662915581
ALS23,Exc_THEMIS,Chip12,Chip8,0.03115638106650689,410.9766327142001,0.35075386923690105
ALS23,Inh_LAMP5_PAX6,Chip12,Chip8,0.020970641102456562,410.9766327142001,0.03508246328610988
ALS23,Inh_PVALB,Chip12,Chip8,0.04553624925104853,410.9766327142001,0.16173583876516026
ALS23,Inh_SST,Chip12,Chip8,0.019173157579388856,410.9766327142001,0.12780865521354456
ALS23,Inh_TAFA1_VIP,Chip12,Chip8,0.03235470341521869,410.9766327142001,0.18606390452899202
ALS23,Microglia,Chip12,Chip8,0.01378070701018574,410.9766327142001,0.1124002043517837
ALS23,OPC,Chip12,Chip8,0.02696225284601558,410.9766327142001,0.10428386658194289
ALS23,Oligodendrocytes,Chip12,Chip8,0.3055721989215099,410.9766327142001,0.7993262444568244
ALS24,Astrocytes,Chip12,Chip8,0.059025394646533974,590.1249142072753,0.018111489187516434
ALS24,Exc_FEZF2,Chip12,Chip8,0.0068634179821551134,590.1249142072753,0.1305029504730823
ALS24,Exc_LINC00507,Chip12,Chip8,0.38846945778997943,590.1249142072753,0.37312716080710395
ALS24,Exc_RORB,Chip12,Chip8,0.14070006863417983,590.1249142072753,0.24535161129011124
ALS24,Inh_LAMP5_PAX6,Chip12,Chip8,0.03774879890185312,590.1249142072753,0.0980655740448564
ALS24,Inh_PVALB,Chip12,Chip8,0.05147563486616335,590.1249142072753,0.012937586754828215
ALS24,Inh_SST,Chip12,Chip8,0.029512697323266987,590.1249142072753,0.057479256429674136
ALS24,Inh_TAFA1_VIP,Chip12,Chip8,0.07755662319835278,590.1249142072753,0.08712207622078366
ALS24,Microglia,Chip12,Chip8,0.013726835964310227,590.1249142072753,0.039562930914639985
ALS24,OPC,Chip12,Chip8,0.0363761153054221,590.1249142072753,0.07151305675557842
ALS24,Oligodendrocytes,Chip12,Chip8,0.15305422100205904,590.1249142072753,0.302112789967838
ALS25,Astrocytes,Chip11,Chip9,0.06562847608453837,595.9032258064517,0.05771125777124383
ALS25,Exc_FEZF2,Chip11,Chip9,0.05172413793103448,595.9032258064517,0.007577226772058805
ALS25,Exc_LINC00507,Chip11,Chip9,0.040600667408231365,595.9032258064517,0.41992474590461704
ALS25,Exc_RORB,Chip11,Chip9,0.08008898776418243,595.9032258064517,0.0965269580721085
ALS25,Exc_THEMIS,Chip11,Chip9,0.048943270300333706,595.9032258064517,0.053694108894800814
ALS25,Inh_LAMP5_PAX6,Chip11,Chip9,0.01835372636262514,595.9032258064517,0.002016475439463773
ALS25,Inh_PVALB,Chip11,Chip9,0.027252502780867632,595.9032258064517,0.07680178118611664
ALS25,Inh_SST,Chip11,Chip9,0.03225806451612903,595.9032258064517,0.0159318782853954
ALS25,Inh_TAFA1_VIP,Chip11,Chip9,0.017797552836484983,595.9032258064517,0.3373720732996004
ALS25,Microglia,Chip11,Chip9,0.015016685205784204,595.9032258064517,0.009347175333459913
ALS25,OPC,Chip11,Chip9,0.07619577308120133,595.9032258064517,0.02183186992075169
ALS25,Oligodendrocytes,Chip11,Chip9,0.5261401557285873,595.9032258064517,0.33846969519352554
ALS27,Astrocytes,Chip11,Chip9,0.06957708049113233,666.9699863574352,0.126023543929519
ALS27,Exc_FEZF2,Chip11,Chip9,0.03342428376534789,666.9699863574352,0.03581273443986956
ALS27,Exc_LINC00507,Chip11,Chip9,0.11255115961800818,666.9699863574352,0.11137782142857419
ALS27,Exc_RORB,Chip11,Chip9,0.1377899045020464,666.9699863574352,0.18866543124483034
ALS27,Exc_THEMIS,Chip11,Chip9,0.036834924965893585,666.9699863574352,0.07794942757618313
ALS27,Inh_LAMP5_PAX6,Chip11,Chip9,0.021828103683492497,666.9699863574352,0.04510240244412933
ALS27,Inh_PVALB,Chip11,Chip9,0.06343792633015007,666.9699863574352,0.1051053193731276
ALS27,Inh_SST,Chip11,Chip9,0.02455661664392906,666.9699863574352,0.06592207670700637
ALS27,Inh_TAFA1_VIP,Chip11,Chip9,0.036834924965893585,666.9699863574352,0.10978945566943601
ALS27,Microglia,Chip11,Chip9,0.02796725784447476,666.9699863574352,0.15180962380637142
ALS27,OPC,Chip11,Chip9,0.017735334242837655,666.9699863574352,0.09310772356761451
ALS27,Oligodendrocytes,Chip11,Chip9,0.417462482946794,666.9699863574352,0.47333170810615754
ALS28,Astrocytes,Chip11,Chip9,0.03401094605160281,670.7716966379984,0.02463606943619836
ALS28,Exc_FEZF2,Chip11,Chip9,0.034792806880375296,670.7716966379984,0.06203516510422389
ALS28,Exc_LINC00507,Chip11,Chip9,0.27756059421422985,670.7716966379984,0.22100559064854147
ALS28,Exc_RORB,Chip11,Chip9,0.35105551211884284,670.7716966379984,0.04766974924934728
ALS28,Exc_THEMIS,Chip11,Chip9,0.05003909304143862,670.7716966379984,0.12124166610873499
ALS28,Inh_LAMP5_PAX6,Chip11,Chip9,0.020328381548084442,670.7716966379984,0.0618980190194572
ALS28,Inh_PVALB,Chip11,Chip9,0.053166536356528536,670.7716966379984,0.03844416766362732
ALS28,Inh_SST,Chip11,Chip9,0.016810007818608287,670.7716966379984,0.077149047346382
ALS28,Inh_TAFA1_VIP,Chip11,Chip9,0.030101641907740423,670.7716966379984,0.07066662576539876
ALS28,Microglia,Chip11,Chip9,0.007427677873338546,670.7716966379984,0.03650378667617727
ALS28,OPC,Chip11,Chip9,0.037138389366692726,670.7716966379984,0.19324695345278983
ALS28,Oligodendrocytes,Chip11,Chip9,0.0875684128225176,670.7716966379984,0.10796516430010976
HC1,Astrocytes,Chip10,Chip3,0.07212793733681462,1215.8015665796345,0.24609011903498162
HC1,Exc_LINC00507,Chip10,Chip3,0.19027415143603132,1215.8015665796345,0.45232837510538215
HC1,Exc_RORB,Chip10,Chip3,0.04862924281984334,1215.8015665796345,0.0332375244452428
HC1,Inh_LAMP5_PAX6,Chip10,Chip3,0.023825065274151437,1215.8015665796345,0.1519001946926584
HC1,Inh_PVALB,Chip10,Chip3,0.03296344647519582,1215.8015665796345,0.16992243420321992
HC1,Inh_SST,Chip10,Chip3,0.034595300261096605,1215.8015665796345,0.1627280145959027
HC1,Inh_TAFA1_VIP,Chip10,Chip3,0.05254569190600522,1215.8015665796345,0.2585697272505764
HC1,Microglia,Chip10,Chip3,0.027088772845953003,1215.8015665796345,0.013717848763254145
HC1,OPC,Chip10,Chip3,0.03622715404699739,1215.8015665796345,0.02389398379426999
HC1,Oligodendrocytes,Chip10,Chip3,0.4654046997389034,1215.8015665796345,0.7488848350611835
HC10,Astrocytes,Chip11,Chip5,0.05434782608695652,1924.2377126654064,0.048687918594252574
HC10,Exc_FEZF2,Chip11,Chip5,0.01606805293005671,1924.2377126654064,0.14247124381766924
HC10,Exc_LINC00507,Chip11,Chip5,0.21172022684310018,1924.2377126654064,0.34380740913668767
HC10,Exc_RORB,Chip11,Chip5,0.16753308128544422,1924.2377126654064,0.5767215392698253
HC10,Exc_THEMIS,Chip11,Chip5,0.008506616257088847,1924.2377126654064,0.18581770638017303
HC10,Inh_LAMP5_PAX6,Chip11,Chip5,0.027646502835538753,1924.2377126654064,0.024654537971610997
HC10,Inh_PVALB,Chip11,Chip5,0.05363894139886578,1924.2377126654064,0.056890016561108175
HC10,Inh_SST,Chip11,Chip5,0.04395085066162571,1924.2377126654064,0.10142601118136822
HC10,Inh_TAFA1_VIP,Chip11,Chip5,0.06143667296786389,1924.2377126654064,0.1379232148717245
HC10,Microglia,Chip11,Chip5,0.022920604914933838,1924.2377126654064,0.07570121666617798
HC10,OPC,Chip11,Chip5,0.034262759924385634,1924.2377126654064,0.0038547042817613057
HC10,Oligodendrocytes,Chip11,Chip5,0.2979678638941399,1924.2377126654064,0.08338898564698995
HC11,Astrocytes,Chip11,Chip5,0.08597285067873303,1157.1249564914724,0.06143481639775402
HC11,Exc_LINC00507,Chip11,Chip5,0.3216150365471632,1157.1249564914724,0.0009505264184069953
HC11,Exc_RORB,Chip11,Chip5,0.13505046989209885,1157.1249564914724,0.20003311636109808
HC11,Inh_LAMP5_PAX6,Chip11,Chip5,0.03237034458753916,1157.1249564914724,0.02936290788824035
HC11,Inh_PVALB,Chip11,Chip5,0.04942568743473721,1157.1249564914724,0.026403543151321957
HC11,Inh_SST,Chip11,Chip5,0.04281239122868082,1157.1249564914724,0.0629978488975922
HC11,Inh_TAFA1_VIP,Chip11,Chip5,0.07935955447267665,1157.1249564914724,0.01103509295943309
HC11,Microglia,Chip11,Chip5,0.009745910198398886,1157.1249564914724,0.003061960532832352
HC11,OPC,Chip11,Chip5,0.03933170901496694,1157.1249564914724,0.005187164091868657
HC11,Oligodendrocytes,Chip11,Chip5,0.2018795683954055,1157.1249564914724,0.18993256706262812
HC12,Astrocytes,Chip11,Chip5,0.05332842956969474,1061.4990805443178,0.12111700417562002
HC12,Exc_FEZF2,Chip11,Chip5,0.002206693637366679,1061.4990805443178,0.023908740594203216
HC12,Exc_LINC00507,Chip11,Chip5,0.429201912467819,1061.4990805443178,0.111583070078739
HC12,Exc_RORB,Chip11,Chip5,0.1092313350496506,1061.4990805443178,0.1572017777722706
HC12,Inh_LAMP5_PAX6,Chip11,Chip5,0.036778227289444645,1061.4990805443178,0.015923140820899493
HC12,Inh_PVALB,Chip11,Chip5,0.06068407502758367,1061.4990805443178,0.07792666129923123
HC12,Inh_SST,Chip11,Chip5,0.05001838911364472,1061.4990805443178,0.07920263083513217
HC12,Inh_TAFA1_VIP,Chip11,Chip5,0.09819786686281722,1061.4990805443178,0.00631282902714328
HC12,Microglia,Chip11,Chip5,0.02206693637366679,1061.4990805443178,0.09036558797347609
HC12,OPC,Chip11,Chip5,0.03457153365207797,1061.4990805443178,0.09286758746558489
HC12,Oligodendrocytes,Chip11,Chip5,0.10371460095623392,1061.4990805443178,0.03080985218694985
HC15,Astrocytes,Chip12,Chip5,0.17674418604651163,92.24186046511628,0.21837532163852205
HC15,Exc_FEZF2,Chip12,Chip5,0.17674418604651163,92.24186046511628,0.10469325347318979
HC15,Exc_LINC00507,Chip12,Chip5,0.05116279069767442,92.24186046511628,0.6467444006255998
HC15,Exc_RORB,Chip12,Chip5,0.046511627906976744,92.24186046511628,0.29690444586077136
HC15,Exc_THEMIS,Chip12,Chip5,0.06511627906976744,92.24186046511628,0.31962934758528244
HC15,Inh_LAMP5_PAX6,Chip12,Chip5,0.07441860465116279,92.24186046511628,0.0011527540773254347
HC15,Inh_PVALB,Chip12,Chip5,0.027906976744186046,92.24186046511628,0.11449717729132114
HC15,Inh_SST,Chip12,Chip5,0.06511627906976744,92.24186046511628,0.05599644580458269
HC15,Inh_TAFA1_VIP,Chip12,Chip5,0.04186046511627907,92.24186046511628,0.23767804992037564
HC15,Microglia,Chip12,Chip5,0.07906976744186046,92.24186046511628,0.3453161237542373
HC15,OPC,Chip12,Chip5,0.05116279069767442,92.24186046511628,0.056298344852759204
HC15,Oligodendrocytes,Chip12,Chip5,0.14418604651162792,92.24186046511628,0.3493837980670705
HC18,Astrocytes,Chip12,Chip6,0.05841660261337433,1169.2582628747118,0.09346703320444483
HC18,Exc_FEZF2,Chip12,Chip6,0.07033051498847041,1169.2582628747118,0.25675810661058557
HC18,Exc_LINC00507,Chip12,Chip6,0.013835511145272867,1169.2582628747118,0.31817426527804316
HC18,Exc_RORB,Chip12,Chip6,0.22598001537279017,1169.2582628747118,1.4255441301402592
HC18,Exc_THEMIS,Chip12,Chip6,0.08916218293620293,1169.2582628747118,0.2526126888210085
HC18,Inh_LAMP5_PAX6,Chip12,Chip6,0.016910069177555727,1169.2582628747118,0.14591924339229562
HC18,Inh_PVALB,Chip12,Chip6,0.016910069177555727,1169.2582628747118,1.0197012116848126e-05
HC18,Inh_SST,Chip12,Chip6,0.020368946963873945,1169.2582628747118,0.13401207813335284
HC18,Inh_TAFA1_VIP,Chip12,Chip6,0.009992313604919293,1169.2582628747118,0.0320422168945295
HC18,Microglia,Chip12,Chip6,0.012682551883166795,1169.2582628747118,0.03438420995786718
HC18,OPC,Chip12,Chip6,0.0441967717140661,1169.2582628747118,0.014958915368129244
HC18,Oligodendrocytes,Chip12,Chip6,0.42121445042275174,1169.2582628747118,0.875128896767795
HC2,Astrocytes,Chip10,Chip3,0.08576950954336797,2049.0939840541196,0.016989942943105497
HC2,Exc_FEZF2,Chip10,Chip3,0.009905774341628412,2049.0939840541196,0.17212279802626312
HC2,Exc_LINC00507,Chip10,Chip3,0.28678424740275427,2049.0939840541196,0.242648884050585
HC2,Exc_RORB,Chip10,Chip3,0.09132640734476927,2049.0939840541196,0.24473617165723444
HC2,Inh_LAMP5_PAX6,Chip10,Chip3,0.04155593138439236,2049.0939840541196,0.036874387451734034
HC2,Inh_PVALB,Chip10,Chip3,0.0509784972215511,2049.0939840541196,0.0356059930558365
HC2,Inh_SST,Chip10,Chip3,0.0374486590964001,2049.0939840541196,0.019557478006737784
HC2,Inh_TAFA1_VIP,Chip10,Chip3,0.09301763711041314,2049.0939840541196,0.05247246832621646
HC2,Microglia,Chip10,Chip3,0.046629620681323994,2049.0939840541196,0.17629115027891049
HC2,OPC,Chip10,Chip3,0.04058951437545301,2049.0939840541196,0.0709320958826846
HC2,Oligodendrocytes,Chip10,Chip3,0.2058468229040831,2049.0939840541196,0.15135643575879737
HC21,Astrocytes,Chip11,Chip7,0.0304642166344294,983.7253384912959,0.06570485881753227
HC21,Exc_FEZF2,Chip11,Chip7,0.07108317214700194,983.7253384912959,0.2713252845923495
HC21,Exc_LINC00507,Chip11,Chip7,0.26450676982591875,983.7253384912959,0.5706837531226432
HC21,Exc_RORB,Chip11,Chip7,0.1890715667311412,983.7253384912959,0.1681842306225684
HC21,Exc_THEMIS,Chip11,Chip7,0.06769825918762089,983.7253384912959,0.23116404222062734
HC21,Inh_LAMP5_PAX6,Chip11,Chip7,0.04206963249516441,983.7253384912959,0.03957975665460032
HC21,Inh_PVALB,Chip11,Chip7,0.07543520309477757,983.7253384912959,0.08314866782256349
HC21,Inh_SST,Chip11,Chip7,0.045454545454545456,983.7253384912959,0.06477379554605586
HC21,Inh_TAFA1_VIP,Chip11,Chip7,0.061895551257253385,983.7253384912959,0.10219351625451177
HC21,Microglia,Chip11,Chip7,0.041586073500967116,983.7253384912959,0.06600692576062847
HC21,OPC,Chip11,Chip7,0.05270793036750483,983.7253384912959,0.049884097959380966
HC21,Oligodendrocytes,Chip11,Chip7,0.058027079303675046,983.7253384912959,0.12843901002099897
HC23,Astrocytes,Chip12,Chip7,0.026371756699276903,944.1412165036155,0.003267009744054164
HC23,Exc_FEZF2,Chip12,Chip7,0.04593789876648235,944.1412165036155,0.029916708681925377
HC23,Exc_LINC00507,Chip12,Chip7,0.19778817524457679,944.1412165036155,0.003438264678842138
HC23,Exc_RORB,Chip12,Chip7,0.1548277328796257,944.1412165036155,0.03664254320400251
HC23,Exc_THEMIS,Chip12,Chip7,0.05444491705657167,944.1412165036155,0.0036693597563260067
HC23,Inh_LAMP5_PAX6,Chip12,Chip7,0.05444491705657167,944.1412165036155,0.05035044626672851
HC23,Inh_PVALB,Chip12,Chip7,0.06975754997873246,944.1412165036155,0.11327192991524143
HC23,Inh_SST,Chip12,Chip7,0.038706933219906425,944.1412165036155,0.029493254629039435
HC23,Inh_TAFA1_VIP,Chip12,Chip7,0.05572096980008507,944.1412165036155,0.03178213767402466
HC23,Microglia,Chip12,Chip7,0.010633772862611655,944.1412165036155,0.019712469370954305
HC23,OPC,Chip12,Chip7,0.07273500638026371,944.1412165036155,0.019831654906464748
HC23,Oligodendrocytes,Chip12,Chip7,0.21863037005529562,944.1412165036155,0.05133250813327816
HC24,Astrocytes,Chip12,Chip7,0.028700906344410877,1587.2084592145015,0.07469432862314675
HC24,Exc_FEZF2,Chip12,Chip7,0.02379154078549849,1587.2084592145015,0.07337757247694209
HC24,Exc_LINC00507,Chip12,Chip7,0.24792296072507553,1587.2084592145015,0.1108343117420875
HC24,Exc_RORB,Chip12,Chip7,0.1051737160120846,1587.2084592145015,0.0009399996548126846
HC24,Exc_THEMIS,Chip12,Chip7,0.01982628398791541,1587.2084592145015,0.024666288976482174
HC24,Inh_LAMP5_PAX6,Chip12,Chip7,0.03625377643504532,1587.2084592145015,0.10272712636873073
HC24,Inh_PVALB,Chip12,Chip7,0.06344410876132929,1587.2084592145015,0.0068872226235482
HC24,Inh_SST,Chip12,Chip7,0.033987915407854986,1587.2084592145015,0.05588511192451801
HC24,Inh_TAFA1_VIP,Chip12,Chip7,0.06910876132930513,1587.2084592145015,0.04060687277618306
HC24,Microglia,Chip12,Chip7,0.019448640483383687,1587.2084592145015,0.07387245205290527
HC24,OPC,Chip12,Chip7,0.06363293051359517,1587.2084592145015,0.04569141073534478
HC24,Oligodendrocytes,Chip12,Chip7,0.2887084592145015,1587.2084592145015,0.18734567100188024
HC25,Astrocytes,Chip12,Chip8,0.06277056277056277,438.45454545454544,0.04017719606918562
HC25,Exc_FEZF2,Chip12,Chip8,0.01443001443001443,438.45454545454544,0.04056788871033074
HC25,Exc_LINC00507,Chip12,Chip8,0.2842712842712843,438.45454545454544,0.1679311727104269
HC25,Exc_RORB,Chip12,Chip8,0.1378066378066378,438.45454545454544,0.1770454544474087
HC25,Exc_THEMIS,Chip12,Chip8,0.012987012987012988,438.45454545454544,0.13918109834237274
HC25,Inh_LAMP5_PAX6,Chip12,Chip8,0.06132756132756133,438.45454545454544,0.0239086302071217
HC25,Inh_PVALB,Chip12,Chip8,0.07142857142857142,438.45454545454544,0.04427940608474255
HC25,Inh_SST,Chip12,Chip8,0.020202020202020204,438.45454545454544,0.048141751709926704
HC25,Inh_TAFA1_VIP,Chip12,Chip8,0.11616161616161616,438.45454545454544,0.10978967857016934
HC25,Microglia,Chip12,Chip8,0.024531024531024532,438.45454545454544,0.008935665542256319
HC25,OPC,Chip12,Chip8,0.07287157287157287,438.45454545454544,0.054508762690017545
HC25,Oligodendrocytes,Chip12,Chip8,0.12121212121212122,438.45454545454544,0.001270567314916602
HC26,Astrocytes,Chip12,Chip8,0.028557599225556632,635.2449177153921,0.015224478541352851
HC26,Exc_FEZF2,Chip12,Chip8,0.0377541142303969,635.2449177153921,0.1453540657282488
HC26,Exc_LINC00507,Chip12,Chip8,0.17860600193610843,635.2449177153921,0.29580395920182656
HC26,Exc_RORB,Chip12,Chip8,0.2536302032913843,635.2449177153921,0.04035606724711011
HC26,Exc_THEMIS,Chip12,Chip8,0.07115198451113262,635.2449177153921,0.19462112598995998
HC26,Inh_LAMP5_PAX6,Chip12,Chip8,0.027105517909002903,635.2449177153921,0.0315121072637717
HC26,Inh_PVALB,Chip12,Chip8,0.047918683446272994,635.2449177153921,0.07688234156890936
HC26,Inh_SST,Chip12,Chip8,0.022265246853823813,635.2449177153921,0.11249722989359952
HC26,Inh_TAFA1_VIP,Chip12,Chip8,0.037270087124878996,635.2449177153921,0.006484269909257847
HC26,Microglia,Chip12,Chip8,0.008228460793804453,635.2449177153921,0.06184232620449893
HC26,OPC,Chip12,Chip8,0.032429816069699906,635.2449177153921,0.05843091340248623
HC26,Oligodendrocytes,Chip12,Chip8,0.255082284607938,635.2449177153921,0.2310677612539924
HC27,Astrocytes,Chip12,Chip8,0.09375,235.18333333333334,0.02005794835214923
HC27,Exc_FEZF2,Chip12,Chip8,0.0375,235.18333333333334,0.07721408878558413
HC27,Exc_LINC00507,Chip12,Chip8,0.14166666666666666,235.18333333333334,0.3946659024502358
HC27,Exc_RORB,Chip12,Chip8,0.10416666666666667,235.18333333333334,0.07075612734638038
HC27,Exc_THEMIS,Chip12,Chip8,0.027083333333333334,235.18333333333334,0.08272990838331704
HC27,Inh_LAMP5_PAX6,Chip12,Chip8,0.05,235.18333333333334,0.12876285254445818
HC27,Inh_PVALB,Chip12,Chip8,0.04791666666666667,235.18333333333334,0.00514272291572389
HC27,Inh_TAFA1_VIP,Chip12,Chip8,0.035416666666666666,235.18333333333334,0.059620948748028535
HC27,Microglia,Chip12,Chip8,0.020833333333333332,235.18333333333334,0.19598896171781457
HC27,OPC,Chip12,Chip8,0.075,235.18333333333334,0.0791021049539323
HC27,Oligodendrocytes,Chip12,Chip8,0.34791666666666665,235.18333333333334,0.541495391564976
HC28,Astrocytes,Chip11,Chip9,0.04205900816070308,493.2077840552417,0.043879483212816865
HC28,Exc_FEZF2,Chip11,Chip9,0.032642812303829254,493.2077840552417,0.0010027556605909193
HC28,Exc_LINC00507,Chip11,Chip9,0.18141870684243566,493.2077840552417,0.09820547436794051
HC28,Exc_RORB,Chip11,Chip9,0.31512868801004396,493.2077840552417,0.04264644850664814
HC28,Exc_THEMIS,Chip11,Chip9,0.04645323289391086,493.2077840552417,0.1573799421167339
HC28,Inh_LAMP5_PAX6,Chip11,Chip9,0.01694915254237288,493.2077840552417,0.0053245888286716754
HC28,Inh_PVALB,Chip11,Chip9,0.054613935969868174,493.2077840552417,0.059655099347320016
HC28,Inh_SST,Chip11,Chip9,0.035781544256120526,493.2077840552417,0.023722699392241923
HC28,Inh_TAFA1_VIP,Chip11,Chip9,0.013182674199623353,493.2077840552417,0.03628981017283982
HC28,Microglia,Chip11,Chip9,0.01694915254237288,493.2077840552417,0.15175078161714273
HC28,OPC,Chip11,Chip9,0.04205900816070308,493.2077840552417,0.023677166230730937
HC28,Oligodendrocytes,Chip11,Chip9,0.20276208411801633,493.2077840552417,0.011675026325338176
HC3,Astrocytes,Chip10,Chip3,0.0884432595340211,4291.004984351454,0.049163465393924084
HC3,Exc_FEZF2,Chip10,Chip3,0.028283296626869132,4291.004984351454,0.02302538695950835
HC3,Exc_LINC00507,Chip10,Chip3,0.13353425292685753,4291.004984351454,0.0734396612787977
HC3,Exc_RORB,Chip10,Chip3,0.11139445925582474,4291.004984351454,0.12266433064149664
HC3,Exc_THEMIS,Chip10,Chip3,0.023530775472354236,4291.004984351454,0.0517491803059466
HC3,Inh_LAMP5_PAX6,Chip10,Chip3,0.023298945172134,4291.004984351454,0.027058778398790072
HC3,Inh_PVALB,Chip10,Chip3,0.0346586298829257,4291.004984351454,0.03746756727730963
HC3,Inh_SST,Chip10,Chip3,0.029674278428190565,4291.004984351454,0.004824595931584627
HC3,Inh_TAFA1_VIP,Chip10,Chip3,0.04485916309261621,4291.004984351454,0.07537277216611228
HC3,Microglia,Chip10,Chip3,0.03002202387852092,4291.004984351454,0.07688112903853023
HC3,OPC,Chip10,Chip3,0.037440593485568566,4291.004984351454,0.04133873054789111
HC3,Oligodendrocytes,Chip10,Chip3,0.4148603222441173,4291.004984351454,0.06596349062855272
HC30,Astrocytes,Chip11,Chip9,0.02568922305764411,614.1791979949874,0.04814328910766615
HC30,Exc_FEZF2,Chip11,Chip9,0.011904761904761904,614.1791979949874,0.0017871699391321034
HC30,Exc_LINC00507,Chip11,Chip9,0.27380952380952384,614.1791979949874,0.03190598240985576
HC30,Exc_RORB,Chip11,Chip9,0.11842105263157894,614.1791979949874,0.03885472656107943
HC30,Exc_THEMIS,Chip11,Chip9,0.006892230576441102,614.1791979949874,0.07322074011740391
HC30,Inh_LAMP5_PAX6,Chip11,Chip9,0.030701754385964907,614.1791979949874,0.03286852707204083
HC30,Inh_PVALB,Chip11,Chip9,0.05889724310776942,614.1791979949874,0.11677033941582544
HC30,Inh_SST,Chip11,Chip9,0.07080200501253132,614.1791979949874,0.01755607504450154
HC30,Inh_TAFA1_VIP,Chip11,Chip9,0.07957393483709274,614.1791979949874,0.04785095751942694
HC30,Microglia,Chip11,Chip9,0.05263157894736842,614.1791979949874,0.13355122883583717
HC30,OPC,Chip11,Chip9,0.07518796992481203,614.1791979949874,0.08895038784415929
HC30,Oligodendrocytes,Chip11,Chip9,0.19548872180451127,614.1791979949874,0.025683231152019585
HC31,Astrocytes,Chip11,Chip9,0.10127826941986234,388.03539823008856,0.04157594632472131
HC31,Exc_FEZF2,Chip11,Chip9,0.08062930186823992,388.03539823008856,0.17121401973870562
HC31,Exc_LINC00507,Chip11,Chip9,0.063913470993117,388.03539823008856,0.7653029001526399
HC31,Exc_RORB,Chip11,Chip9,0.12979351032448377,388.03539823008856,0.09391796051228554
HC31,Exc_THEMIS,Chip11,Chip9,0.10422812192723697,388.03539823008856,0.3070600597541525
HC31,Inh_LAMP5_PAX6,Chip11,Chip9,0.024582104228121928,388.03539823008856,0.04712976798365033
HC31,Inh_PVALB,Chip11,Chip9,0.05408062930186824,388.03539823008856,0.020166581170970536
HC31,Inh_SST,Chip11,Chip9,0.04129793510324484,388.03539823008856,0.14968813855256158
HC31,Inh_TAFA1_VIP,Chip11,Chip9,0.018682399213372666,388.03539823008856,0.042782170024764
HC31,Microglia,Chip11,Chip9,0.007866273352999017,388.03539823008856,0.003097860330070536
HC31,OPC,Chip11,Chip9,0.046214355948869225,388.03539823008856,0.1703265799337878
HC31,Oligodendrocytes,Chip11,Chip9,0.3274336283185841,388.03539823008856,0.15881921463959497
HC4,Astrocytes,Chip10,Chip3,0.11328733585577565,2207.1026040507454,0.17784290473689185
HC4,Exc_FEZF2,Chip10,Chip3,0.010683285110171378,2207.1026040507454,0.16590014284357857
HC4,Exc_LINC00507,Chip10,Chip3,0.2673046961940797,2207.1026040507454,0.08399848411763033
HC4,Exc_RORB,Chip10,Chip3,0.08190518584464723,2207.1026040507454,0.13427312859566032
HC4,Inh_LAMP5_PAX6,Chip10,Chip3,0.040062319163142665,2207.1026040507454,0.03196924372494316
HC4,Inh_PVALB,Chip10,Chip3,0.042288003561095036,2207.1026040507454,0.047642554662166374
HC4,Inh_SST,Chip10,Chip3,0.03494324504785221,2207.1026040507454,0.01038423583351145
HC4,Inh_TAFA1_VIP,Chip10,Chip3,0.06810594257734254,2207.1026040507454,0.04770071993396792
HC4,Microglia,Chip10,Chip3,0.029601602492766527,2207.1026040507454,0.21015462068258525
HC4,OPC,Chip10,Chip3,0.03828177164478077,2207.1026040507454,0.10101235667456122
HC4,Oligodendrocytes,Chip10,Chip3,0.26196305363899397,2207.1026040507454,0.2278609814761254
HC9,Astrocytes,Chip11,Chip5,0.09465346534653465,1216.3041584158416,0.06538971288409044
HC9,Exc_LINC00507,Chip11,Chip5,0.299009900990099,1216.3041584158416,0.44998951853011016
HC9,Exc_RORB,Chip11,Chip5,0.08277227722772278,1216.3041584158416,0.41469231170196136
HC9,Inh_LAMP5_PAX6,Chip11,Chip5,0.04792079207920792,1216.3041584158416,0.1380066476233765
HC9,Inh_PVALB,Chip11,Chip5,0.044356435643564354,1216.3041584158416,0.02625928283069091
HC9,Inh_SST,Chip11,Chip5,0.022574257425742573,1216.3041584158416,0.06695356617705982
HC9,Inh_TAFA1_VIP,Chip11,Chip5,0.07881188118811881,1216.3041584158416,0.1859287278456363
HC9,Microglia,Chip11,Chip5,0.023366336633663366,1216.3041584158416,0.08552341606440608
HC9,OPC,Chip11,Chip5,0.026138613861386138,1216.3041584158416,0.027698128597112678
HC9,Oligodendrocytes,Chip11,Chip5,0.2708910891089109,1216.3041584158416,0.44924699237229665
