celltype,n_pairs,median_r,min_r,noise_floor_log2FC
Exc_LINC00507,26,0.9777507858263169,0.42536993553853525,0.27946142419951825
Exc_RORB,27,0.9671758511332897,0.07991008220874644,0.3520168415084105
Exc_THEMIS,20,0.9261652760696445,0.4216661204863351,0.5522951314849049
Oligodendrocytes,27,0.9199339137323077,0.2664311407517945,0.5820109603337531
Inh_PVALB,27,0.9114317209599989,-0.42584756971369786,0.575054950036956
Inh_TAFA1_VIP,26,0.8978845965050568,-0.05512673686103737,0.638193199323879
Exc_FEZF2,24,0.8762406971554095,0.476013453511949,0.789223225329903
Inh_LAMP5_PAX6,26,0.8288865834222301,0.18282570900692807,0.7604109718308566
Astrocytes,27,0.8246422788848989,0.2642932776307236,0.8192616291382757
Inh_SST,26,0.7868699978119761,-0.42037091774484786,0.8847962201888269
OPC,27,0.7789935490781171,-0.11756318102293484,0.8390438475624448
Microglia,26,0.3385853603169172,-0.2809753560005017,2.3921904464017754
