donor,celltype,chip1,chip2,pearson_logCPM,n_genes,median_abs_log2FC
ALS21,Astrocytes,Chip12,Chip8,0.8813106543666521,22981,0.72279329259896
ALS21,Exc_FEZF2,Chip12,Chip8,0.8593855297059354,20052,0.8093610178847309
ALS21,Exc_LINC00507,Chip12,Chip8,0.9299498112996267,22374,0.5788877553940845
ALS21,Exc_RORB,Chip12,Chip8,0.9295370035854292,25120,0.555308847969468
ALS21,Exc_THEMIS,Chip12,Chip8,0.8563675812946863,21509,0.8624365837675023
ALS21,Inh_LAMP5_PAX6,Chip12,Chip8,0.46134450485685485,12629,2.9274570381789697
ALS21,Inh_PVALB,Chip12,Chip8,0.8216901921142546,19162,1.2107711047382892
ALS21,Inh_SST,Chip12,Chip8,0.512853557368051,13808,2.7445431700273213
ALS21,Inh_TAFA1_VIP,Chip12,Chip8,0.7011002136059591,16921,1.0072507913082114
ALS21,Microglia,Chip12,Chip8,0.39797300031670124,11642,3.548930105683798
ALS21,OPC,Chip12,Chip8,0.7558867105289877,17929,1.3766803602685287
ALS21,Oligodendrocytes,Chip12,Chip8,0.8901023698330897,19953,0.7669051227187618
ALS22,Astrocytes,Chip12,Chip8,0.9200682028741153,22944,0.5552012728213533
ALS22,Exc_FEZF2,Chip12,Chip8,0.9623987358107264,25494,0.36734634311041614
ALS22,Exc_LINC00507,Chip12,Chip8,0.9842983108449465,27468,0.231202124965003
ALS22,Exc_RORB,Chip12,Chip8,0.982040260474302,27880,0.24540359235999942
ALS22,Exc_THEMIS,Chip12,Chip8,0.9602536257529766,25027,0.4032136689131566
ALS22,Inh_LAMP5_PAX6,Chip12,Chip8,0.897385832542356,20254,0.5609221037196538
ALS22,Inh_PVALB,Chip12,Chip8,0.9269809319785364,22635,0.5429816045079118
ALS22,Inh_SST,Chip12,Chip8,0.8540074973826797,20271,0.948937665776064
ALS22,Inh_TAFA1_VIP,Chip12,Chip8,0.9162268896239181,21925,0.5474689328385615
ALS22,Microglia,Chip12,Chip8,0.11796819431274053,12316,4.0593140755515105
ALS22,OPC,Chip12,Chip8,0.7827982073684815,18425,1.2653547864864767
ALS22,Oligodendrocytes,Chip12,Chip8,0.9388337489769029,22625,0.4858570080802146
ALS23,Astrocytes,Chip12,Chip8,0.8457638473286969,21008,0.8192616291382757
ALS23,Exc_FEZF2,Chip12,Chip8,0.8900939179126695,22464,0.8282749818960192
ALS23,Exc_RORB,Chip12,Chip8,0.9608644773260719,28092,0.37122111223435517
ALS23,Exc_THEMIS,Chip12,Chip8,0.9256912520066706,22491,0.5440972129683961
ALS23,Inh_LAMP5_PAX6,Chip12,Chip8,0.7566461663540293,18512,1.5783449808957968
ALS23,Inh_PVALB,Chip12,Chip8,0.8452781589714703,21163,0.840647671773066
ALS23,Inh_SST,Chip12,Chip8,0.5355704477827382,15607,2.45149161226313
ALS23,Inh_TAFA1_VIP,Chip12,Chip8,0.6048036672155825,18645,2.7193726491602948
ALS23,Microglia,Chip12,Chip8,0.3115213882985864,12120,3.796794941760295
ALS23,OPC,Chip12,Chip8,0.6393333976667329,16751,2.1036474138299526
ALS23,Oligodendrocytes,Chip12,Chip8,0.9199339137323077,21795,0.6777234331225269
ALS24,Astrocytes,Chip12,Chip8,0.8239695779267491,20038,0.7929057178501774
ALS24,Exc_FEZF2,Chip12,Chip8,0.5519627276218871,15658,1.3262909914095835
ALS24,Exc_LINC00507,Chip12,Chip8,0.980502896469115,26979,0.26788568042873834
ALS24,Exc_RORB,Chip12,Chip8,0.9601319077097007,25828,0.4020637069181624
ALS24,Inh_LAMP5_PAX6,Chip12,Chip8,0.8056814392203838,18468,0.8088405983832201
ALS24,Inh_PVALB,Chip12,Chip8,0.8995358246574263,20753,0.6219123111951317
ALS24,Inh_SST,Chip12,Chip8,0.7145150579127937,16909,0.9280737624692933
ALS24,Inh_TAFA1_VIP,Chip12,Chip8,0.872586415825849,21069,0.7439340019822944
ALS24,Microglia,Chip12,Chip8,0.03168040089273329,9733,4.9453181298973465
ALS24,OPC,Chip12,Chip8,0.6824425499140199,16216,1.1128526104868983
ALS24,Oligodendrocytes,Chip12,Chip8,0.837281979422783,18870,0.7195936413709828
ALS25,Astrocytes,Chip11,Chip9,0.838219395723786,19669,0.807791504212957
ALS25,Exc_FEZF2,Chip11,Chip9,0.9246208822333437,22706,0.5905311528401476
ALS25,Exc_LINC00507,Chip11,Chip9,0.9402065053393192,22691,0.5286966825315842
ALS25,Exc_RORB,Chip11,Chip9,0.9636339040101999,24907,0.41707946916933153
ALS25,Exc_THEMIS,Chip11,Chip9,0.9457190181076179,22715,0.429196463840208
ALS25,Inh_LAMP5_PAX6,Chip11,Chip9,0.7104688533126243,17103,0.9422551078941387
ALS25,Inh_PVALB,Chip11,Chip9,0.8389379221640653,19001,0.765861102036699
ALS25,Inh_SST,Chip11,Chip9,0.7866787522565177,17891,0.9424308741633205
ALS25,Inh_TAFA1_VIP,Chip11,Chip9,0.7004527636962664,16756,1.1287940263606737
ALS25,Microglia,Chip11,Chip9,0.29000817609121843,10019,2.069080276867735
ALS25,OPC,Chip11,Chip9,0.8072282978710092,17810,0.8658915432406853
ALS25,Oligodendrocytes,Chip11,Chip9,0.9465954533829047,21082,0.4749263497349898
ALS26,Astrocytes,Chip11,Chip9,0.5424582272832582,20010,2.348205195513009
ALS26,Exc_FEZF2,Chip11,Chip9,0.5058550275722694,13603,1.3816374162143474
ALS26,Exc_LINC00507,Chip11,Chip9,0.5348981879906235,13091,2.280611198209701
ALS26,Exc_RORB,Chip11,Chip9,0.6878803944292569,17733,1.2651121189661092
ALS26,Exc_THEMIS,Chip11,Chip9,0.5820889180418782,13025,1.2157979856403582
ALS26,Inh_PVALB,Chip11,Chip9,-0.07103027874218011,7633,5.215062942781912
ALS26,Inh_SST,Chip11,Chip9,-0.42037091774484786,3230,7.138320161878977
ALS26,OPC,Chip11,Chip9,0.30743516911327556,12046,4.343658495667819
ALS26,Oligodendrocytes,Chip11,Chip9,0.3585533706577735,11752,3.6886756405382783
ALS27,Astrocytes,Chip11,Chip9,0.7945831838917428,19878,0.8620179779953022
ALS27,Exc_FEZF2,Chip11,Chip9,0.8829789723101436,20613,0.7611459396893189
ALS27,Exc_LINC00507,Chip11,Chip9,0.9451517112491798,24025,0.4797483563042185
ALS27,Exc_RORB,Chip11,Chip9,0.9691808452044551,24978,0.3678578195140821
ALS27,Exc_THEMIS,Chip11,Chip9,0.9150747336575645,21164,0.628621182422639
ALS27,Inh_LAMP5_PAX6,Chip11,Chip9,0.713267472097433,15896,0.9807922923688734
ALS27,Inh_PVALB,Chip11,Chip9,0.9114317209599989,20332,0.5865616212755831
ALS27,Inh_SST,Chip11,Chip9,0.7374988081289052,16930,0.9385647041719246
ALS27,Inh_TAFA1_VIP,Chip11,Chip9,0.739252273636087,17291,0.892983454283151
ALS27,Microglia,Chip11,Chip9,0.41959782249100325,11685,3.29231857594972
ALS27,OPC,Chip11,Chip9,0.5393846314530101,14471,1.4789617104070074
ALS27,Oligodendrocytes,Chip11,Chip9,0.9399879528199575,21828,0.5078411203833803
ALS28,Astrocytes,Chip11,Chip9,0.7330584221680886,19019,1.2506772711138918
ALS28,Exc_FEZF2,Chip11,Chip9,0.8762310295536488,20308,0.7769762547706369
ALS28,Exc_LINC00507,Chip11,Chip9,0.977490573210843,26353,0.2991614134187435
ALS28,Exc_RORB,Chip11,Chip9,0.9834141683628543,28406,0.22879963482160634
ALS28,Exc_THEMIS,Chip11,Chip9,0.9266393001326184,21643,0.5604930500014138
ALS28,Inh_LAMP5_PAX6,Chip11,Chip9,0.7403011204621367,15957,0.9556298546864376
ALS28,Inh_PVALB,Chip11,Chip9,0.8966617242755641,19702,0.7468814406527812
ALS28,Inh_SST,Chip11,Chip9,0.5850893792004199,15377,1.3338585720128489
ALS28,Inh_TAFA1_VIP,Chip11,Chip9,0.7430455272775618,16945,0.9662073036624529
ALS28,Microglia,Chip11,Chip9,0.1605777609265635,12656,3.817533297731936
ALS28,OPC,Chip11,Chip9,0.7924823997644453,17717,0.8319361485675867
ALS28,Oligodendrocytes,Chip11,Chip9,0.7614864777348584,18450,1.0444864110812164
HC1,Astrocytes,Chip10,Chip3,0.8303712505575711,20018,0.7203249116024515
HC1,Exc_LINC00507,Chip10,Chip3,0.976779624004498,26061,0.2851276291083384
HC1,Exc_RORB,Chip10,Chip3,0.9405174366050766,24026,0.5325955292266441
HC1,Inh_LAMP5_PAX6,Chip10,Chip3,0.8109233247412987,18100,0.6657823337078204
HC1,Inh_PVALB,Chip10,Chip3,0.905345310645024,20819,0.5401211460630988
HC1,Inh_SST,Chip10,Chip3,0.8130528242051108,18589,0.7149717796116957
HC1,Inh_TAFA1_VIP,Chip10,Chip3,0.8887471376011382,20801,0.5468883194092486
HC1,Microglia,Chip10,Chip3,0.4083847645422305,13364,1.4362319328695392
HC1,OPC,Chip10,Chip3,0.7259109993036605,17373,0.8638688552838878
HC1,Oligodendrocytes,Chip10,Chip3,0.9255526224553039,22003,0.5488805664368435
HC10,Astrocytes,Chip11,Chip5,0.92906439798961,22813,0.4844228447546696
HC10,Exc_FEZF2,Chip11,Chip5,0.9198646095079198,22547,0.5589064670515417
HC10,Exc_LINC00507,Chip11,Chip5,0.9896028071270795,28323,0.1987996906335328
HC10,Exc_RORB,Chip11,Chip5,0.9789385320336692,28523,0.21471784585377907
HC10,Exc_THEMIS,Chip11,Chip5,0.8603674863602923,20603,0.8504499949416425
HC10,Inh_LAMP5_PAX6,Chip11,Chip5,0.9208456893345496,20989,0.5128787502011283
HC10,Inh_PVALB,Chip11,Chip5,0.9663517488434404,23584,0.3805899531314321
HC10,Inh_SST,Chip11,Chip5,0.9194979540570234,21401,0.5401290572650386
HC10,Inh_TAFA1_VIP,Chip11,Chip5,0.9498398627445528,23531,0.4494611795913727
HC10,Microglia,Chip11,Chip5,0.6240435011256459,14832,1.092209876869137
HC10,OPC,Chip11,Chip5,0.8490667882051747,19033,0.6544820416502286
HC10,Oligodendrocytes,Chip11,Chip5,0.9717770455633875,22583,0.38588676080403034
HC11,Astrocytes,Chip11,Chip5,0.91329954900438,21423,0.5395167990279669
HC11,Exc_LINC00507,Chip11,Chip5,0.990510165200185,28216,0.18636487202386187
HC11,Exc_RORB,Chip11,Chip5,0.9503691412942147,27148,0.38036353797157124
HC11,Inh_LAMP5_PAX6,Chip11,Chip5,0.8804349602541924,19531,0.6115641150927165
HC11,Inh_PVALB,Chip11,Chip5,0.9272686716697502,21648,0.5006349613209031
HC11,Inh_SST,Chip11,Chip5,0.8642057830669856,19863,0.6737110778778975
HC11,Inh_TAFA1_VIP,Chip11,Chip5,0.9307057185552317,22392,0.4876558606169141
HC11,Microglia,Chip11,Chip5,0.20995294534815706,10996,2.204403793803231
HC11,OPC,Chip11,Chip5,0.7789935490781171,18059,0.7986537220073142
HC11,Oligodendrocytes,Chip11,Chip5,0.9011935913576936,19910,0.6352874019527323
HC12,Astrocytes,Chip11,Chip5,0.8769646475544027,21933,0.6352543812837667
HC12,Exc_FEZF2,Chip11,Chip5,0.476013453511949,15022,1.6429537033454282
HC12,Exc_LINC00507,Chip11,Chip5,0.9892382617895723,28257,0.21011599857548613
HC12,Exc_RORB,Chip11,Chip5,0.9671758511332897,26763,0.34104331648745817
HC12,Inh_LAMP5_PAX6,Chip11,Chip5,0.8838960716615213,19954,0.7375180172092064
HC12,Inh_PVALB,Chip11,Chip5,0.9361937497014995,22157,0.5565678469651092
HC12,Inh_SST,Chip11,Chip5,0.860685445937881,18955,0.7828426689828928
HC12,Inh_TAFA1_VIP,Chip11,Chip5,0.9487859512167637,23555,0.452131038263367
HC12,Microglia,Chip11,Chip5,0.45965690283653854,13726,1.3051852804956996
HC12,OPC,Chip11,Chip5,0.7523177782454638,18038,0.8390438475624448
HC12,Oligodendrocytes,Chip11,Chip5,0.8660592402459344,18600,0.8069983202271777
HC15,Astrocytes,Chip12,Chip5,0.2642932776307236,12816,2.288287987796264
HC15,Exc_FEZF2,Chip12,Chip5,0.6128009081512262,14580,1.349453270862485
HC15,Exc_LINC00507,Chip12,Chip5,0.42536993553853525,14028,3.6614046955562642
HC15,Exc_RORB,Chip12,Chip5,0.07991008220874644,9839,4.29017257918009
HC15,Exc_THEMIS,Chip12,Chip5,0.4216661204863351,12121,3.2154110301715875
HC15,Inh_LAMP5_PAX6,Chip12,Chip5,0.18282570900692807,9245,4.358785057741807
HC15,Inh_PVALB,Chip12,Chip5,-0.42584756971369786,4448,6.752411043330334
HC15,Inh_SST,Chip12,Chip5,0.3539874995962766,11738,2.391986646960503
HC15,Inh_TAFA1_VIP,Chip12,Chip5,-0.05512673686103737,7915,5.306654367290711
HC15,Microglia,Chip12,Chip5,-0.02554560015560041,6965,5.333553829746862
HC15,OPC,Chip12,Chip5,-0.11756318102293484,7533,5.6097215067105495
HC15,Oligodendrocytes,Chip12,Chip5,0.2664311407517945,8899,4.276646831620333
HC18,Astrocytes,Chip12,Chip6,0.889555336392981,20971,0.6392739597997322
HC18,Exc_FEZF2,Chip12,Chip6,0.9464084558676815,24147,0.43056785349818805
HC18,Exc_LINC00507,Chip12,Chip6,0.6042416529185475,15261,2.204837362066056
HC18,Exc_RORB,Chip12,Chip6,0.9522778411042896,25128,0.4110925381144836
HC18,Exc_THEMIS,Chip12,Chip6,0.974254809241876,25309,0.29315857396869077
HC18,Inh_LAMP5_PAX6,Chip12,Chip6,0.6060799151405831,14879,2.1423249361477916
HC18,Inh_PVALB,Chip12,Chip6,0.7509787710498711,17408,0.822374601110218
HC18,Inh_SST,Chip12,Chip6,0.7870612433674344,18022,0.9477817703796151
HC18,Inh_TAFA1_VIP,Chip12,Chip6,0.47202536638223025,14359,1.4699192065899427
HC18,Microglia,Chip12,Chip6,0.3570506298288856,11095,1.544090164427546
HC18,OPC,Chip12,Chip6,0.848976646899357,18853,0.6654762045892846
HC18,Oligodendrocytes,Chip12,Chip6,0.969792966125286,23816,0.335804724942177
HC2,Astrocytes,Chip10,Chip3,0.9298942618946469,22925,0.5337317326095692
HC2,Exc_FEZF2,Chip10,Chip3,0.644024156127894,19478,2.1949760488482335
HC2,Exc_LINC00507,Chip10,Chip3,0.9898207408790776,27898,0.1691925763178613
HC2,Exc_RORB,Chip10,Chip3,0.9735858299245944,26592,0.3157544715566382
HC2,Inh_LAMP5_PAX6,Chip10,Chip3,0.9096672244763256,20180,0.5421666217211356
HC2,Inh_PVALB,Chip10,Chip3,0.9522589442513486,21960,0.4353464774437366
HC2,Inh_SST,Chip10,Chip3,0.8701288560342454,19429,0.6300890543477531
HC2,Inh_TAFA1_VIP,Chip10,Chip3,0.9575292184173201,23428,0.4037019276589561
HC2,Microglia,Chip10,Chip3,0.7090382144533384,16040,0.8456586442799302
HC2,OPC,Chip10,Chip3,0.8538361328252783,18930,0.665856630212993
HC2,Oligodendrocytes,Chip10,Chip3,0.9516588534054872,20756,0.4311638593747531
HC21,Astrocytes,Chip11,Chip7,0.5850215957482261,16965,1.483521486429333
HC21,Exc_FEZF2,Chip11,Chip7,0.9347866634518033,22867,0.5555276528970282
HC21,Exc_LINC00507,Chip11,Chip7,0.9852167546989051,26526,0.2307141671888425
HC21,Exc_RORB,Chip11,Chip7,0.985086062304517,26787,0.2464580179924393
HC21,Exc_THEMIS,Chip11,Chip7,0.9558173180669122,23366,0.4176826983172328
HC21,Inh_LAMP5_PAX6,Chip11,Chip7,0.9104247539910404,20131,0.5952766701254051
HC21,Inh_PVALB,Chip11,Chip7,0.9592296144398144,22659,0.42765687514968415
HC21,Inh_SST,Chip11,Chip7,0.8595789955275461,18901,0.6662262209296973
HC21,Inh_TAFA1_VIP,Chip11,Chip7,0.9095544394577993,20542,0.5387600753641706
HC21,Microglia,Chip11,Chip7,0.5374346313996017,14006,1.0675840250573934
HC21,OPC,Chip11,Chip7,0.7691542009197242,17354,0.7982378679575279
HC21,Oligodendrocytes,Chip11,Chip7,0.7651107962609306,17787,1.1732264321416839
HC23,Astrocytes,Chip12,Chip7,0.6545929203181937,17158,1.187194863044761
HC23,Exc_FEZF2,Chip12,Chip7,0.92426760157837,22222,0.585187823860491
HC23,Exc_LINC00507,Chip12,Chip7,0.9780109984417908,26300,0.27379521929069806
HC23,Exc_RORB,Chip12,Chip7,0.981684753335154,26723,0.2492606472708996
HC23,Exc_THEMIS,Chip12,Chip7,0.9613659827704202,23349,0.42051271583284305
HC23,Inh_LAMP5_PAX6,Chip12,Chip7,0.9362603077032997,21473,0.520958495138663
HC23,Inh_PVALB,Chip12,Chip7,0.9585607411167583,23285,0.4126841515568934
HC23,Inh_SST,Chip12,Chip7,0.8574334753132936,19478,0.7234964436670125
HC23,Inh_TAFA1_VIP,Chip12,Chip7,0.9070220554089755,21394,0.6865258491589872
HC23,Microglia,Chip12,Chip7,0.2598385092289118,10733,4.090965418651
HC23,OPC,Chip12,Chip7,0.8786827854218142,18991,0.7606759970958362
HC23,Oligodendrocytes,Chip12,Chip7,0.949536006664659,21569,0.49661297504782553
HC24,Astrocytes,Chip12,Chip7,0.805235671087635,20558,1.144673012532186
HC24,Exc_FEZF2,Chip12,Chip7,0.9530319746142889,23540,0.46286000395479243
HC24,Exc_LINC00507,Chip12,Chip7,0.9910221115840208,29010,0.18750666484294007
HC24,Exc_RORB,Chip12,Chip7,0.9869017137747619,28090,0.2275299514037803
HC24,Exc_THEMIS,Chip12,Chip7,0.9567894088554701,23084,0.4646225251564972
HC24,Inh_LAMP5_PAX6,Chip12,Chip7,0.9348682481609425,23062,0.475248000287766
HC24,Inh_PVALB,Chip12,Chip7,0.9741297563835434,25292,0.3152524541987696
HC24,Inh_SST,Chip12,Chip7,0.9132860844998274,21390,0.6839973602260021
HC24,Inh_TAFA1_VIP,Chip12,Chip7,0.961923324805005,24567,0.37410293952353785
HC24,Microglia,Chip12,Chip7,0.6346775359748871,15084,1.051781571165515
HC24,OPC,Chip12,Chip7,0.9287821355447811,21478,0.6210792272343522
HC24,Oligodendrocytes,Chip12,Chip7,0.9710794242387112,24164,0.29135830257512163
HC25,Astrocytes,Chip12,Chip8,0.7637109491473606,18784,1.0561808873745855
HC25,Exc_FEZF2,Chip12,Chip8,0.7146258845402824,17677,1.0840926397137143
HC25,Exc_LINC00507,Chip12,Chip8,0.97098208021473,26757,0.32343642062272726
HC25,Exc_RORB,Chip12,Chip8,0.9669955621439522,26113,0.3551123787391216
HC25,Exc_THEMIS,Chip12,Chip8,0.7944485888145312,17590,0.7840800841558506
HC25,Inh_LAMP5_PAX6,Chip12,Chip8,0.8857094449330543,20735,0.7833039264525068
HC25,Inh_PVALB,Chip12,Chip8,0.93807759585681,21941,0.5112301245099573
HC25,Inh_SST,Chip12,Chip8,0.6078551453479161,15542,1.19360706419953
HC25,Inh_TAFA1_VIP,Chip12,Chip8,0.9076234738853065,22741,0.5898605494887708
HC25,Microglia,Chip12,Chip8,0.3201200908049488,12522,2.5799770990003204
HC25,OPC,Chip12,Chip8,0.8500760460973202,18220,0.7658542227306645
HC25,Oligodendrocytes,Chip12,Chip8,0.8418481939958208,18536,0.8182370424957605
HC26,Astrocytes,Chip12,Chip8,0.7366893954281808,18356,0.893775606373025
HC26,Exc_FEZF2,Chip12,Chip8,0.8744522263708503,21487,0.801470195889169
HC26,Exc_LINC00507,Chip12,Chip8,0.9657842220110464,26611,0.38418860410941097
HC26,Exc_RORB,Chip12,Chip8,0.9836373140863477,27630,0.25307591039764016
HC26,Exc_THEMIS,Chip12,Chip8,0.9449489102267067,23669,0.4652278610918716
HC26,Inh_LAMP5_PAX6,Chip12,Chip8,0.7776724151665749,17514,0.9435556406999632
HC26,Inh_PVALB,Chip12,Chip8,0.930016345018934,21583,0.575054950036956
HC26,Inh_SST,Chip12,Chip8,0.7512025390546487,17370,0.8837049902691024
HC26,Inh_TAFA1_VIP,Chip12,Chip8,0.8123895614146236,18405,0.9884204108652425
HC26,Microglia,Chip12,Chip8,0.0557476208848556,8530,5.118876141842058
HC26,OPC,Chip12,Chip8,0.7962604958716147,17360,0.7248590622097986
HC26,Oligodendrocytes,Chip12,Chip8,0.9275568378090069,20782,0.5746172111948474
HC27,Astrocytes,Chip12,Chip8,0.7090404298317053,18428,1.1941214643082607
HC27,Exc_FEZF2,Chip12,Chip8,0.6917208688333399,16399,1.6475181228993272
HC27,Exc_LINC00507,Chip12,Chip8,0.7440132457980461,22961,1.1858255371785915
HC27,Exc_RORB,Chip12,Chip8,0.7925866500887572,21530,0.9224882819172218
HC27,Exc_THEMIS,Chip12,Chip8,0.5590602824370122,17697,2.5400284529099544
HC27,Inh_LAMP5_PAX6,Chip12,Chip8,0.5744529894956456,16927,2.5801250040800623
HC27,Inh_PVALB,Chip12,Chip8,0.6840563664785243,17419,1.8951478586920947
HC27,Inh_TAFA1_VIP,Chip12,Chip8,0.49636400240302314,15369,2.921124636974201
HC27,Microglia,Chip12,Chip8,0.17867757251985042,8614,5.451862759067198
HC27,OPC,Chip12,Chip8,0.6166019461187382,14797,1.6649862287648118
HC27,Oligodendrocytes,Chip12,Chip8,0.8446438228079611,18242,0.81109400106615
HC28,Astrocytes,Chip11,Chip9,0.7015864894587084,18608,1.229484021030719
HC28,Exc_FEZF2,Chip11,Chip9,0.8762503647571702,20114,0.703299145114986
HC28,Exc_LINC00507,Chip11,Chip9,0.9690670168457354,24619,0.3130462177578388
HC28,Exc_RORB,Chip11,Chip9,0.9849185466005481,26855,0.23653324317644833
HC28,Exc_THEMIS,Chip11,Chip9,0.9019481691522712,20840,0.6491958969019839
HC28,Inh_LAMP5_PAX6,Chip11,Chip9,0.7322530418903164,16704,1.0570593747551928
HC28,Inh_PVALB,Chip11,Chip9,0.8999683929738824,21083,0.6584644719136078
HC28,Inh_SST,Chip11,Chip9,0.7714509936679528,17805,0.7782345658356746
HC28,Inh_TAFA1_VIP,Chip11,Chip9,0.5652787804586592,15603,1.5244772629231513
HC28,Microglia,Chip11,Chip9,0.09974702587825453,11267,4.456977176390721
HC28,OPC,Chip11,Chip9,0.7283279728105735,17125,0.9098539204368873
HC28,Oligodendrocytes,Chip11,Chip9,0.8875676600279445,20253,0.8044665636238263
HC3,Astrocytes,Chip10,Chip3,0.9653523492017224,24715,0.3588906440980953
HC3,Exc_FEZF2,Chip10,Chip3,0.9687038201498366,25027,0.3665177306985591
HC3,Exc_LINC00507,Chip10,Chip3,0.9919599819955993,28545,0.14728250254589206
HC3,Exc_RORB,Chip10,Chip3,0.992290380488033,28843,0.16936473095137497
HC3,Exc_THEMIS,Chip10,Chip3,0.975213727119697,24644,0.32917406282514955
HC3,Inh_LAMP5_PAX6,Chip10,Chip3,0.9403407879448425,22006,0.452448174271558
HC3,Inh_PVALB,Chip10,Chip3,0.9692661510469338,24025,0.3755127673039857
HC3,Inh_SST,Chip10,Chip3,0.9251212301836432,21055,0.4844558654236353
HC3,Inh_TAFA1_VIP,Chip10,Chip3,0.9560742853336219,23436,0.39429086502109234
HC3,Microglia,Chip10,Chip3,0.7826927694023889,16852,0.7292736848747959
HC3,OPC,Chip10,Chip3,0.9118330755739678,20912,0.496479516510756
HC3,Oligodendrocytes,Chip10,Chip3,0.9896601033731066,24931,0.2281702643107739
HC30,Astrocytes,Chip11,Chip9,0.5255352251165641,15957,1.2307226400822329
HC30,Exc_FEZF2,Chip11,Chip9,0.743644066233766,17195,0.9429786389063185
HC30,Exc_LINC00507,Chip11,Chip9,0.9838278242990596,26373,0.2711533507951317
HC30,Exc_RORB,Chip11,Chip9,0.9674761848636767,25551,0.32235946526302434
HC30,Exc_THEMIS,Chip11,Chip9,0.6258636890243239,16196,1.4646283323187992
HC30,Inh_LAMP5_PAX6,Chip11,Chip9,0.8468498421031616,18047,0.6890792755763473
HC30,Inh_PVALB,Chip11,Chip9,0.8980463670572254,21039,0.6487956932734261
HC30,Inh_SST,Chip11,Chip9,0.8522456730732455,19138,0.8358432504298879
HC30,Inh_TAFA1_VIP,Chip11,Chip9,0.9125451774898743,20780,0.5415274481992041
HC30,Microglia,Chip11,Chip9,0.5476336828342248,15395,1.0079187719241625
HC30,OPC,Chip11,Chip9,0.78132514110007,17243,0.9189306488014738
HC30,Oligodendrocytes,Chip11,Chip9,0.8955009847105667,19702,0.6211691741607535
HC31,Astrocytes,Chip11,Chip9,0.8246422788848989,19598,0.9337873700962575
HC31,Exc_FEZF2,Chip11,Chip9,0.9191321965732953,21526,0.6702528507343481
HC31,Exc_LINC00507,Chip11,Chip9,0.9005408351119089,22751,0.6395747574560913
HC31,Exc_RORB,Chip11,Chip9,0.9578310080094083,24866,0.4300754671687678
HC31,Exc_THEMIS,Chip11,Chip9,0.93916785606132,22769,0.4542340421181174
HC31,Inh_LAMP5_PAX6,Chip11,Chip9,0.6857265739390439,15649,0.9159063338860512
HC31,Inh_PVALB,Chip11,Chip9,0.8628172380165343,19156,0.7004122443376029
HC31,Inh_SST,Chip11,Chip9,0.7062650368351726,16715,1.7407791549827023
HC31,Inh_TAFA1_VIP,Chip11,Chip9,0.6179994128933578,15872,1.0982705454855424
HC31,Microglia,Chip11,Chip9,-0.2809753560005017,8734,5.254650253322815
HC31,OPC,Chip11,Chip9,0.6541888574234327,15865,0.9834979234322472
HC31,Oligodendrocytes,Chip11,Chip9,0.9108751470581488,20015,0.5820109603337531
HC4,Astrocytes,Chip10,Chip3,0.9449160818670918,23110,0.4418311692858442
HC4,Exc_FEZF2,Chip10,Chip3,0.7146743671407046,20200,1.6837775691460348
HC4,Exc_LINC00507,Chip10,Chip3,0.9904589328382688,28798,0.16518366072624924
HC4,Exc_RORB,Chip10,Chip3,0.9788033354649762,26856,0.2849342991109372
HC4,Inh_LAMP5_PAX6,Chip10,Chip3,0.9208632332064528,22142,0.5199120666994882
HC4,Inh_PVALB,Chip10,Chip3,0.9507808260699424,23003,0.45358446364580857
HC4,Inh_SST,Chip10,Chip3,0.8754605197357306,20172,0.6379135770314074
HC4,Inh_TAFA1_VIP,Chip10,Chip3,0.9481822637044329,23541,0.4235695354692786
HC4,Microglia,Chip10,Chip3,0.6480544760164727,14680,1.0546767271101394
HC4,OPC,Chip10,Chip3,0.8474688461707282,18512,0.6461639287585981
HC4,Oligodendrocytes,Chip10,Chip3,0.9660741728131806,22092,0.3993230773853381
HC9,Astrocytes,Chip11,Chip5,0.908657075525553,21615,0.5642159154489783
HC9,Exc_LINC00507,Chip11,Chip5,0.9871845592579606,27289,0.23301413417449354
HC9,Exc_RORB,Chip11,Chip5,0.9619231067296824,25532,0.3520168415084105
HC9,Inh_LAMP5_PAX6,Chip11,Chip5,0.8964937399233673,20389,0.6355715172919576
HC9,Inh_PVALB,Chip11,Chip5,0.9378016707885626,22054,0.49737365431259173
HC9,Inh_SST,Chip11,Chip5,0.7525033625844094,17285,0.8858874501085514
HC9,Inh_TAFA1_VIP,Chip11,Chip5,0.931628564292826,21890,0.5020472828497885
HC9,Microglia,Chip11,Chip5,0.47574269103629163,13144,1.3693440963306738
HC9,OPC,Chip11,Chip5,0.7586725682257951,18107,0.8233466470528945
HC9,Oligodendrocytes,Chip11,Chip5,0.9518706939225307,21134,0.47214130568258017
