celltype,n_pairs,mean_frac,median_absdiff,p90_absdiff,median_abs_log2FC,p90_abs_log2FC
Oligodendrocytes,26,0.28252403259181996,0.09254451605098796,0.3130642371464263,0.5854328544671905,1.4193533487926773
Exc_LINC00507,26,0.198081087817249,0.09092149897005794,0.1966041003536364,0.6799377365101285,3.8893489673285604
Exc_RORB,26,0.13340219426180128,0.04381424030961559,0.14834494512363777,0.5390940976639519,1.8399743748761264
Astrocytes,26,0.06925678328421585,0.013251365093943805,0.04748228982975561,0.28975021948749974,0.7153120586890483
Inh_TAFA1_VIP,26,0.053072376454489985,0.01542138515789351,0.046102739654684366,0.4738369923636967,1.3844970125414737
Inh_PVALB,26,0.0503802834061838,0.01049576883307534,0.02817308438330829,0.29813631593220746,0.9431924399652659
OPC,26,0.04565222391559384,0.012346641678066235,0.0223264562762542,0.36789180322718223,1.0219964003626147
Exc_THEMIS,24,0.041185424032759675,0.018963129328092833,0.0686743030883616,1.4024576916770997,4.065038342869498
Exc_FEZF2,26,0.03940633623345906,0.011518945739079366,0.04327551947212267,0.6473115440316393,3.415802904680765
Inh_SST,26,0.034037781222304435,0.010035837876754232,0.025264918766543992,0.4449693241249597,1.4773261519765883
Inh_LAMP5_PAX6,26,0.033500543407784134,0.006429897262878471,0.021338367630686975,0.28223340768759797,0.9371744720508991
Microglia,26,0.02266904291332049,0.012124117090573162,0.03271987072858933,0.6769914408521888,1.7578994982899276
