celltype,n,mean_frac,sd_obs,sd_exp,z_rms,过度离散倍数
Oligodendrocytes,26,0.28252403259181996,0.17048354233430665,0.022906264440436173,7.510951032173361,7.442660184842447
Exc_LINC00507,26,0.19808108781724895,0.12385288146426923,0.019937691457858873,6.448940698677132,6.211997097359531
Exc_RORB,26,0.13340219426180122,0.13439417158654995,0.018449982061802286,8.499790171729053,7.284244024539809
Astrocytes,26,0.06925678328421579,0.029264913896839297,0.014126755528711791,2.2039974880446063,2.071594842662924
Inh_TAFA1_VIP,26,0.053072376454489936,0.027160212591943608,0.011540466952174956,2.6038767342542872,2.3534760512290105
Inh_PVALB,26,0.05038028340618376,0.016299859060102048,0.011670976806222779,1.528132596129312,1.3966148104596714
OPC,26,0.04565222391559381,0.016242272212519636,0.011682009809404656,1.5563239999804828,1.3903662535400132
Exc_THEMIS,24,0.041185424032759634,0.03770592187778019,0.010522636947129108,3.5973314248565136,3.583314911198899
Exc_FEZF2,26,0.039406336233459,0.024479321234776235,0.010357995384303998,2.92247557110404,2.363326138556791
Inh_SST,26,0.03403778122230439,0.01517679122091413,0.00988556431510025,1.6971938976359884,1.535247835850049
Inh_LAMP5_PAX6,26,0.033500543407784085,0.013130762047152106,0.009943453613273926,1.6125431622442317,1.3205434004965146
Microglia,26,0.022669042913320444,0.024507767563179503,0.008334263579544348,2.4660295246248767,2.9406038493108704
