ID,chip1,chip2,celltype,f1,f2,absdiff,logratio
ALS21,Chip12,Chip8,Astrocytes,0.1140278917145201,0.09326424870466321,0.02076364300985689,0.28720111167625045
ALS21,Chip12,Chip8,Exc_FEZF2,0.03527481542247744,0.04145077720207254,0.0061759617795950975,-0.22682269390056323
ALS21,Chip12,Chip8,Exc_LINC00507,0.0844954881050041,0.20725388601036268,0.12275839790535858,-1.284423225409248
ALS21,Chip12,Chip8,Exc_RORB,0.11812961443806398,0.15025906735751296,0.03212945291944898,-0.3444895311655217
ALS21,Chip12,Chip8,Exc_THEMIS,0.05988515176374077,0.03626943005181347,0.0236157217119273,0.708097680244899
ALS21,Chip12,Chip8,Inh_LAMP5_PAX6,0.015586546349466776,0.02072538860103627,0.005138842251569494,-0.38936846307565276
ALS21,Chip12,Chip8,Inh_PVALB,0.043478260869565216,0.05181347150259067,0.008335210633025454,-0.24780559606733563
ALS21,Chip12,Chip8,Inh_SST,0.018867924528301886,0.025906735751295335,0.007038811222993449,-0.4375262063571967
ALS21,Chip12,Chip8,Inh_TAFA1_VIP,0.03609515996718622,0.06735751295336788,0.03126235298618166,-0.8818689466322653
ALS21,Chip12,Chip8,Microglia,0.03527481542247744,0.03626943005181347,0.0009946146293360256,-0.039024483181013314
ALS21,Chip12,Chip8,OPC,0.07301066447908121,0.05181347150259067,0.021197192976490538,0.4868271942860904
ALS21,Chip12,Chip8,Oligodendrocytes,0.36587366694011486,0.21761658031088082,0.14825708662923404,0.7468805341187502
ALS22,Chip12,Chip8,Astrocytes,0.06909391808026479,0.1076923076923077,0.03859838961204291,-0.6328886676216173
ALS22,Chip12,Chip8,Exc_FEZF2,0.07654116673562267,0.046153846153846156,0.03038732058177651,0.7175869923327914
ALS22,Chip12,Chip8,Exc_LINC00507,0.16425320645428218,0.23846153846153847,0.0742083320072563,-0.5351156885325757
ALS22,Chip12,Chip8,Exc_RORB,0.1377741001241208,0.20256410256410257,0.06479000243998176,-0.5527448342995734
ALS22,Chip12,Chip8,Exc_THEMIS,0.06123293338849814,0.035897435897435895,0.025335497491062245,0.7541576871764135
ALS22,Chip12,Chip8,Inh_LAMP5_PAX6,0.0215142738932561,0.041025641025641026,0.019511367132384924,-0.9004298752068727
ALS22,Chip12,Chip8,Inh_PVALB,0.04095986760446835,0.041025641025641026,6.57734211726782e-05,-0.0022596995480682583
ALS22,Chip12,Chip8,Inh_SST,0.03516756309474555,0.038461538461538464,0.003293975366792913,-0.12575080750346904
ALS22,Chip12,Chip8,Inh_TAFA1_VIP,0.0359950351675631,0.07179487179487179,0.03579983662730869,-0.9765051497667993
ALS22,Chip12,Chip8,Microglia,0.004551096400496483,0.017948717948717947,0.013397621548221463,-1.7712555880841359
ALS22,Chip12,Chip8,OPC,0.04137360364087712,0.023076923076923078,0.01829668056395404,0.815514793257519
ALS22,Chip12,Chip8,Oligodendrocytes,0.3115432354158047,0.1358974358974359,0.1756457995183688,1.1909603526045933
ALS23,Chip12,Chip8,Astrocytes,0.06857942617214835,0.10416666666666667,0.03558724049451832,-0.5959448184042928
ALS23,Chip12,Chip8,Exc_FEZF2,0.02729181245626312,0.05,0.022708187543736883,-0.850112644125002
ALS23,Chip12,Chip8,Exc_LINC00507,0.21203638908327502,0.0,0.21203638908327502,7.73495607030126
ALS23,Chip12,Chip8,Exc_RORB,0.244926522043387,0.0625,0.182426522043387,1.9533988343462263
ALS23,Chip12,Chip8,Exc_THEMIS,0.02239328201539538,0.08333333333333333,0.06094005131793795,-1.8500086969093787
ALS23,Chip12,Chip8,Inh_LAMP5_PAX6,0.021693491952414275,0.016666666666666666,0.005026825285747608,0.3612487612858346
ALS23,Chip12,Chip8,Inh_PVALB,0.05038488453463961,0.016666666666666666,0.03371821786797294,1.540314177235
ALS23,Chip12,Chip8,Inh_SST,0.021693491952414275,0.004166666666666667,0.01752682528574761,2.1349729054621585
ALS23,Chip12,Chip8,Inh_TAFA1_VIP,0.0370888733379986,0.004166666666666667,0.03292220667133194,2.8820638990950176
ALS23,Chip12,Chip8,Microglia,0.011896431070678797,0.025,0.013103568929321205,-1.0115397505518318
ALS23,Chip12,Chip8,OPC,0.02939118264520644,0.0125,0.016891182645206438,1.1706934098406487
ALS23,Chip12,Chip8,Oligodendrocytes,0.25262421273617913,0.6208333333333333,0.3682091205971542,-1.2938354725385628
ALS24,Chip12,Chip8,Astrocytes,0.06022944550669216,0.05596107055961071,0.004268374947081453,0.10424935670574963
ALS24,Chip12,Chip8,Exc_FEZF2,0.0038240917782026767,0.014598540145985401,0.010774448367782723,-1.6930817549699253
ALS24,Chip12,Chip8,Exc_LINC00507,0.4397705544933078,0.25790754257907544,0.18186301191423238,0.7675908535298038
ALS24,Chip12,Chip8,Exc_RORB,0.11663479923518165,0.20194647201946472,0.08531167278428307,-0.7867843531327812
ALS24,Chip12,Chip8,Exc_THEMIS,0.0,0.019464720194647202,0.019464720194647202,-4.355067036451917
ALS24,Chip12,Chip8,Inh_LAMP5_PAX6,0.043021032504780114,0.024330900243309004,0.01869013226147111,0.7972946333771244
ALS24,Chip12,Chip8,Inh_PVALB,0.05066921606118547,0.0535279805352798,0.002858764474094333,-0.07769173069755043
ALS24,Chip12,Chip8,Inh_SST,0.02676864244741874,0.0364963503649635,0.009727707917544761,-0.43329353205136173
ALS24,Chip12,Chip8,Inh_TAFA1_VIP,0.0841300191204589,0.06082725060827251,0.023302768512186385,0.46142510254780145
ALS24,Chip12,Chip8,Microglia,0.0124282982791587,0.0170316301703163,0.004603331891157601,-0.4252533424761363
ALS24,Chip12,Chip8,OPC,0.040152963671128104,0.0267639902676399,0.013388973403488203,0.5677814031399284
ALS24,Chip12,Chip8,Oligodendrocytes,0.12237093690248566,0.23114355231143552,0.10877261540894986,-0.9120146394626784
ALS25,Chip11,Chip9,Astrocytes,0.06263194933145672,0.07692307692307693,0.014291127591620212,-0.292299327298749
ALS25,Chip11,Chip9,Exc_FEZF2,0.05137227304714989,0.05305039787798409,0.0016781248308341962,-0.04550201642046901
ALS25,Chip11,Chip9,Exc_LINC00507,0.02322308233638283,0.10610079575596817,0.08287771341958534,-2.144514837570811
ALS25,Chip11,Chip9,Exc_RORB,0.07459535538353272,0.10079575596816977,0.026200400584637046,-0.42930791197111723
ALS25,Chip11,Chip9,Exc_THEMIS,0.05137227304714989,0.03978779840848806,0.01158447463866183,0.36066558431594614
ALS25,Chip11,Chip9,Inh_LAMP5_PAX6,0.018296973961998593,0.01856763925729443,0.0002706652952958362,-0.0200950818853724
ALS25,Chip11,Chip9,Inh_PVALB,0.024630541871921183,0.03713527851458886,0.012504736642667675,-0.5732622563725498
ALS25,Chip11,Chip9,Inh_SST,0.03166783954961295,0.034482758620689655,0.002814919071076706,-0.119247129942745
ALS25,Chip11,Chip9,Inh_TAFA1_VIP,0.00844475721323012,0.05305039787798409,0.04460564066475397,-2.5167196217158314
ALS25,Chip11,Chip9,Microglia,0.014778325123152709,0.015915119363395226,0.0011367942402425169,-0.10036928700148331
ALS25,Chip11,Chip9,OPC,0.07741027445460943,0.07161803713527852,0.005792237319330915,0.11071477498037607
ALS25,Chip11,Chip9,Oligodendrocytes,0.5615763546798029,0.3925729442970822,0.1690034103827207,0.515417869114096
ALS27,Chip11,Chip9,Astrocytes,0.080797481636936,0.04873294346978557,0.03206453816715042,0.71785460615572
ALS27,Chip11,Chip9,Exc_FEZF2,0.035676810073452254,0.029239766081871343,0.006437043991580911,0.27842118781235814
ALS27,Chip11,Chip9,Exc_LINC00507,0.1248688352570829,0.08966861598440545,0.03520021927267744,0.4732459522263787
ALS27,Chip11,Chip9,Exc_RORB,0.16054564533053514,0.09551656920077972,0.06502907612975542,0.7430933222154449
ALS27,Chip11,Chip9,Exc_THEMIS,0.04197271773347324,0.02729044834307992,0.01468226939039332,0.6031059801463603
ALS27,Chip11,Chip9,Inh_LAMP5_PAX6,0.024134312696747113,0.017543859649122806,0.006590453047624307,0.4387166864320927
ALS27,Chip11,Chip9,Inh_PVALB,0.07240293809024134,0.04678362573099415,0.025619312359247193,0.6193214838844481
ALS27,Chip11,Chip9,Inh_SST,0.02098635886673662,0.031189083820662766,0.010202724953926146,-0.549962813740891
ALS27,Chip11,Chip9,Inh_TAFA1_VIP,0.04407135362014691,0.023391812865497075,0.020679540754649832,0.8858137917979217
ALS27,Chip11,Chip9,Microglia,0.03672612801678909,0.011695906432748537,0.02503022158404055,1.5712006373493825
ALS27,Chip11,Chip9,OPC,0.022035676810073453,0.009746588693957114,0.012289088116116339,1.0999912107193048
ALS27,Chip11,Chip9,Oligodendrocytes,0.3357817418677859,0.5692007797270955,0.23341903785930956,-0.7596560851944099
ALS28,Chip11,Chip9,Astrocytes,0.033317908375751965,0.037783375314861464,0.0044654669391095,-0.1764767411213142
ALS28,Chip11,Chip9,Exc_FEZF2,0.036557149467838966,0.02518891687657431,0.011368232591264658,0.5201311749050109
ALS28,Chip11,Chip9,Exc_LINC00507,0.2929199444701527,0.19395465994962216,0.09896528452053052,0.592284619490453
ALS28,Chip11,Chip9,Exc_RORB,0.34752429430819065,0.3702770780856423,0.022752783777451657,-0.09123702439170928
ALS28,Chip11,Chip9,Exc_THEMIS,0.054141601110596946,0.027707808564231738,0.026433792546365208,0.9416979531925004
ALS28,Chip11,Chip9,Inh_LAMP5_PAX6,0.01897269782508098,0.027707808564231738,0.008735110739150759,-0.5234139864454255
ALS28,Chip11,Chip9,Inh_PVALB,0.05182785747339195,0.060453400503778336,0.008625543030386387,-0.2181939438202958
ALS28,Chip11,Chip9,Inh_SST,0.015270708005552984,0.02518891687657431,0.009918208871021324,-0.6866793638369921
ALS28,Chip11,Chip9,Inh_TAFA1_VIP,0.02822767237390097,0.04030226700251889,0.012074594628617919,-0.4988860298622308
ALS28,Chip11,Chip9,Microglia,0.006941230911614993,0.010075566750629723,0.0031343358390147295,-0.47994597385429627
ALS28,Chip11,Chip9,OPC,0.03146691346598797,0.06801007556675064,0.036543162100762666,-1.0878367743789854
ALS28,Chip11,Chip9,Oligodendrocytes,0.08283202221193892,0.11335012594458438,0.030518103732645463,-0.4478846187942449
HC1,Chip10,Chip3,Astrocytes,0.05475763016157989,0.11842105263157894,0.06366342246999905,-1.0988160409713592
HC1,Chip10,Chip3,Exc_FEZF2,0.011669658886894075,0.0,0.011669658886894075,3.6633057773131172
HC1,Chip10,Chip3,Exc_LINC00507,0.14183123877917414,0.319377990430622,0.17754675165144784,-1.1654634924811642
HC1,Chip10,Chip3,Exc_RORB,0.0466786355475763,0.05382775119617225,0.007149115648595952,-0.20156335177249277
HC1,Chip10,Chip3,Exc_THEMIS,0.010771992818671455,0.0,0.010771992818671455,3.557286662183996
HC1,Chip10,Chip3,Inh_LAMP5_PAX6,0.017504488330341114,0.04066985645933014,0.023165368128989026,-1.1711288863104825
HC1,Chip10,Chip3,Inh_PVALB,0.024685816876122084,0.05502392344497608,0.030338106568853995,-1.125071065303743
HC1,Chip10,Chip3,Inh_SST,0.026481149012567325,0.056220095693779906,0.02973894668121258,-1.0580795845510136
HC1,Chip10,Chip3,Inh_TAFA1_VIP,0.03680430879712747,0.09449760765550239,0.05769329885837492,-1.3369139152024543
HC1,Chip10,Chip3,Microglia,0.026481149012567325,0.028708133971291867,0.002226984958724542,-0.11241566354307611
HC1,Chip10,Chip3,OPC,0.03500897666068223,0.039473684210526314,0.004464707549844085,-0.16862757947888987
HC1,Chip10,Chip3,Oligodendrocytes,0.5673249551166966,0.1937799043062201,0.37354505081047645,1.5448712250467918
HC10,Chip11,Chip5,Astrocytes,0.050490374137304755,0.06152805949966193,0.011037685362357177,-0.2802009922144609
HC10,Chip11,Chip5,Exc_FEZF2,0.00980748274609517,0.027721433400946585,0.017913950654851414,-1.4100972185524314
HC10,Chip11,Chip5,Exc_LINC00507,0.26080639302579006,0.12035158891142664,0.14045480411436342,1.1093073282747428
HC10,Chip11,Chip5,Exc_RORB,0.09226298583363603,0.3076402974983097,0.21537731166467367,-1.7265499154060262
HC10,Chip11,Chip5,Exc_THEMIS,0.0025426807119505995,0.0196078431372549,0.0170651624253043,-2.5402801651747318
HC10,Chip11,Chip5,Inh_LAMP5_PAX6,0.02905920813657828,0.025016903313049357,0.004042304823528922,0.2083577500728519
HC10,Chip11,Chip5,Inh_PVALB,0.05811841627315656,0.045300878972278566,0.012817537300877993,0.3525680398009561
HC10,Chip11,Chip5,Inh_SST,0.051216854340719216,0.030425963488843813,0.020790890851875403,0.732558572193349
HC10,Chip11,Chip5,Inh_TAFA1_VIP,0.07301126044315293,0.03989181879648411,0.033119441646668815,0.8559325534366669
HC10,Chip11,Chip5,Microglia,0.02687976752633491,0.01555104800540906,0.011328719520925849,0.7522959606669267
HC10,Chip11,Chip5,OPC,0.03450780966218671,0.03380662609871535,0.0007011835634713609,0.028774392422490018
HC10,Chip11,Chip5,Oligodendrocytes,0.3112967671630948,0.27315753887762,0.03813922828547478,0.18791248902929206
HC11,Chip11,Chip5,Astrocytes,0.08115942028985507,0.09838107098381071,0.017221650693955648,-0.2745450870747109
HC11,Chip11,Chip5,Exc_FEZF2,0.003381642512077295,0.0,0.003381642512077295,2.1314717830291974
HC11,Chip11,Chip5,Exc_LINC00507,0.3217391304347826,0.32129514321295144,0.0004439872218311436,0.0019860596265352665
HC11,Chip11,Chip5,Exc_RORB,0.11594202898550725,0.1843088418430884,0.06836681285758116,-0.6641381919758009
HC11,Chip11,Chip5,Inh_LAMP5_PAX6,0.030917874396135265,0.0361145703611457,0.005196695965010437,-0.217621091287282
HC11,Chip11,Chip5,Inh_PVALB,0.04782608695652174,0.053549190535491904,0.005723103578970164,-0.15990562685991166
HC11,Chip11,Chip5,Inh_SST,0.0463768115942029,0.033623910336239106,0.012752901257963793,0.45241244189272267
HC11,Chip11,Chip5,Inh_TAFA1_VIP,0.08019323671497584,0.07721046077210461,0.0029827759428712325,0.05399797473284063
HC11,Chip11,Chip5,Microglia,0.00966183574879227,0.009962640099626401,0.00030080435083413085,-0.04013941815402218
HC11,Chip11,Chip5,OPC,0.03961352657004831,0.038605230386052306,0.0010082961839960047,0.03626933583596652
HC11,Chip11,Chip5,Oligodendrocytes,0.22318840579710145,0.14694894146948942,0.07623946432761203,0.5996122946548271
HC12,Chip11,Chip5,Astrocytes,0.04609218436873747,0.07330567081604426,0.02721348644730679,-0.6579846741780336
HC12,Chip11,Chip5,Exc_FEZF2,0.00250501002004008,0.0013831258644536654,0.0011218841555864147,0.5565634193105614
HC12,Chip11,Chip5,Exc_LINC00507,0.4438877755511022,0.38865836791147995,0.05522940763962225,0.19123165871650227
HC12,Chip11,Chip5,Exc_RORB,0.09619238476953908,0.14522821576763487,0.04903583099809579,-0.5893065312140083
HC12,Chip11,Chip5,Inh_LAMP5_PAX6,0.037575150300601205,0.034578146611341634,0.002997003689259571,0.11668042039858449
HC12,Chip11,Chip5,Inh_PVALB,0.0656312625250501,0.04702627939142462,0.018604983133625477,0.4723751830239096
HC12,Chip11,Chip5,Inh_SST,0.05460921843687375,0.03734439834024896,0.017264820096624785,0.5363082282755931
HC12,Chip11,Chip5,Inh_TAFA1_VIP,0.09869739478957916,0.09681881051175657,0.001878584277822587,0.027443884353421193
HC12,Chip11,Chip5,Microglia,0.018537074148296594,0.0318118948824343,0.013274820734137705,-0.7480044847142066
HC12,Chip11,Chip5,OPC,0.03006012024048096,0.04702627939142462,0.01696615915094366,-0.6287606322154109
HC12,Chip11,Chip5,Oligodendrocytes,0.1062124248496994,0.09681881051175657,0.009393614337942821,0.13228828288319264
HC15,Chip12,Chip5,Astrocytes,0.20270270270270271,0.11940298507462686,0.08329971762807585,0.7585939615717201
HC15,Chip12,Chip5,Exc_FEZF2,0.1891891891891892,0.14925373134328357,0.03993545784590563,0.340034423559895
HC15,Chip12,Chip5,Exc_LINC00507,0.006756756756756757,0.14925373134328357,0.14249697458652683,-4.2758034474422075
HC15,Chip12,Chip5,Exc_RORB,0.02702702702702703,0.08955223880597014,0.06252521177894312,-1.691931592390868
HC15,Chip12,Chip5,Exc_THEMIS,0.04054054054054054,0.11940298507462686,0.07886244453408632,-1.5352792660744352
HC15,Chip12,Chip5,Inh_LAMP5_PAX6,0.07432432432432433,0.07462686567164178,0.00030254134731745597,-0.005783001589910054
HC15,Chip12,Chip5,Inh_PVALB,0.033783783783783786,0.014925373134328358,0.018858410649455426,1.1270877022250996
HC15,Chip12,Chip5,Inh_SST,0.060810810810810814,0.07462686567164178,0.01381605486083097,-0.2910396382820465
HC15,Chip12,Chip5,Inh_TAFA1_VIP,0.02702702702702703,0.07462686567164178,0.047599838644614756,-1.4320801098804934
HC15,Chip12,Chip5,Microglia,0.10810810810810811,0.014925373134328358,0.09318273497377975,2.776359235484908
HC15,Chip12,Chip5,OPC,0.0472972972972973,0.05970149253731343,0.012404195240016132,-0.32978953159181973
HC15,Chip12,Chip5,Oligodendrocytes,0.18243243243243243,0.05970149253731343,0.12273093989511899,1.5954448471534048
HC18,Chip12,Chip6,Astrocytes,0.06588921282798833,0.043968432919954906,0.021920779908033428,0.5728609581020071
HC18,Chip12,Chip6,Exc_FEZF2,0.09271137026239067,0.02705749718151071,0.06565387308087996,1.7398377830397165
HC18,Chip12,Chip6,Exc_LINC00507,0.0011661807580174927,0.038331454340473504,0.03716527358245601,-4.182457993636801
HC18,Chip12,Chip6,Exc_RORB,0.022740524781341108,0.6189402480270575,0.5961997232457164,-4.7067054392521
HC18,Chip12,Chip6,Exc_THEMIS,0.11370262390670553,0.04171364148816235,0.07198898241854318,1.4251295912770119
HC18,Chip12,Chip6,Inh_LAMP5_PAX6,0.023323615160349854,0.004509582863585118,0.018814032296764736,2.142342668949421
HC18,Chip12,Chip6,Inh_PVALB,0.016909620991253645,0.016910935738444193,1.3147471905478048e-06,-0.0001059045099154154
HC18,Chip12,Chip6,Inh_SST,0.026822157434402333,0.007891770011273957,0.018930387423128376,1.6456917580497192
HC18,Chip12,Chip6,Inh_TAFA1_VIP,0.011078717201166181,0.007891770011273957,0.003186947189892224,0.44192470576825654
HC18,Chip12,Chip6,Microglia,0.013994169096209912,0.010146561443066516,0.0038476076531433964,0.4278028495793299
HC18,Chip12,Chip6,OPC,0.04314868804664723,0.046223224351747465,0.0030745363051002325,-0.09712598424527857
HC18,Chip12,Chip6,Oligodendrocytes,0.5685131195335277,0.13641488162344984,0.43209823791007784,2.051190824616279
HC2,Chip10,Chip3,Astrocytes,0.08791208791208792,0.08315450643776824,0.004757581474319678,0.0793390425455041
HC2,Chip10,Chip3,Exc_FEZF2,0.017582417582417582,0.000536480686695279,0.017045936895722303,3.5962366716013108
HC2,Chip10,Chip3,Exc_LINC00507,0.23736263736263735,0.3471030042918455,0.10974036692920813,-0.5463561499015812
HC2,Chip10,Chip3,Exc_RORB,0.12307692307692308,0.05257510729613734,0.07050181578078574,1.2116000759029157
HC2,Chip10,Chip3,Exc_THEMIS,0.018461538461538463,0.0,0.018461538461538463,4.282553856553218
HC2,Chip10,Chip3,Inh_LAMP5_PAX6,0.03824175824175824,0.04560085836909871,0.007359100127340472,-0.24796684548763445
HC2,Chip10,Chip3,Inh_PVALB,0.05450549450549451,0.04667381974248927,0.007831674763005239,0.21943336906794064
HC2,Chip10,Chip3,Inh_SST,0.03912087912087912,0.03540772532188841,0.0037131537989907107,0.1401086113028687
HC2,Chip10,Chip3,Inh_TAFA1_VIP,0.08615384615384615,0.10139484978540772,0.01524100363156157,-0.23250691516847807
HC2,Chip10,Chip3,Microglia,0.02989010989010989,0.06706008583690987,0.03716997594679998,-1.139663967526799
HC2,Chip10,Chip3,OPC,0.03428571428571429,0.048283261802575105,0.013997547516860817,-0.4820135290284577
HC2,Chip10,Chip3,Oligodendrocytes,0.2334065934065934,0.17221030042918456,0.061196292977408834,0.43648842410414046
HC21,Chip11,Chip7,Astrocytes,0.03486529318541997,0.02357320099255583,0.011292092192864138,0.5455026237854158
HC21,Chip11,Chip7,Exc_FEZF2,0.098256735340729,0.028535980148883373,0.06972075519184562,1.7486915151836697
HC21,Chip11,Chip7,Exc_LINC00507,0.1664025356576862,0.41811414392059554,0.25171160826290934,-1.3240218285253176
HC21,Chip11,Chip7,Exc_RORB,0.21473851030110935,0.1488833746898263,0.06585513561128306,0.5254433610283303
HC21,Chip11,Chip7,Exc_THEMIS,0.09033280507131537,0.03225806451612903,0.05807474055518634,1.4574289308435648
HC21,Chip11,Chip7,Inh_LAMP5_PAX6,0.045166402535657686,0.03722084367245657,0.007945558863201113,0.27248369222720425
HC21,Chip11,Chip7,Inh_PVALB,0.08399366085578447,0.062034739454094295,0.021958921401690173,0.4312081035644284
HC21,Chip11,Chip7,Inh_SST,0.05071315372424723,0.03722084367245657,0.013492310051790656,0.4361716660215512
HC21,Chip11,Chip7,Inh_TAFA1_VIP,0.05229793977812995,0.07692307692307693,0.024625137144946976,-0.547970878816762
HC21,Chip11,Chip7,Microglia,0.03645007923930269,0.04962779156327544,0.013177712323972746,-0.4349607825329252
HC21,Chip11,Chip7,OPC,0.05705229793977813,0.04590570719602978,0.011146590743748352,0.3075897041817184
HC21,Chip11,Chip7,Oligodendrocytes,0.06973058637083994,0.03970223325062035,0.030028353120219592,0.7972262671139112
HC23,Chip12,Chip7,Astrocytes,0.026517383618149676,0.02599388379204893,0.000523499826100747,0.027710741594745257
HC23,Chip12,Chip7,Exc_FEZF2,0.04419563936358279,0.05045871559633028,0.006263076232747487,-0.18723186502342332
HC23,Chip12,Chip7,Exc_LINC00507,0.1974071891573365,0.19877675840978593,0.0013695692524494374,-0.009924451111554428
HC23,Chip12,Chip7,Exc_RORB,0.1585150265173836,0.1452599388379205,0.013255087679463123,0.1251576702491954
HC23,Chip12,Chip7,Exc_THEMIS,0.054213317619328225,0.05504587155963303,0.000832553940304806,-0.021591814027977527
HC23,Chip12,Chip7,Inh_LAMP5_PAX6,0.05126694166175604,0.06269113149847094,0.0114241898367149,-0.2851937580732487
HC23,Chip12,Chip7,Inh_PVALB,0.07778432527990571,0.04892966360856269,0.02885466167134302,0.6580114366360327
HC23,Chip12,Chip7,Inh_SST,0.037124337065409546,0.04281345565749235,0.005689118592082806,-0.2006617563612371
HC23,Chip12,Chip7,Inh_TAFA1_VIP,0.05774896876841485,0.05045871559633028,0.007290253172084572,0.19114807998777963
HC23,Chip12,Chip7,Microglia,0.011196228638774307,0.009174311926605505,0.0020219167121688017,0.26150387095615213
HC23,Chip12,Chip7,OPC,0.0713022981732469,0.0764525993883792,0.005150301215132297,-0.09927215328811692
HC23,Chip12,Chip7,Oligodendrocytes,0.21272834413671185,0.23394495412844038,0.02121660999172853,-0.13654453614666792
HC24,Chip12,Chip7,Astrocytes,0.030989824236817762,0.018518518518518517,0.012471305718299245,0.7127695112223766
HC24,Chip12,Chip7,Exc_FEZF2,0.021739130434782608,0.03292181069958848,0.011182680264805872,-0.5770360957304872
HC24,Chip12,Chip7,Exc_LINC00507,0.2567067530064755,0.2088477366255144,0.0478590163809611,0.2963874397064021
HC24,Chip12,Chip7,Exc_RORB,0.10522664199814986,0.10493827160493827,0.0002883703932115983,0.003921768075109484
HC24,Chip12,Chip7,Exc_THEMIS,0.019195189639222943,0.02263374485596708,0.003438555216744136,-0.22683655442520026
HC24,Chip12,Chip7,Inh_LAMP5_PAX6,0.039777983348751156,0.0205761316872428,0.019201851661508357,0.9183541974584094
HC24,Chip12,Chip7,Inh_PVALB,0.06313598519888991,0.06481481481481481,0.001678829615924901,-0.037278322571793
HC24,Chip12,Chip7,Inh_SST,0.03584643848288622,0.0257201646090535,0.01012627387383272,0.46359628195742864
HC24,Chip12,Chip7,Inh_TAFA1_VIP,0.0709990749306198,0.060699588477366256,0.010299486453253542,0.22271750347251815
HC24,Chip12,Chip7,Microglia,0.01757631822386679,0.027777777777777776,0.010201459553910986,-0.6314905995671319
HC24,Chip12,Chip7,OPC,0.06567992599444958,0.05452674897119342,0.011153177023256161,0.2640695729045451
HC24,Chip12,Chip7,Oligodendrocytes,0.2731267345050879,0.35802469135802467,0.08489795685293677,-0.38924003112773103
HC25,Chip12,Chip8,Astrocytes,0.0646900269541779,0.054945054945054944,0.009744972009122957,0.2316637423425804
HC25,Chip12,Chip8,Exc_FEZF2,0.013477088948787063,0.018315018315018316,0.004837929366231253,-0.41595151092524946
HC25,Chip12,Chip8,Exc_LINC00507,0.2991913746630728,0.22344322344322345,0.07574815121984932,0.41953198690564814
HC25,Chip12,Chip8,Exc_RORB,0.12578616352201258,0.18681318681318682,0.06102702329117424,-0.5669010523191187
HC25,Chip12,Chip8,Exc_THEMIS,0.009883198562443846,0.02564102564102564,0.015757827078581796,-1.2915469994484114
HC25,Chip12,Chip8,Inh_LAMP5_PAX6,0.06019766397124888,0.06593406593406594,0.005736401962817057,-0.1292640703838857
HC25,Chip12,Chip8,Inh_PVALB,0.06918238993710692,0.08058608058608059,0.011403690648973674,-0.21721395776208338
HC25,Chip12,Chip8,Inh_SST,0.018867924528301886,0.02564102564102564,0.006773101112723754,-0.4232084535794457
HC25,Chip12,Chip8,Inh_TAFA1_VIP,0.12309074573225516,0.08791208791208792,0.03517865782016724,0.48094405118428957
HC25,Chip12,Chip8,Microglia,0.02425876010781671,0.02564102564102564,0.001382265533208929,-0.07686580274358451
HC25,Chip12,Chip8,OPC,0.07008086253369272,0.08424908424908426,0.014168221715391532,-0.26222314878503644
HC25,Chip12,Chip8,Oligodendrocytes,0.12129380053908356,0.12087912087912088,0.00041467965996268286,0.004900271993161586
HC26,Chip12,Chip8,Astrocytes,0.028076463560334528,0.030612244897959183,0.0025357813376246548,-0.12063167837756877
HC26,Chip12,Chip8,Exc_FEZF2,0.043010752688172046,0.015306122448979591,0.027704630239192455,1.432442291522285
HC26,Chip12,Chip8,Exc_LINC00507,0.15710872162485065,0.27040816326530615,0.1132994416404555,-0.7795471618734429
HC26,Chip12,Chip8,Exc_RORB,0.25029868578255676,0.26785714285714285,0.017558457074586087,-0.09743667452422045
HC26,Chip12,Chip8,Exc_THEMIS,0.08064516129032258,0.030612244897959183,0.050032916392363395,1.3688838970494488
HC26,Chip12,Chip8,Inh_LAMP5_PAX6,0.028076463560334528,0.02295918367346939,0.005117279886865139,0.2792730573019473
HC26,Chip12,Chip8,Inh_PVALB,0.044802867383512544,0.061224489795918366,0.01642162241240582,-0.4420445782420549
HC26,Chip12,Chip8,Inh_SST,0.019115890083632018,0.03571428571428571,0.016598395630653694,-0.8680059568092685
HC26,Chip12,Chip8,Inh_TAFA1_VIP,0.037037037037037035,0.03826530612244898,0.0012282690854119455,-0.04585027550010733
HC26,Chip12,Chip8,Microglia,0.007168458781362007,0.012755102040816327,0.00558664325945432,-0.7518310396305411
HC26,Chip12,Chip8,OPC,0.03046594982078853,0.04081632653061224,0.010350376709823712,-0.41027483772450546
HC26,Chip12,Chip8,Oligodendrocytes,0.27419354838709675,0.17346938775510204,0.10072416063199471,0.6574727233829222
HC27,Chip12,Chip8,Astrocytes,0.0970873786407767,0.09124087591240876,0.005846502728367939,0.0886612973277841
HC27,Chip12,Chip8,Exc_FEZF2,0.02912621359223301,0.043795620437956206,0.014669406845723196,-0.5723383308314829
HC27,Chip12,Chip8,Exc_LINC00507,0.06310679611650485,0.20072992700729927,0.13762313089079442,-1.6538759126474925
HC27,Chip12,Chip8,Exc_RORB,0.11650485436893204,0.0948905109489051,0.021614343420026938,0.293260396303387
HC27,Chip12,Chip8,Exc_THEMIS,0.019417475728155338,0.032846715328467155,0.013429239600311817,-0.729211320865438
HC27,Chip12,Chip8,Inh_LAMP5_PAX6,0.03398058252427184,0.06204379562043796,0.028063213096166113,-0.8498000820804918
HC27,Chip12,Chip8,Inh_PVALB,0.04854368932038835,0.04744525547445255,0.0010984338459357965,0.03234592326902881
HC27,Chip12,Chip8,Inh_SST,0.0,0.032846715328467155,0.032846715328467155,-5.080943928413999
HC27,Chip12,Chip8,Inh_TAFA1_VIP,0.02912621359223301,0.040145985401459854,0.011019771809226843,-0.44973231483518417
HC27,Chip12,Chip8,Microglia,0.0048543689320388345,0.032846715328467155,0.027992346396428322,-2.5314302636971324
HC27,Chip12,Chip8,OPC,0.06310679611650485,0.08394160583941605,0.0208348097229112,-0.40599407486254474
HC27,Chip12,Chip8,Oligodendrocytes,0.49514563106796117,0.23722627737226276,0.2579193536956984,1.0584310922249303
HC28,Chip11,Chip9,Astrocytes,0.040372670807453416,0.04918032786885246,0.008807657061399042,-0.2784438035042882
HC28,Chip11,Chip9,Exc_FEZF2,0.03260869565217391,0.03278688524590164,0.0001781895937277289,-0.007628804108535602
HC28,Chip11,Chip9,Exc_LINC00507,0.18866459627329193,0.15081967213114755,0.03784492414214438,0.32109166232754655
HC28,Chip11,Chip9,Exc_RORB,0.3113354037267081,0.33114754098360655,0.019812137256898454,-0.08872812316809665
HC28,Chip11,Chip9,Exc_THEMIS,0.052795031055900624,0.019672131147540985,0.033122899908359635,1.3797857920771874
HC28,Chip11,Chip9,Inh_LAMP5_PAX6,0.017080745341614908,0.01639344262295082,0.0006873027186640873,0.055910642656270125
HC28,Chip11,Chip9,Inh_PVALB,0.05201863354037267,0.06557377049180328,0.01355513695143061,-0.32845439165163126
HC28,Chip11,Chip9,Inh_SST,0.03493788819875776,0.03934426229508197,0.00440637409632421,-0.16685787508029112
HC28,Chip11,Chip9,Inh_TAFA1_VIP,0.013975155279503106,0.009836065573770493,0.004139089705732613,0.46672993354310377
HC28,Chip11,Chip9,Microglia,0.013198757763975156,0.03278688524590164,0.019588127481926485,-1.2506986418765087
HC28,Chip11,Chip9,OPC,0.04114906832298137,0.04590163934426229,0.0047525710212809255,-0.15413760816393696
HC28,Chip11,Chip9,Oligodendrocytes,0.20186335403726707,0.20655737704918034,0.0046940230119132675,-0.03300193439961194
HC3,Chip10,Chip3,Astrocytes,0.08095952023988005,0.09491891891891892,0.013959398679038865,-0.22690385916340405
HC3,Chip10,Chip3,Exc_FEZF2,0.02623688155922039,0.030054054054054053,0.0038171724948336642,-0.1892200882581056
HC3,Chip10,Chip3,Exc_LINC00507,0.1469265367316342,0.12194594594594595,0.024980590785688248,0.2668567186840909
HC3,Chip10,Chip3,Exc_RORB,0.09070464767616192,0.1292972972972973,0.038592649621135386,-0.5067404010908487
HC3,Chip10,Chip3,Exc_THEMIS,0.027736131934032984,0.019891891891891892,0.007844240042141092,0.45992273553518626
HC3,Chip10,Chip3,Inh_LAMP5_PAX6,0.025487256371814093,0.021405405405405406,0.004081850966408687,0.24145158185709784
HC3,Chip10,Chip3,Inh_PVALB,0.030984507746126936,0.03783783783783784,0.006853330091710904,-0.2800896061381356
HC3,Chip10,Chip3,Inh_SST,0.02923538230884558,0.030054054054054053,0.0008186717452084748,-0.038543800984273895
HC3,Chip10,Chip3,Inh_TAFA1_VIP,0.05322338830584707,0.03762162162162162,0.01560176668422545,0.48950652640117104
HC3,Chip10,Chip3,Microglia,0.022988505747126436,0.036108108108108106,0.01311960236098167,-0.6293911552070441
HC3,Chip10,Chip3,OPC,0.033233383308345826,0.04108108108108108,0.007847697772735251,-0.2977678866454719
HC3,Chip10,Chip3,Oligodendrocytes,0.43228385807096453,0.39978378378378376,0.03250007428718077,0.11248835375336322
HC30,Chip11,Chip9,Astrocytes,0.023708721422523286,0.03132530120481928,0.007616579782295994,-0.3876434541243886
HC30,Chip11,Chip9,Exc_FEZF2,0.011854360711261643,0.012048192771084338,0.0001938320598226951,-0.02159213928699758
HC30,Chip11,Chip9,Exc_LINC00507,0.2701100762066046,0.28433734939759037,0.014227273190985767,-0.07378986761771965
HC30,Chip11,Chip9,Exc_RORB,0.11515664690939881,0.12771084337349398,0.012554196464095169,-0.14806188715162577
HC30,Chip11,Chip9,Exc_THEMIS,0.00846740050804403,0.0024096385542168677,0.006057761953827163,1.4733495435678912
HC30,Chip11,Chip9,Inh_LAMP5_PAX6,0.03217612193056731,0.02650602409638554,0.005670097834181771,0.2703976366418857
HC30,Chip11,Chip9,Inh_PVALB,0.06604572396274344,0.03855421686746988,0.027491507095273558,0.7613138146267888
HC30,Chip11,Chip9,Inh_SST,0.07197290431837426,0.06746987951807229,0.004503024800301972,0.09189140028456436
HC30,Chip11,Chip9,Inh_TAFA1_VIP,0.07620660457239628,0.0891566265060241,0.01295002193362782,-0.22370926666854787
HC30,Chip11,Chip9,Microglia,0.04487722269263336,0.0746987951807229,0.02982157248808953,-0.7224922821372456
HC30,Chip11,Chip9,OPC,0.08128704487722269,0.05783132530120482,0.023455719576017865,0.4840807768367927
HC30,Chip11,Chip9,Oligodendrocytes,0.19813717188823032,0.18795180722891566,0.01018536465931466,0.0757442291736877
HC31,Chip11,Chip9,Astrocytes,0.10449735449735449,0.09195402298850575,0.012543331508848746,0.18261761117424244
HC31,Chip11,Chip9,Exc_FEZF2,0.09259259259259259,0.04597701149425287,0.046615581098339715,0.9944394146093761
HC31,Chip11,Chip9,Exc_LINC00507,0.015873015873015872,0.20306513409961685,0.18719211822660098,-3.5962399410203205
HC31,Chip11,Chip9,Exc_RORB,0.12169312169312169,0.1532567049808429,0.031563583287721214,-0.3302788272215359
HC31,Chip11,Chip9,Exc_THEMIS,0.1283068783068783,0.034482758620689655,0.09382411968618866,1.8656089374356142
HC31,Chip11,Chip9,Inh_LAMP5_PAX6,0.026455026455026454,0.019157088122605363,0.007297938332421091,0.44578305815277114
HC31,Chip11,Chip9,Inh_PVALB,0.05291005291005291,0.05747126436781609,0.004561211457763184,-0.11717346262294204
HC31,Chip11,Chip9,Inh_SST,0.04894179894179894,0.019157088122605363,0.029784710819193577,1.3089605459034572
HC31,Chip11,Chip9,Inh_TAFA1_VIP,0.017195767195767195,0.022988505747126436,0.005792738551359242,-0.39874041300538865
HC31,Chip11,Chip9,Microglia,0.007936507936507936,0.007662835249042145,0.00027367268746579087,0.044871908398668774
HC31,Chip11,Chip9,OPC,0.037037037037037035,0.07279693486590039,0.03575989782886335,-0.9561560263462443
HC31,Chip11,Chip9,Oligodendrocytes,0.34656084656084657,0.2720306513409962,0.07453019521985038,0.34820264671927154
HC4,Chip10,Chip3,Astrocytes,0.08883647798742138,0.14520266803488968,0.056366190047468304,-0.7025963655717274
HC4,Chip10,Chip3,Exc_FEZF2,0.018081761006289308,0.001026167265264238,0.01705559374102507,3.2353691377602196
HC4,Chip10,Chip3,Exc_LINC00507,0.2511792452830189,0.2883530015392509,0.03717375625623204,-0.19838106500175423
HC4,Chip10,Chip3,Exc_RORB,0.09787735849056604,0.061056952283222166,0.03682040620734388,0.6720473566157422
HC4,Chip10,Chip3,Exc_THEMIS,0.020440251572327043,0.0,0.020440251572327043,4.4222499288555905
HC4,Chip10,Chip3,Inh_LAMP5_PAX6,0.03734276729559748,0.04361210877373012,0.006269341478132635,-0.21848088084805156
HC4,Chip10,Chip3,Inh_PVALB,0.03812893081761006,0.04771677783478707,0.009587847017177006,-0.3161830257262793
HC4,Chip10,Chip3,Inh_SST,0.035770440251572326,0.03386351975371986,0.001906920497852467,0.07682822147115002
HC4,Chip10,Chip3,Inh_TAFA1_VIP,0.06289308176100629,0.07491021036428938,0.012017128603283092,-0.24863422260074863
HC4,Chip10,Chip3,Microglia,0.014150943396226415,0.049769112365315546,0.035618168969089134,-1.7445434084957194
HC4,Chip10,Chip3,OPC,0.029874213836477988,0.04925602873268343,0.01938181489620544,-0.7028942717348331
HC4,Chip10,Chip3,Oligodendrocytes,0.30542452830188677,0.20523345305284763,0.10019107524903914,0.5712534142795539
HC9,Chip11,Chip5,Astrocytes,0.1023936170212766,0.0832517140058766,0.019141903015400002,0.29536918228412246
HC9,Chip11,Chip5,Exc_FEZF2,0.0,0.012732615083251714,0.012732615083251714,-3.7795344769925103
HC9,Chip11,Chip5,Exc_LINC00507,0.38231382978723405,0.1762977473065622,0.20601608248067185,1.1123518449622003
HC9,Chip11,Chip5,Exc_RORB,0.036569148936170214,0.15083251714005877,0.11426336820388855,-2.0148604582411926
HC9,Chip11,Chip5,Exc_THEMIS,0.0,0.010773751224289911,0.010773751224289911,-3.5575021442741526
HC9,Chip11,Chip5,Inh_LAMP5_PAX6,0.0598404255319149,0.030362389813907934,0.029478035718006963,0.9559947466433888
HC9,Chip11,Chip5,Inh_PVALB,0.04654255319148936,0.04113614103819784,0.005406412153291518,0.17416118922493173
HC9,Chip11,Chip5,Inh_SST,0.026595744680851064,0.01665034280117532,0.009945401879675745,0.6447496142042376
HC9,Chip11,Chip5,Inh_TAFA1_VIP,0.0990691489361702,0.04897159647404505,0.050097552462125154,1.0018170489049107
HC9,Chip11,Chip5,Microglia,0.028590425531914893,0.015670910871694418,0.012919514660220476,0.8277975106794997
HC9,Chip11,Chip5,OPC,0.027925531914893616,0.023506366307541625,0.004419165607351991,0.23918690565172518
HC9,Chip11,Chip5,Oligodendrocytes,0.1901595744680851,0.38981390793339865,0.19965433346531355,-1.0317043483710655
