subtype,n_nuclei,n_peaks_detected,median_nuclei_per_peak,q25,q75,frac_peaks_in_1_nucleus
Inh_VIP_TAC3,150,126026,2.0,1.0,5.0,0.36002888292891944
Exc_FEZF2_PKD2L1,150,144101,2.0,1.0,5.0,0.31583403307402447
Inh_VIP_BSPRY,150,125884,2.0,1.0,5.0,0.36238123987162785
Inh_TAFA1_FSTL5,150,128087,2.0,1.0,5.0,0.3613637605689883
Inh_TAFA1_ALCAM,150,134710,2.0,1.0,5.0,0.3448073639670403
Inh_SST_SGCZ,150,128577,2.0,1.0,5.0,0.3663407918990177
Inh_SST_PAWR,150,128825,2.0,1.0,5.0,0.36173103046768873
Inh_SST_EPB41L4A,150,129666,2.0,1.0,5.0,0.35933089630280873
Inh_PVALB_KCNIP2,150,142183,2.0,1.0,5.0,0.3251795221650971
Inh_LAMP5_RAB11FIP1,150,134560,2.0,1.0,5.0,0.33590963139120095
Inh_LAMP5_NMBR,150,132613,2.0,1.0,4.0,0.36068107953217254
Inh_LAMP5_CHST9,150,138390,2.0,1.0,5.0,0.33249512247994795
Inh_VIP_EXPH5,150,125240,2.0,1.0,5.0,0.35780900670712235
Exc_FEZF2_NTNG1,150,154478,3.0,1.0,6.0,0.27217467859501027
Exc_RORB_TNNT2,150,147152,3.0,1.0,5.0,0.29260900293573994
Exc_RORB_RTKN2,150,137247,3.0,1.0,6.0,0.3134276159041728
Exc_RORB_LNX2,150,151606,3.0,1.0,5.0,0.2824558394786486
Exc_RORB_CUX2,150,151974,3.0,1.0,6.0,0.275790595759801
Exc_RORB_ADGRL4,150,148073,3.0,1.0,6.0,0.29266645505932887
Exc_LINC00507_FREM3,150,151259,3.0,1.0,5.0,0.2837517106420114
Exc_LINC00507_AP001977.1,150,156079,3.0,1.0,5.0,0.27599484876248565
Exc_FEZF2_ZFHX3,150,150149,3.0,1.0,5.0,0.2886799112881205
Exc_FEZF2_TRPM3,150,151248,3.0,1.0,5.0,0.29587168094784727
Exc_THEMIS_LINC00343,150,151322,3.0,1.0,6.0,0.28087125467546026
Exc_THEMIS_SMYD1,150,147012,3.0,1.0,5.0,0.2998190623894648
