cohort,celltype,n,seed,depth_atac,depth_rna,n_tested_all,prox_tested_all,n_tested_var,prox_tested_var,n_links,prox_links,OR,lo,hi,OR_varpeaks,lo_varpeaks,hi_varpeaks
primary,Exc_LINC00507_FREM3,150,0,5564,5265,591848,6085,437592,5851,1135,11,0.9843837148118195,0.46829353538698926,1.681132420994558,0.7545620644218455,0.35896219279141656,1.2886425598727484
primary,Exc_LINC00507_FREM3,150,1,5564,5265,597361,6145,448644,5917,1192,9,0.7722264380423787,0.36425259193624854,1.3492155434703343,0.6005560901202976,0.28327716023808647,1.0492772218083648
primary,Exc_LINC00507_FREM3,150,2,5564,5265,591955,6065,445389,5821,1145,5,0.4658190538759417,0.2111804392199036,0.893206777139085,0.3641321797537835,0.1650803955198116,0.698222470773227
primary,Exc_LINC00507_FREM3,400,0,5564,5265,577802,5924,525704,5854,779,6,0.8111573433491888,0.31037853330724585,1.5721127664259522,0.7461767181891973,0.2855145641945803,1.446173118314568
primary,Exc_LINC00507_FREM3,400,1,5564,5265,584158,6012,531145,5937,752,8,1.0978349057328238,0.4490339921694158,2.0209356496000566,1.009909243222226,0.41307083318703697,1.8590787939339875
primary,Exc_LINC00507_FREM3,400,2,5564,5265,581387,5963,525094,5892,650,3,0.5215733550268639,0.07416684910066858,1.1246045533796016,0.47628341111582523,0.06772669566212733,1.165689749384646
primary,Exc_LINC00507_FREM3,900,0,5564,5265,580125,5951,565949,5933,400,6,1.589585205378457,0.60524212288563,3.1041053535382694,1.5550924948384945,0.5921088593898138,3.036748783357025
primary,Exc_LINC00507_FREM3,900,1,5564,5265,583929,5989,570130,5967,488,9,1.9117343951149828,0.8962131097842276,3.3695716180564665,1.8730421517666296,0.8780743475040889,3.3013737107746324
primary,Exc_LINC00507_FREM3,900,2,5564,5265,580923,5952,566618,5938,461,9,2.027925218291214,0.9500978373875145,3.577528893866567,1.9821828437618183,0.9286671994501012,3.496833281880011
primary,Exc_LINC00507_FREM3,2400,0,5564,5265,578891,5915,577735,5912,380,21,5.792751745167719,3.55812971456861,8.72988907079423,5.784028322164622,3.552771454459162,8.71674255278607
primary,Exc_LINC00507_FREM3,2400,1,5564,5265,580766,5963,579628,5962,412,24,6.078455499181583,4.011057916321769,8.785599295759907,6.067449336128582,3.997492251270582,8.769691350331913
primary,Exc_LINC00507_FREM3,2400,2,5564,5265,578801,5928,577740,5925,353,20,5.939801500110196,3.5369849664085105,8.792730926402212,5.931833382945689,3.532240176431788,8.772800147283313
primary,Exc_LINC00507_FREM3,5000,0,5564,5265,579180,5943,579112,5943,716,53,7.776876121026377,5.774036814146219,10.187624222155184,7.7759535931452985,5.773351872035205,10.022254404495294
primary,Exc_LINC00507_FREM3,5000,1,5564,5265,576648,5907,576586,5907,776,48,6.432027676740274,4.762154964434537,8.45110516781487,6.431328961619755,4.761637648613285,8.450187119065296
primary,Exc_LINC00507_FREM3,5000,2,5564,5265,578007,5917,577972,5917,723,50,7.249035848961328,5.429748822630153,9.455214468079381,7.2485923592429815,5.280689413891112,9.454636006268911
primary,Exc_LINC00507_FREM3,7500,0,5564,5265,576737,5918,576727,5918,1389,77,5.694945067323204,4.388884802699372,7.115222176028038,5.694845299444438,4.464708380924698,7.0371576913590514
primary,Exc_LINC00507_FREM3,7500,1,5564,5265,577361,5922,577349,5922,1391,66,4.840688103392573,3.7068550021893194,6.157124512857371,4.840586450886506,3.7815744331054773,6.156995215715409
primary,Exc_LINC00507_FREM3,7500,2,5564,5265,575483,5894,575478,5894,1451,75,5.300120440175889,4.1289228174698955,6.5747239581745855,5.300073914384595,4.12888657274613,6.650635688315774
primary,Oligodendrocytes,150,0,5564,5265,454995,4758,252011,4507,652,6,0.951297637207355,0.3636338452400846,1.8465559432371195,0.5520675131547962,0.21102799459266583,1.0716136649690018
primary,Oligodendrocytes,150,1,5564,5265,461483,4840,261581,4583,895,4,0.47618775332431545,0.15819690034977724,1.0109552246266738,0.2830248175546892,0.09402520024222301,0.60086681358026
primary,Oligodendrocytes,150,2,5564,5265,453630,4777,256544,4516,781,5,0.6654648941651058,0.3013198963899963,1.402261846185087,0.3952472614365485,0.17896641116419612,0.7594531866629445
primary,Oligodendrocytes,400,0,5564,5265,448061,4689,333984,4574,790,6,0.7833622175464748,0.29976472350871153,1.5180763293938282,0.5966425402101223,0.22831377630107846,1.156232579405269
primary,Oligodendrocytes,400,1,5564,5265,451265,4719,337036,4617,840,5,0.6228549705504538,0.16906015308730438,1.311753251310515,0.4739099456734634,0.1286323329720652,0.9980700828575932
primary,Oligodendrocytes,400,2,5564,5265,445555,4671,333529,4568,815,7,0.8754870303623381,0.40654923883779714,1.5876589100140943,0.6679634254330544,0.31018166205032793,1.211323580103083
primary,Oligodendrocytes,900,0,5564,5265,447257,4671,394651,4632,924,14,1.5087936987832617,0.8786749916894,2.3619849010754495,1.3407843907782118,0.7808315440171775,2.098969851988166
primary,Oligodendrocytes,900,1,5564,5265,447814,4679,394529,4641,885,16,1.7970139538433114,1.0263814076118316,2.806250251834019,1.5940297725281027,0.9104450848606034,2.489266397192346
primary,Oligodendrocytes,900,2,5564,5265,444327,4649,389761,4606,948,12,1.2622088143975432,0.6521702370666479,2.0878578671842876,1.1160078764720502,0.5766297248640414,1.8460224632831053
primary,Oligodendrocytes,2400,0,5564,5265,443955,4640,432122,4638,941,37,3.9249528673838006,2.740307344373979,5.250597452643378,3.820898561341544,2.7713526689314887,5.220508919380461
primary,Oligodendrocytes,2400,1,5564,5265,442587,4630,430494,4625,814,39,4.817473928054331,3.4272849393443083,6.512137095275269,4.689571329734441,3.3362914735837563,6.210349478493166
primary,Oligodendrocytes,2400,2,5564,5265,443590,4640,432020,4634,879,40,4.563363809030714,3.16600049742043,6.122963847130133,4.448895821155406,3.1986418224535726,5.972348244125394
