donor,ct,floor,n_eff,n_genes
H20.33.008,Astrocyte,0.8809800148010254,26.88,24278
H20.33.008,Chandelier,0.7246193885803223,26.440677966101692,18601
H20.33.008,Immune,0.9128429293632507,27.580645161290324,19434
H20.33.008,L2/3 IT,0.13723516464233398,773.4531126871552,31513
H20.33.008,L4 IT,0.1383398473262787,505.0265870862724,31154
H20.33.008,L5 IT,0.13927432894706726,357.47655583972715,31328
H20.33.008,L5/6 NP,0.38272151350975037,76.82412060301507,24928
H20.33.008,L6 CT,0.2800941467285156,42.675862068965515,26470
H20.33.008,L6 IT,0.19181567430496216,96.0,28617
H20.33.008,L6 IT Car3,0.25754809379577637,60.21052631578947,26720
H20.33.008,L6b,0.3540177345275879,20.72727272727273,25811
H20.33.008,Lamp5,0.8549637794494629,46.49999999999999,19673
H20.33.008,Lamp5 Lhx6,0.5442719459533691,44.49523809523809,21344
H20.33.008,OPC,1.0825879573822021,11.46268656716418,20802
H20.33.008,Oligodendrocyte,0.4092758893966675,138.03861003861005,23323
H20.33.008,Pvalb,0.26522397994995117,195.95753715498938,26823
H20.33.008,Sncg,1.0129451751708984,20.425531914893618,15981
H20.33.008,Sst,0.7015100717544556,74.78666666666666,21092
H20.33.008,Vip,0.2821325659751892,171.77937649880096,26700
H20.33.011,Endothelial,1.9351387023925781,6.857142857142858,11410
H20.33.011,L5 ET,0.4778604507446289,12.692307692307692,22579
H20.33.011,VLMC & Perivascular,2.734027624130249,7.764705882352941,12401
H20.33.012,L5 ET,0.49487924575805664,12.692307692307692,21381
H20.33.024,Astrocyte,0.7106170654296875,37.76315789473684,19151
H20.33.024,Chandelier,0.46812307834625244,57.854304635761586,24027
H20.33.024,Immune,0.8104496002197266,56.23931623931624,18264
H20.33.024,L2/3 IT,0.10899793356657028,1566.230985915493,32936
H20.33.024,L4 IT,0.14852747321128845,724.3717277486911,31471
H20.33.024,L5 ET,0.5992404222488403,12.48,22764
H20.33.024,L5 IT,0.13937678933143616,633.3830455259027,32133
H20.33.024,L5/6 NP,0.30167150497436523,87.31182795698925,26823
H20.33.024,L6 CT,0.22208118438720703,125.8015873015873,28263
H20.33.024,L6 IT,0.16120398044586182,289.46689303904924,30805
H20.33.024,L6 IT Car3,0.22819718718528748,149.6051779935275,28292
H20.33.024,L6b,0.22497397661209106,130.29545454545453,28597
H20.33.024,Lamp5,0.26220783591270447,201.4814814814815,27230
H20.33.024,Lamp5 Lhx6,0.25495004653930664,166.23631123919307,27707
H20.33.024,OPC,0.6259844303131104,56.89655172413792,20552
H20.33.024,Oligodendrocyte,0.2049943506717682,1171.5200648561004,28183
H20.33.024,Pax6,0.5646519660949707,38.769230769230774,22475
H20.33.024,Pvalb,0.14466190338134766,566.6345177664974,30603
H20.33.024,Sncg,0.4842842221260071,76.56497175141243,23623
H20.33.024,Sst,0.18056029081344604,484.39809523809527,29374
H20.33.024,Sst Chodl,0.6505861282348633,16.61111111111111,20729
H20.33.024,Vip,0.1869136095046997,496.1354359925789,29844
H20.33.029,Astrocyte,0.3016696572303772,226.46696035242294,26747
H20.33.029,Chandelier,0.47577500343322754,60.16528925619835,21121
H20.33.029,Immune,0.5100891590118408,171.92528735632183,22999
H20.33.029,L2/3 IT,0.07633185386657715,1552.5673940949935,32000
H20.33.029,L4 IT,0.10772240161895752,734.395649218219,30631
H20.33.029,L5 ET,0.5603870749473572,9.9,23227
H20.33.029,L5 IT,0.11251640319824219,469.5647558386412,31041
H20.33.029,L5/6 NP,0.26372796297073364,76.95483870967742,25845
H20.33.029,L6 CT,0.39702415466308594,36.15584415584416,23832
H20.33.029,L6 IT,0.18916188180446625,93.73404255319149,27470
H20.33.029,L6 IT Car3,0.3327597975730896,44.359550561797754,25736
H20.33.029,L6b,0.5398976802825928,17.11111111111111,22329
H20.33.029,Lamp5,0.41623520851135254,133.54814814814813,22399
H20.33.029,Lamp5 Lhx6,0.4072844386100769,53.333333333333336,23550
H20.33.029,OPC,0.43037736415863037,112.90829694323143,24284
H20.33.029,Oligodendrocyte,0.29423075914382935,413.8454106280193,25569
H20.33.029,Pax6,0.5060018301010132,33.46478873239437,21020
H20.33.029,Pvalb,0.156094491481781,379.92660550458714,28646
H20.33.029,Sncg,0.48970460891723633,94.05291005291006,21681
H20.33.029,Sst,0.2998160421848297,251.3214990138067,26003
H20.33.029,VLMC & Perivascular,1.2737913131713867,15.757575757575758,15835
H20.33.029,Vip,0.15382593870162964,482.9391124871001,28806
H20.33.031,Astrocyte,0.2633485794067383,334.3283582089552,27605
H20.33.031,Chandelier,0.5015068054199219,43.82608695652174,20704
H20.33.031,Immune,0.48421597480773926,172.25507246376813,22995
H20.33.031,L2/3 IT,0.07510491460561752,1694.883597883598,32355
H20.33.031,L4 IT,0.10776925086975098,700.6114649681529,30866
H20.33.031,L5 IT,0.10850068926811218,553.7421100090171,30870
H20.33.031,L5/6 NP,0.3247849941253662,86.12429378531074,25464
H20.33.031,L6 CT,0.26783594489097595,68.4963503649635,26115
H20.33.031,L6 IT,0.1431875228881836,215.95833333333334,29544
H20.33.031,L6 IT Car3,0.22124850749969482,110.990990990991,28112
H20.33.031,L6b,0.44104814529418945,37.97402597402598,23591
H20.33.031,Lamp5,0.33798837661743164,174.30199430199428,24113
H20.33.031,Lamp5 Lhx6,0.35622191429138184,78.47560975609755,24490
H20.33.031,OPC,0.5683176517486572,79.47169811320755,23091
H20.33.031,Oligodendrocyte,0.2582641839981079,561.0657193605684,26260
H20.33.031,Pax6,0.5431931018829346,35.32394366197183,22119
H20.33.031,Pvalb,0.14465659856796265,419.7619047619047,29062
H20.33.031,Sncg,0.42468881607055664,76.96153846153845,22329
H20.33.031,Sst,0.2539560794830322,274.0182149362477,26933
H20.33.031,Vip,0.16841307282447815,448.63495575221236,28785
H20.33.032,Astrocyte,0.329054594039917,290.58419243986253,26340
H20.33.032,Chandelier,0.7793774604797363,22.97872340425532,17795
H20.33.032,Immune,0.6138205528259277,104.9904761904762,20016
H20.33.032,L2/3 IT,0.05869293212890625,1606.8501243781095,32441
H20.33.032,L4 IT,0.09568382054567337,788.2699619771863,30919
H20.33.032,L5 ET,0.5802719593048096,17.5,22458
H20.33.032,L5 IT,0.0880821943283081,642.900466562986,31231
H20.33.032,L5/6 NP,0.2707672715187073,130.51145038167937,26854
H20.33.032,L6 CT,0.22744011878967285,168.0,28010
H20.33.032,L6 IT,0.11235343664884567,392.28426395939084,30298
H20.33.032,L6 IT Car3,0.24005556106567383,161.15170278637768,27715
H20.33.032,L6b,0.2174391746520996,160.39384615384617,28353
H20.33.032,Lamp5,0.3000040054321289,182.97814207650273,25633
H20.33.032,Lamp5 Lhx6,0.3544595241546631,104.64454976303318,24844
H20.33.032,OPC,0.4242563247680664,163.37614678899084,23967
H20.33.032,Oligodendrocyte,0.22269845008850098,911.1956284153007,27194
H20.33.032,Pax6,0.6319339275360107,23.489361702127663,20537
H20.33.032,Pvalb,0.1626834273338318,379.1695137976347,28831
H20.33.032,Sncg,0.5482821464538574,44.04494382022472,20694
H20.33.032,Sst,0.29147768020629883,180.33240997229916,26069
H20.33.032,Sst Chodl,0.7464325428009033,10.666666666666666,18413
H20.33.032,VLMC & Perivascular,1.3533997535705566,15.75,14469
H20.33.032,Vip,0.2373741865158081,291.12178387650084,27797
H20.33.033,VLMC & Perivascular,2.9309566020965576,10.838709677419356,13148
H20.33.034,Astrocyte,0.2709474563598633,289.45768566493956,26428
H20.33.034,Chandelier,0.41299986839294434,62.46399999999999,21981
H20.33.034,Endothelial,1.2099900245666504,16.941176470588236,13623
H20.33.034,Immune,0.5193934440612793,172.32463768115943,20857
H20.33.034,L2/3 IT,0.04389532655477524,2247.1177122589224,32606
H20.33.034,L4 IT,0.07331562042236328,921.0736955352339,31123
H20.33.034,L5 ET,0.5596749782562256,10.909090909090908,22284
H20.33.034,L5 IT,0.0781393051147461,656.2646387832699,31195
H20.33.034,L5/6 NP,0.24298477172851562,147.02702702702703,26900
H20.33.034,L6 CT,0.2732839286327362,90.10989010989012,26073
H20.33.034,L6 IT,0.11401552706956863,250.5179282868526,29643
H20.33.034,L6 IT Car3,0.24413490295410156,116.47257383966245,26984
H20.33.034,L6b,0.2857956886291504,80.20987654320987,25997
H20.33.034,Lamp5,0.27010655403137207,198.21662468513856,25506
H20.33.034,Lamp5 Lhx6,0.33038830757141113,89.67032967032966,24725
H20.33.034,OPC,0.40952014923095703,147.06040268456374,23193
H20.33.034,Oligodendrocyte,0.20734643936157227,1103.8153010411952,26834
H20.33.034,Pax6,0.48277783393859863,39.75308641975309,21920
H20.33.034,Pvalb,0.11869034916162491,544.1908256880733,29244
H20.33.034,Sncg,0.4114112854003906,98.49746192893402,22261
H20.33.034,Sst,0.215179443359375,368.8081081081081,27077
H20.33.034,Sst Chodl,0.8967857360839844,9.0,16860
H20.33.034,VLMC & Perivascular,1.2886886596679688,17.37142857142857,14586
H20.33.034,Vip,0.13985300064086914,557.1326164874552,28921
H20.33.035,Astrocyte,0.5716990232467651,26.35294117647059,23696
H20.33.035,Chandelier,0.9194769859313965,10.285714285714286,18463
H20.33.035,Immune,0.822475254535675,32.625,20608
H20.33.035,L2/3 IT,0.08721685409545898,380.72564207093353,32322
H20.33.035,L4 IT,0.15803653001785278,129.03803131991052,30546
H20.33.035,L5 IT,0.20922422409057617,58.78056951423786,30634
H20.33.035,L5/6 NP,0.40696561336517334,16.024390243902438,24916
H20.33.035,L6 CT,0.40893077850341797,16.0,24569
H20.33.035,L6 IT,0.20284107327461243,37.6551724137931,28968
H20.33.035,L6 IT Car3,0.36638200283050537,19.839285714285715,26215
H20.33.035,Lamp5,0.36009347438812256,45.19230769230769,24687
H20.33.035,Lamp5 Lhx6,0.4644429683685303,18.11320754716981,23852
H20.33.035,Oligodendrocyte,0.4691680669784546,76.81908548707753,25677
H20.33.035,Pvalb,0.22197604179382324,71.8421052631579,28146
H20.33.035,Sncg,0.5692429542541504,16.753846153846155,22509
H20.33.035,Sst,0.35297536849975586,65.50375939849624,25884
H20.33.035,Vip,0.2406536340713501,90.89253187613843,28117
H20.33.036,Chandelier,1.0873563289642334,11.304347826086955,13881
H20.33.036,Sncg,2.6569886207580566,8.210526315789474,12108
H20.33.038,Astrocyte,0.30861619114875793,500.61744966442956,28640
H20.33.038,Immune,0.6358485221862793,98.2876254180602,21518
H20.33.038,L2/3 IT,0.6442523002624512,42.78,21331
H20.33.038,L4 IT,0.5746970176696777,81.42,25215
H20.33.038,L5 IT,0.89920973777771,23.625,17486
H20.33.038,Lamp5,1.736933708190918,13.155555555555555,15785
H20.33.038,OPC,0.5235462188720703,117.95263157894736,24289
H20.33.038,Oligodendrocyte,1.487562894821167,20.611764705882354,16685
H20.33.038,Pvalb,2.241468906402588,10.230769230769232,14261
H20.33.038,Sst,1.581770658493042,18.857142857142858,16215
H20.33.038,VLMC & Perivascular,1.8567171096801758,13.090909090909092,14452
H20.33.038,Vip,1.1131411790847778,26.71875,18896
H20.33.040,Astrocyte,0.15082785487174988,600.0981193785772,28783
H20.33.040,Chandelier,0.6092733144760132,40.77108433734939,18706
H20.33.040,Endothelial,1.4241061210632324,9.9,13052
H20.33.040,Immune,0.3389430046081543,253.51937984496126,23905
H20.33.040,L2/3 IT,0.06643185019493103,1339.9540394973071,31280
H20.33.040,L4 IT,0.08510852605104446,798.0607563546187,30703
H20.33.040,L5 ET,0.5709090232849121,8.88888888888889,21513
H20.33.040,L5 IT,0.09038496017456055,501.9747817652764,30792
H20.33.040,L5/6 NP,0.32576465606689453,86.4367816091954,24169
H20.33.040,L6 CT,0.19519400596618652,93.90476190476191,27081
H20.33.040,L6 IT,0.11169207096099854,217.88839285714286,29551
H20.33.040,L6 IT Car3,0.19275707006454468,108.59728506787332,27516
H20.33.040,L6b,0.27721843123435974,56.521739130434774,26516
H20.33.040,Lamp5,0.38792943954467773,146.79611650485438,22729
H20.33.040,Lamp5 Lhx6,0.40669357776641846,58.60465116279069,22844
H20.33.040,OPC,0.27739858627319336,213.30275229357798,25904
H20.33.040,Oligodendrocyte,0.35945940017700195,230.39999999999998,23805
H20.33.040,Pax6,0.42053818702697754,46.494623655913976,22287
H20.33.040,Pvalb,0.15530629456043243,375.3410553410553,27725
H20.33.040,Sncg,0.5389852523803711,57.786885245901644,20139
H20.33.040,Sst,0.3785703182220459,113.3387755102041,23307
H20.33.040,VLMC & Perivascular,1.151294231414795,17.485714285714288,15711
H20.33.040,Vip,0.17746496200561523,350.6850828729282,27461
H20.33.041,Astrocyte,0.3342301845550537,182.99453551912566,24832
H20.33.041,Chandelier,0.6966829299926758,24.408163265306122,18137
H20.33.041,Endothelial,1.7865281105041504,7.466666666666667,11189
H20.33.041,Immune,0.520637035369873,129.80842911877394,20693
H20.33.041,L2/3 IT,0.05166053771972656,1741.7118402282451,32149
H20.33.041,L4 IT,0.0761404037475586,1055.3701605288006,31227
H20.33.041,L5 ET,0.47453880310058594,20.558139534883722,22992
H20.33.041,L5 IT,0.06836652755737305,772.8185328185328,31620
H20.33.041,L5/6 NP,0.2837233543395996,110.990990990991,25549
H20.33.041,L6 CT,0.25766539573669434,98.35353535353535,26338
H20.33.041,L6 IT,0.09483228623867035,347.89772727272725,30351
H20.33.041,L6 IT Car3,0.1983092725276947,150.04635761589404,27723
H20.33.041,L6b,0.26073479652404785,85.43023255813952,27064
H20.33.041,Lamp5,0.3119344711303711,183.39784946236557,24084
H20.33.041,Lamp5 Lhx6,0.3224465847015381,98.77227722772277,24113
H20.33.041,OPC,0.3463248014450073,175.61473087818698,24206
H20.33.041,Oligodendrocyte,0.2383582592010498,740.7048517520215,26247
H20.33.041,Pax6,0.5154407024383545,32.25974025974026,21632
H20.33.041,Pvalb,0.13538551330566406,426.88707799767167,28519
H20.33.041,Sncg,0.3985002040863037,103.50710900473933,22711
H20.33.041,Sst,0.3310643434524536,152.1311475409836,24468
H20.33.041,Vip,0.18806977570056915,382.8937259923175,28021
H20.33.044,Endothelial,3.4846529960632324,6.428571428571429,11267
H20.33.044,L5 ET,0.5610694885253906,9.904761904761905,22407
H20.33.044,Pax6,0.5167062282562256,42.418604651162795,22284
H20.33.044,Sst Chodl,1.0400605201721191,7.199999999999999,16122
H20.33.044,VLMC & Perivascular,1.3729426860809326,12.692307692307692,13977
H20.33.045,Astrocyte,0.5072216987609863,136.8832116788321,21653
H20.33.045,Chandelier,0.8774678707122803,18.94736842105263,15343
H20.33.045,Endothelial,1.3590655326843262,13.928571428571429,11956
H20.33.045,Immune,0.5733616352081299,121.03703703703704,19569
H20.33.045,L2/3 IT,0.2522121071815491,264.38563327032136,25647
H20.33.045,L4 IT,0.1509728580713272,693.789928057554,28010
H20.33.045,L5 IT,0.3106420040130615,230.15151515151513,24864
H20.33.045,L5/6 NP,0.658510684967041,28.689655172413794,18027
H20.33.045,L6 CT,0.878037691116333,11.304347826086955,15916
H20.33.045,L6 IT,0.6043202877044678,27.964285714285715,18885
H20.33.045,L6 IT Car3,0.8311703205108643,10.666666666666666,16259
H20.33.045,L6b,0.8985929489135742,18.46153846153846,17614
H20.33.045,Lamp5,0.24171686172485352,413.42684401451027,25560
H20.33.045,Lamp5 Lhx6,0.472592830657959,94.7434554973822,21019
H20.33.045,OPC,0.7716512680053711,41.61904761904762,17189
H20.33.045,Oligodendrocyte,0.3886718153953552,306.7012987012987,22833
H20.33.045,Pax6,0.36461734771728516,130.40613026819923,23136
H20.33.045,Pvalb,0.3190932273864746,240.7344398340249,24107
H20.33.045,Sncg,0.37483614683151245,152.78175895765472,23127
H20.33.045,Sst,0.3679020404815674,185.19676549865227,22837
H20.33.045,VLMC & Perivascular,0.8823347091674805,35.67123287671233,16258
H20.33.045,Vip,0.20225945115089417,568.9841827768014,27267
H20.33.046,Astrocyte,0.21819019317626953,491.07411167512686,26607
H20.33.046,Chandelier,1.0869570970535278,13.93939393939394,16116
H20.33.046,Endothelial,0.8414993286132812,24.96,15658
H20.33.046,Immune,0.42347073554992676,242.38193018480493,22406
H20.33.046,L2/3 IT,0.07166528701782227,1379.9913074972835,30705
H20.33.046,L4 IT,0.0841493010520935,1035.5915221579962,29990
H20.33.046,L5 ET,0.5348973274230957,13.0,20798
H20.33.046,L5 IT,0.08479131758213043,744.9946308724832,30007
H20.33.046,L5/6 NP,0.41964197158813477,66.66666666666667,22373
H20.33.046,L6 CT,0.43233394622802734,46.45161290322581,21478
H20.33.046,L6 IT,0.16823752224445343,220.41704035874437,27451
H20.33.046,L6 IT Car3,0.3116428852081299,92.0855614973262,24035
H20.33.046,L6b,0.29717469215393066,86.81564245810056,24591
H20.33.046,Lamp5,0.2920699119567871,223.48993288590603,24530
H20.33.046,Lamp5 Lhx6,0.5367007255554199,54.95495495495495,19930
H20.33.046,OPC,0.46888959407806396,97.06666666666665,21417
H20.33.046,Oligodendrocyte,0.4301149845123291,168.8470588235294,22102
H20.33.046,Pax6,0.8101949691772461,14.709677419354842,16547
H20.33.046,Pvalb,0.22522148489952087,291.8941979522184,26204
H20.33.046,Sncg,0.6631426811218262,39.375,18839
H20.33.046,Sst,0.4424014091491699,94.0,22225
H20.33.046,VLMC & Perivascular,0.7217707633972168,44.977777777777774,18180
H20.33.046,Vip,0.2515050768852234,251.1071428571429,25929
H21.33.002,Astrocyte,0.3117673099040985,350.93239436619723,26510
H21.33.002,Chandelier,0.3993378281593323,103.62857142857142,23810
H21.33.002,Endothelial,1.147289752960205,17.37142857142857,14609
H21.33.002,Immune,0.5064959526062012,215.92592592592592,23077
H21.33.002,L2/3 IT,0.1143420934677124,1925.3046409126264,32342
H21.33.002,L4 IT,0.18805453181266785,657.0098261526833,30567
H21.33.002,L5 IT,0.19866061210632324,406.93857493857496,30087
H21.33.002,L5/6 NP,0.6034257411956787,43.44827586206896,22703
H21.33.002,L6 CT,0.582460880279541,28.44827586206896,22496
H21.33.002,L6 IT,0.2316761016845703,149.99333333333334,28517
H21.33.002,L6 IT Car3,0.2546292245388031,132.67415730337078,27857
H21.33.002,L6b,0.8166255950927734,12.48,20253
H21.33.002,Lamp5,0.18758869171142578,357.82984658298466,27189
H21.33.002,Lamp5 Lhx6,0.2514324188232422,180.82191780821918,26203
H21.33.002,OPC,0.48695406317710876,158.59748427672955,24163
H21.33.002,Oligodendrocyte,0.507418155670166,321.84782608695656,23831
H21.33.002,Pax6,0.37919116020202637,85.84971098265896,24830
H21.33.002,Pvalb,0.1354813277721405,798.3364602876796,30346
H21.33.002,Sncg,0.2813303470611572,190.95287958115185,26030
H21.33.002,Sst,0.16947996616363525,538.4280442804428,28230
H21.33.002,VLMC & Perivascular,0.7890465259552002,38.075949367088604,18065
H21.33.002,Vip,0.15908241271972656,883.8213680045225,30573
H21.33.003,Endothelial,1.4469184875488281,8.88888888888889,12163
H21.33.004,Astrocyte,0.27256372570991516,311.45367412140575,27181
H21.33.004,Chandelier,0.41762733459472656,87.07954545454545,23665
H21.33.004,Immune,0.5640945434570312,158.26086956521738,21903
H21.33.004,L2/3 IT,0.08791184425354004,1958.997958141909,32846
H21.33.004,L4 IT,0.12446165084838867,848.698468786808,31592
H21.33.004,L5 ET,0.5343881249427795,11.304347826086955,23529
H21.33.004,L5 IT,0.11952352523803711,719.5509355509356,31941
H21.33.004,L5/6 NP,0.2572343051433563,101.56190476190477,27270
H21.33.004,L6 CT,0.2532793879508972,69.20863309352518,26971
H21.33.004,L6 IT,0.16926145553588867,198.01507537688443,30025
H21.33.004,L6 IT Car3,0.22426864504814148,145.4982817869416,28405
H21.33.004,L6b,0.3476417660713196,33.134328358208954,25424
H21.33.004,Lamp5,0.252532035112381,197.18592964824117,26293
H21.33.004,Lamp5 Lhx6,0.3218499422073364,85.34482758620689,25315
H21.33.004,OPC,0.34321069717407227,211.35926773455375,25653
H21.33.004,Oligodendrocyte,0.24217015504837036,693.8146551724138,26821
H21.33.004,Pax6,0.5670416355133057,32.49230769230769,21950
H21.33.004,Pvalb,0.1387009620666504,527.7221172022685,29863
H21.33.004,Sncg,0.38071560859680176,115.55084745762713,23767
H21.33.004,Sst,0.16549944877624512,447.4949720670391,28468
H21.33.004,VLMC & Perivascular,1.7742648124694824,9.473684210526315,12851
H21.33.004,Vip,0.16034412384033203,572.956369982548,29736
H21.33.007,Astrocyte,0.25014781951904297,303.2655737704918,26494
H21.33.007,Chandelier,0.3556332588195801,101.42439024390244,23741
H21.33.007,Endothelial,1.2860994338989258,10.476190476190476,12924
H21.33.007,Immune,0.464599609375,175.9090909090909,22547
H21.33.007,L2/3 IT,0.05929279327392578,1505.4520092992361,32227
H21.33.007,L4 IT,0.08292955160140991,1034.2425120772946,31136
H21.33.007,L5 ET,0.5758023262023926,9.9,21117
H21.33.007,L5 IT,0.09962712228298187,532.1051643192488,30957
H21.33.007,L5/6 NP,0.36942410469055176,54.70909090909092,24284
H21.33.007,L6 CT,0.31378793716430664,55.27927927927928,25518
H21.33.007,L6 IT,0.11862874031066895,258.75289575289577,29786
H21.33.007,L6 IT Car3,0.19950102269649506,156.9269841269841,27651
H21.33.007,L6b,0.3567067086696625,53.98148148148148,25505
H21.33.007,Lamp5,0.2083592414855957,323.09119010819165,26465
H21.33.007,Lamp5 Lhx6,0.2379102110862732,169.99411764705883,26268
H21.33.007,OPC,0.40468668937683105,110.13274336283186,23352
H21.33.007,Oligodendrocyte,0.19516420364379883,979.2629984856134,27335
H21.33.007,Pax6,0.41361141204833984,57.28695652173913,23044
H21.33.007,Pvalb,0.09751653671264648,728.9637234770704,29939
H21.33.007,Sncg,0.3493795394897461,126.8031496062992,24209
H21.33.007,Sst,0.1256452202796936,610.3816543816544,28572
H21.33.007,VLMC & Perivascular,0.9261314868927002,27.964285714285715,16756
H21.33.007,Vip,0.10817980766296387,751.7007978723404,30059
H21.33.009,Astrocyte,1.460814118385315,25.21276595744681,17300
H21.33.009,Chandelier,0.7847611904144287,34.929577464788736,18917
H21.33.009,Immune,0.6563341617584229,125.5813953488372,19987
H21.33.009,L2/3 IT,0.216713085770607,335.9124087591241,26629
H21.33.009,L4 IT,0.1408529281616211,1083.326352530541,29605
H21.33.009,L5 IT,0.1928173303604126,483.55239064089517,27746
H21.33.009,L5/6 NP,0.48551511764526367,80.472049689441,21683
H21.33.009,L6 CT,0.3827056884765625,82.9940119760479,22841
H21.33.009,L6 IT,0.24939481914043427,165.4259818731118,25719
H21.33.009,L6 IT Car3,0.3040757179260254,115.92241379310346,24163
H21.33.009,L6b,0.3222467005252838,87.81818181818183,23961
H21.33.009,Lamp5,0.3286256194114685,241.81818181818178,23841
H21.33.009,Lamp5 Lhx6,0.4442408084869385,106.9626168224299,22018
H21.33.009,OPC,1.1175055503845215,27.87878787878788,15260
H21.33.009,Oligodendrocyte,0.2636905312538147,665.8615873015873,25516
H21.33.009,Pax6,0.7565913200378418,33.492537313432834,17693
H21.33.009,Pvalb,0.21538972854614258,422.31771428571426,26767
H21.33.009,Sncg,0.7896468639373779,32.8955223880597,16939
H21.33.009,Sst,0.2600085735321045,351.00000000000006,25640
H21.33.009,VLMC & Perivascular,1.3511526584625244,23.466666666666665,15778
H21.33.009,Vip,0.2259693592786789,412.29383886255926,26569
H21.33.010,L5 ET,0.6220972537994385,7.0,19868
H21.33.011,Astrocyte,0.4351711869239807,154.70063694267517,24410
H21.33.011,Chandelier,0.438539981842041,73.33333333333333,23007
H21.33.011,Immune,0.5341897010803223,230.09871244635193,22741
H21.33.011,L2/3 IT,0.06563899666070938,3210.456661562021,33380
H21.33.011,L4 IT,0.1115688681602478,852.7638248847926,31484
H21.33.011,L5 ET,0.5212433338165283,14.482758620689655,23207
H21.33.011,L5 IT,0.10188508033752441,650.0030349013657,31754
H21.33.011,L5/6 NP,0.3512231111526489,70.30985915492958,25651
H21.33.011,L6 CT,0.34733057022094727,55.38461538461539,25839
H21.33.011,L6 IT,0.15180349349975586,169.1529411764706,29305
H21.33.011,L6 IT Car3,0.27717018127441406,95.46268656716418,26860
H21.33.011,L6b,0.3434693515300751,61.30081300813008,26509
H21.33.011,Lamp5,0.21147023141384125,298.09555189456347,27301
H21.33.011,Lamp5 Lhx6,0.3614192008972168,106.37442922374427,25314
H21.33.011,OPC,0.3765981197357178,251.7193675889328,25344
H21.33.011,Oligodendrocyte,0.25894349813461304,1003.6633663366337,27088
H21.33.011,Pax6,0.4765174984931946,62.0,23708
H21.33.011,Pvalb,0.13208547234535217,515.4332061068702,30188
H21.33.011,Sncg,0.3330080509185791,186.71052631578945,25624
H21.33.011,Sst,0.21249431371688843,335.4377745241581,27417
H21.33.011,Sst Chodl,1.0351817607879639,5.454545454545454,16328
H21.33.011,VLMC & Perivascular,2.221174716949463,8.210526315789474,12810
H21.33.011,Vip,0.1375722885131836,795.9199499687305,30437
H21.33.012,Astrocyte,0.48889851570129395,125.76512455516014,24595
H21.33.012,Chandelier,0.4755685329437256,57.93103448275862,21211
H21.33.012,Endothelial,1.6566715240478516,9.333333333333334,12692
H21.33.012,Immune,0.5739859342575073,103.96172248803828,20706
H21.33.012,L2/3 IT,0.06205299496650696,1693.201062887511,32076
H21.33.012,L4 IT,0.09309446811676025,934.9689637033141,31152
H21.33.012,L5 ET,0.5622639656066895,16.8,23290
H21.33.012,L5 IT,0.09018325805664062,705.6135401974612,31347
H21.33.012,L5/6 NP,0.23806297779083252,136.48351648351647,26257
H21.33.012,L6 CT,0.24035462737083435,93.65625000000001,26517
H21.33.012,L6 IT,0.12019729614257812,267.8666666666667,29711
H21.33.012,L6 IT Car3,0.20946986973285675,118.57740585774057,27645
H21.33.012,L6b,0.3066459596157074,63.62790697674419,25522
H21.33.012,Lamp5,0.2668428421020508,226.73245614035085,25686
H21.33.012,Lamp5 Lhx6,0.29084593057632446,133.7313432835821,25393
H21.33.012,OPC,0.33592772483825684,237.91231732776615,25835
H21.33.012,Oligodendrocyte,0.16185200214385986,1443.5677530017153,28484
H21.33.012,Pax6,0.47609853744506836,52.69811320754718,22519
H21.33.012,Pvalb,0.1190176010131836,638.943661971831,29531
H21.33.012,Sncg,0.46317434310913086,96.34020618556701,22521
H21.33.012,Sst,0.35291945934295654,185.3494623655914,24780
H21.33.012,Sst Chodl,1.0300860404968262,6.0,16020
H21.33.012,VLMC & Perivascular,1.3345799446105957,21.702127659574465,16668
H21.33.012,Vip,0.14119696617126465,551.372513562387,28929
H21.33.013,Astrocyte,0.24970197677612305,458.25159914712157,26387
H21.33.013,Chandelier,0.776329755783081,21.91304347826087,16200
H21.33.013,Endothelial,2.3572754859924316,5.454545454545454,10694
H21.33.013,Immune,0.36700868606567383,223.76793248945148,23195
H21.33.013,L2/3 IT,0.10878503322601318,824.8124253285544,29954
H21.33.013,L4 IT,0.10072372108697891,1043.2118039029035,30804
H21.33.013,L5 ET,0.46882617473602295,15.096774193548386,22121
H21.33.013,L5 IT,0.10634636878967285,627.7397476340694,30596
H21.33.013,L5/6 NP,0.34324145317077637,122.70731707317073,24755
H21.33.013,L6 CT,0.16802720725536346,155.37735849056605,27787
H21.33.013,L6 IT,0.10887080430984497,393.79441624365484,30415
H21.33.013,L6 IT Car3,0.1539614498615265,159.9030303030303,28832
H21.33.013,L6b,0.16003704071044922,136.57971014492753,28777
H21.33.013,Lamp5,0.3940032720565796,176.328611898017,23194
H21.33.013,Lamp5 Lhx6,0.398423969745636,90.60439560439562,22884
H21.33.013,OPC,0.32198333740234375,216.4543429844098,24720
H21.33.013,Oligodendrocyte,0.388968288898468,191.16404494382022,22960
H21.33.013,Pax6,0.6238431930541992,26.666666666666668,19613
H21.33.013,Pvalb,0.17749375104904175,346.69714285714286,27552
H21.33.013,Sncg,0.5784165859222412,50.92156862745098,19467
H21.33.013,Sst,0.40789133310317993,110.71428571428571,23283
H21.33.013,VLMC & Perivascular,1.222829818725586,11.916666666666666,13878
H21.33.013,Vip,0.21749287843704224,325.2995529061103,27020
H21.33.014,Astrocyte,0.4936619997024536,189.12207792207792,24306
H21.33.014,Chandelier,0.6615070104598999,29.0,19233
H21.33.014,Immune,0.7742724418640137,114.8119658119658,19601
H21.33.014,L2/3 IT,0.11779288947582245,1859.9655913978493,32792
H21.33.014,L4 IT,0.17322689294815063,795.2148241206031,30993
H21.33.014,L5 ET,0.6970944404602051,13.481481481481481,22540
H21.33.014,L5 IT,0.17371606826782227,548.3793103448276,31593
H21.33.014,L5/6 NP,0.4319123923778534,66.52941176470588,25382
H21.33.014,L6 CT,0.2513374090194702,130.48275862068965,27877
H21.33.014,L6 IT,0.19314908981323242,303.9703947368421,30532
H21.33.014,L6 IT Car3,0.28057193756103516,157.14285714285714,28276
H21.33.014,L6b,0.33969569206237793,76.17834394904459,26490
H21.33.014,Lamp5,0.3060556948184967,215.82027649769586,26265
H21.33.014,Lamp5 Lhx6,0.3489057421684265,108.89999999999998,26013
H21.33.014,OPC,0.6719238758087158,119.52263374485597,22131
H21.33.014,Oligodendrocyte,0.45431286096572876,454.18102508178845,23736
H21.33.014,Pax6,0.5965995788574219,32.87878787878788,22236
H21.33.014,Pvalb,0.1695878505706787,582.9059829059829,29960
H21.33.014,Sncg,0.49506688117980957,84.44444444444446,22899
H21.33.014,Sst,0.24066761136054993,365.55434782608694,27795
H21.33.014,Sst Chodl,0.8481349945068359,12.923076923076923,18974
H21.33.014,Vip,0.21074116230010986,470.8867924528302,29114
H21.33.015,Astrocyte,0.37897157669067383,160.9296636085627,24821
H21.33.015,Chandelier,0.48781538009643555,47.49473684210526,21957
H21.33.015,Endothelial,2.20247220993042,6.428571428571429,11229
H21.33.015,Immune,0.48523449897766113,216.95852534562215,22616
H21.33.015,L2/3 IT,0.06830915808677673,2411.479701739851,32985
H21.33.015,L4 IT,0.12048166990280151,808.874613959234,31142
H21.33.015,L5 IT,0.10263252258300781,626.3846767757383,31506
H21.33.015,L5/6 NP,0.32234930992126465,69.94285714285715,25796
H21.33.015,L6 CT,0.3530501127243042,44.83516483516483,25066
H21.33.015,L6 IT,0.1354515552520752,219.45000000000002,29970
H21.33.015,L6 IT Car3,0.26299160718917847,110.47963800904978,27230
H21.33.015,L6b,0.2394339144229889,70.23776223776224,27017
H21.33.015,Lamp5,0.2116227149963379,263.42314990512335,27417
H21.33.015,Lamp5 Lhx6,0.2910780906677246,101.20975609756097,26047
H21.33.015,OPC,0.45171183347702026,121.25102880658436,23168
H21.33.015,Oligodendrocyte,0.18311017751693726,1300.107403145378,27651
H21.33.015,Pax6,0.4033370018005371,59.583333333333336,23631
H21.33.015,Pvalb,0.12221447378396988,523.3816793893129,30190
H21.33.015,Sncg,0.25377821922302246,201.68316831683168,26418
H21.33.015,Sst,0.13570499420166016,537.2539534883721,29257
H21.33.015,Sst Chodl,0.7835903167724609,8.88888888888889,18147
H21.33.015,VLMC & Perivascular,0.9593379497528076,24.489795918367346,16332
H21.33.015,Vip,0.12138962745666504,701.0518834399433,30257
H21.33.017,Astrocyte,0.33982372283935547,169.9764705882353,24253
H21.33.017,Chandelier,0.5297178030014038,42.0,20202
H21.33.017,Immune,0.2766847610473633,436.8777142857142,25368
H21.33.017,L2/3 IT,0.09643864631652832,965.0400405473897,29713
H21.33.017,L4 IT,0.1940349042415619,250.60117878192534,26956
H21.33.017,L5 IT,0.19236624240875244,233.54969574036508,27249
H21.33.017,L5/6 NP,0.6858251094818115,32.8421052631579,19860
H21.33.017,L6 CT,0.5709103345870972,13.481481481481481,20217
H21.33.017,L6 IT,0.27415716648101807,52.17391304347826,25088
H21.33.017,L6 IT Car3,0.5145182609558105,17.142857142857142,21330
H21.33.017,Lamp5,0.39329981803894043,112.1181434599156,22799
H21.33.017,Lamp5 Lhx6,0.3945537805557251,76.33986928104575,22874
H21.33.017,OPC,1.0730186700820923,18.72972972972973,19030
H21.33.017,Oligodendrocyte,0.3983879089355469,202.57907542579076,22632
H21.33.017,Pax6,0.5820380449295044,35.0,19560
H21.33.017,Pvalb,0.2554929852485657,201.2871287128713,25772
H21.33.017,Sncg,0.6139492988586426,53.333333333333336,18998
H21.33.017,Sst,0.3029038906097412,183.49863760217985,24699
H21.33.017,VLMC & Perivascular,1.1141948699951172,18.157894736842106,15240
H21.33.017,Vip,0.17455875873565674,364.7675675675676,27551
H21.33.018,Astrocyte,0.2268703281879425,333.8539493293591,27482
H21.33.018,Chandelier,0.3614093065261841,84.41379310344828,23042
H21.33.018,Endothelial,1.5445232391357422,10.476190476190476,12712
H21.33.018,Immune,0.3518955707550049,367.1523178807947,24538
H21.33.018,L2/3 IT,0.062321484088897705,1493.1883584041857,31738
H21.33.018,L4 IT,0.09413313865661621,705.2830188679245,30470
H21.33.018,L5 ET,0.7161706686019897,5.454545454545454,19865
H21.33.018,L5 IT,0.09325556457042694,489.7431749241658,30619
H21.33.018,L5/6 NP,0.25294312834739685,115.55364806866955,25841
H21.33.018,L6 CT,0.4046531915664673,29.28813559322034,23222
H21.33.018,L6 IT,0.1386244297027588,124.16064257028113,28129
H21.33.018,L6 IT Car3,0.17633980512619019,126.56370656370656,27525
H21.33.018,L6b,0.39688706398010254,32.405797101449274,23682
H21.33.018,Lamp5,0.23978088796138763,247.5,25744
H21.33.018,Lamp5 Lhx6,0.32923007011413574,117.58474576271188,23851
H21.33.018,OPC,0.326762318611145,156.09756097560975,24784
H21.33.018,Oligodendrocyte,0.23821987211704254,535.5160142348755,25775
H21.33.018,Pax6,0.4988884925842285,41.51162790697675,21145
H21.33.018,Pvalb,0.134578138589859,478.6034308779011,28415
H21.33.018,Sncg,0.45618367195129395,108.9539748953975,22223
H21.33.018,Sst,0.35211777687072754,165.13498622589532,23947
H21.33.018,VLMC & Perivascular,1.2259554862976074,15.77142857142857,15159
H21.33.018,Vip,0.11969327926635742,715.1153324287653,29582
H21.33.020,Astrocyte,0.295369416475296,484.36251287332647,25091
H21.33.020,Immune,0.8541922569274902,46.808510638297875,15792
H21.33.020,L2/3 IT,1.0799329280853271,19.902439024390244,16162
H21.33.020,L4 IT,0.6223273277282715,71.4125874125874,19488
H21.33.020,L5 IT,2.8749656677246094,6.0,10696
H21.33.020,OPC,1.1189665794372559,27.42857142857143,13988
H21.33.020,VLMC & Perivascular,1.0947694778442383,21.958333333333332,14879
H21.33.021,Astrocyte,0.23991341888904572,260.1973434535104,25994
H21.33.021,Chandelier,0.45068132877349854,70.77464788732394,21215
H21.33.021,Endothelial,1.8763813972473145,5.454545454545454,11738
H21.33.021,Immune,0.5118241310119629,117.1918367346939,21279
H21.33.021,L2/3 IT,0.14529326558113098,622.467469879518,28591
H21.33.021,L4 IT,0.10306191444396973,1331.4171986481413,30555
H21.33.021,L5 IT,0.1671431064605713,377.989417989418,27892
H21.33.021,L5/6 NP,0.3492565155029297,134.34944237918214,23806
H21.33.021,L6 CT,0.41628098487854004,52.38095238095239,22507
H21.33.021,L6 IT,0.5693964958190918,20.363636363636363,19699
H21.33.021,L6 IT Car3,0.6247029304504395,21.954545454545457,18758
H21.33.021,L6b,0.35280418395996094,71.50344827586207,24641
H21.33.021,Lamp5,0.19203662872314453,425.93669402110197,26717
H21.33.021,Lamp5 Lhx6,0.3162829875946045,160.9751552795031,24311
H21.33.021,OPC,0.4602029323577881,95.83333333333333,22717
H21.33.021,Oligodendrocyte,0.5937585830688477,111.85777777777777,20959
H21.33.021,Pax6,0.626633882522583,39.45679012345679,19345
H21.33.021,Pvalb,0.14918768405914307,517.0937198067634,27935
H21.33.021,Sncg,0.4032154083251953,134.4089219330855,22797
H21.33.021,Sst,0.383877158164978,162.23999999999998,23642
H21.33.021,VLMC & Perivascular,0.832334041595459,27.42857142857143,17496
H21.33.021,Vip,0.12784920632839203,981.2016293279022,29758
H21.33.022,Astrocyte,0.16812312602996826,702.742857142857,28214
H21.33.022,Chandelier,0.39644062519073486,88.1938775510204,21933
H21.33.022,Endothelial,0.8314409255981445,27.05454545454546,16349
H21.33.022,Immune,0.27105847001075745,418.71284916201114,25207
H21.33.022,L2/3 IT,0.07370960712432861,1784.8678735476897,31271
H21.33.022,L4 IT,0.0935063362121582,1039.0157699443412,31024
H21.33.022,L5 IT,0.10705685615539551,602.7603174603175,30396
H21.33.022,L5/6 NP,0.19399619102478027,188.77974683544306,26542
H21.33.022,L6 CT,0.19851158559322357,115.27572016460906,27393
H21.33.022,L6 IT,0.12336170673370361,257.996336996337,29104
H21.33.022,L6 IT Car3,0.1802242249250412,137.94366197183098,27475
H21.33.022,L6b,0.27917173504829407,55.51724137931035,25590
H21.33.022,Lamp5,0.2337091863155365,294.9494290375204,25573
H21.33.022,Lamp5 Lhx6,0.20821857452392578,201.77927927927928,25543
H21.33.022,OPC,0.24295368790626526,370.2901155327343,26830
H21.33.022,Oligodendrocyte,0.17386466264724731,693.8155339805826,27345
H21.33.022,Pax6,0.4094499945640564,67.52054794520548,22416
H21.33.022,Pvalb,0.11899245530366898,695.207810320781,29121
H21.33.022,Sncg,0.380401611328125,167.78885630498533,23087
H21.33.022,Sst,0.16405895352363586,505.05303760848597,27577
H21.33.022,VLMC & Perivascular,0.7898907661437988,36.15584415584416,17516
H21.33.022,Vip,0.12780380249023438,771.1195516811955,29511
H21.33.023,Astrocyte,0.237321138381958,371.8647214854111,27756
H21.33.023,Chandelier,0.6155881881713867,36.71052631578947,18903
H21.33.023,Endothelial,1.459327220916748,10.285714285714286,13451
H21.33.023,Immune,0.46608495712280273,192.5581395348837,22964
H21.33.023,L2/3 IT,0.05314666032791138,2669.54491241148,32955
H21.33.023,L4 IT,0.09586429595947266,749.9603698811097,31202
H21.33.023,L5 ET,0.4969148635864258,14.73333333333333,23533
H21.33.023,L5 IT,0.09678231179714203,629.8187549251379,31500
H21.33.023,L5/6 NP,0.2944040298461914,89.28176795580112,25853
H21.33.023,L6 CT,0.3109629154205322,51.79245283018868,25630
H21.33.023,L6 IT,0.14662504196166992,161.61963190184048,29035
H21.33.023,L6 IT Car3,0.2448190599679947,92.12903225806451,27004
H21.33.023,L6b,0.3756527900695801,42.80459770114943,25535
H21.33.023,Lamp5,0.26998186111450195,231.71612903225804,25512
H21.33.023,Lamp5 Lhx6,0.35524749755859375,83.72093023255813,24088
H21.33.023,OPC,0.2816084623336792,266.2773722627737,26375
H21.33.023,Oligodendrocyte,0.29865264892578125,546.1151736745887,25934
H21.33.023,Pax6,0.41819000244140625,50.07692307692308,23353
H21.33.023,Pvalb,0.11698508262634277,461.1050920910076,29297
H21.33.023,Sncg,0.41004085540771484,125.87301587301586,23154
H21.33.023,Sst,0.35312438011169434,159.6646706586826,25164
H21.33.023,VLMC & Perivascular,1.1056313514709473,16.0,14451
H21.33.023,Vip,0.13293766975402832,591.0505902192243,29366
H21.33.025,Astrocyte,0.212056502699852,406.7027027027027,27594
H21.33.025,Chandelier,0.5553481578826904,53.49532710280375,19462
H21.33.025,Endothelial,0.9947104454040527,15.9375,14797
H21.33.025,Immune,0.30033159255981445,445.9910313901345,24866
H21.33.025,L2/3 IT,0.07458809018135071,1071.4460966542752,30812
H21.33.025,L4 IT,0.08507964015007019,782.6105799872531,30406
H21.33.025,L5 ET,0.5774106979370117,10.476190476190476,21257
H21.33.025,L5 IT,0.08524167537689209,613.7839155158408,30917
H21.33.025,L5/6 NP,0.31842780113220215,148.87333333333333,24570
H21.33.025,L6 CT,0.25673580169677734,80.20987654320987,26102
H21.33.025,L6 IT,0.12791720032691956,174.8717948717949,28637
H21.33.025,L6 IT Car3,0.19715984165668488,105.6525821596244,27688
H21.33.025,L6b,0.3207038640975952,47.3469387755102,25467
H21.33.025,Lamp5,0.35712194442749023,192.95336787564767,23335
H21.33.025,Lamp5 Lhx6,0.40431737899780273,96.91370558375635,22335
H21.33.025,OPC,0.3090040683746338,214.30303030303025,25247
H21.33.025,Oligodendrocyte,0.2881767749786377,387.2076923076923,24962
H21.33.025,Pax6,0.5229134559631348,49.359223300970875,20631
H21.33.025,Pvalb,0.17653612792491913,436.67048054919917,27464
H21.33.025,Sncg,0.5609226226806641,92.98924731182795,20163
H21.33.025,Sst,0.30751705169677734,225.23788546255506,24786
H21.33.025,VLMC & Perivascular,0.7976369857788086,28.689655172413794,16899
H21.33.025,Vip,0.14002512395381927,646.1095679012346,28531
H21.33.026,Astrocyte,0.3506135940551758,190.86910994764395,25721
H21.33.026,Chandelier,0.5830700397491455,43.35632183908046,18923
H21.33.026,Endothelial,1.4553580284118652,10.181818181818182,13608
H21.33.026,Immune,0.4925398826599121,147.0,21977
H21.33.026,L2/3 IT,0.06943488121032715,1248.8198558847077,31246
H21.33.026,L4 IT,0.08276069164276123,807.8502475247526,30409
H21.33.026,L5 IT,0.0949549674987793,474.8968421052631,30105
H21.33.026,L5/6 NP,0.2743046283721924,161.1111111111111,26067
H21.33.026,L6 CT,0.3194303512573242,69.77142857142857,25060
H21.33.026,L6 IT,0.25424957275390625,89.47486033519553,26742
H21.33.026,L6 IT Car3,0.30173659324645996,85.95348837209302,25724
H21.33.026,L6b,0.5017209053039551,25.96363636363636,22450
H21.33.026,Lamp5,0.4051778316497803,146.48464163822524,22586
H21.33.026,Lamp5 Lhx6,0.3812773823738098,113.48017621145374,23145
H21.33.026,OPC,0.5749659538269043,63.496062992125985,21301
H21.33.026,Oligodendrocyte,0.3041837811470032,443.8024691358025,25208
H21.33.026,Pax6,0.6653318405151367,25.96153846153846,18482
H21.33.026,Pvalb,0.15336662530899048,450.8217054263566,28294
H21.33.026,Sncg,0.5414586067199707,67.47058823529412,19825
H21.33.026,Sst,0.30819201469421387,203.9558823529412,24913
H21.33.026,Sst Chodl,1.4888100624084473,5.0,12383
H21.33.026,VLMC & Perivascular,1.0083341598510742,19.8,15779
H21.33.026,Vip,0.22083234786987305,378.38837516512547,27147
H21.33.028,Astrocyte,0.14027981460094452,895.2964824120603,28578
H21.33.028,Chandelier,0.5553231239318848,55.92857142857143,19380
H21.33.028,Endothelial,1.610642433166504,10.636363636363637,12911
H21.33.028,Immune,0.29416894912719727,374.01335113484646,25120
H21.33.028,L2/3 IT,0.052314043045043945,1710.8045574057844,31712
H21.33.028,L4 IT,0.09370851516723633,644.9751937984496,29581
H21.33.028,L5 IT,0.1044524759054184,449.09454949944376,29394
H21.33.028,L5/6 NP,0.43774986267089844,81.40243902439023,22119
H21.33.028,L6 CT,0.4663066864013672,22.82608695652174,21768
H21.33.028,L6 IT,0.22781877219676971,99.94029850746269,26291
H21.33.028,L6 IT Car3,0.30034780502319336,70.94366197183098,25069
H21.33.028,L6b,0.5664844512939453,14.933333333333334,20742
H21.33.028,Lamp5,0.4128141403198242,125.6284584980237,22125
H21.33.028,Lamp5 Lhx6,0.3884847164154053,83.70238095238096,22278
H21.33.028,OPC,0.2789134979248047,277.47747747747746,25778
H21.33.028,Oligodendrocyte,0.6852078437805176,50.9126213592233,18369
H21.33.028,Pax6,0.5224637985229492,56.46017699115045,21376
H21.33.028,Pvalb,0.17913612723350525,387.069587628866,27298
H21.33.028,Sncg,0.581517219543457,77.98717948717947,19690
H21.33.028,Sst,0.36711883544921875,160.9751552795031,23407
H21.33.028,VLMC & Perivascular,0.9716496467590332,27.964285714285715,16772
H21.33.028,Vip,0.17410507798194885,567.8873239436621,28010
H21.33.029,Astrocyte,0.3014305830001831,226.47240618101546,25607
H21.33.029,Chandelier,0.7263607978820801,23.404255319148938,16952
H21.33.029,Endothelial,1.7544946670532227,9.263157894736842,12535
H21.33.029,Immune,0.5671684741973877,91.82608695652173,20758
H21.33.029,L2/3 IT,0.07092785835266113,918.5647442872688,30683
H21.33.029,L4 IT,0.11763295531272888,453.5044052863437,29406
H21.33.029,L5 ET,0.46883177757263184,16.058823529411764,23253
H21.33.029,L5 IT,0.07580852508544922,562.2648888888889,31122
H21.33.029,L5/6 NP,0.3160245418548584,98.19289340101523,24750
H21.33.029,L6 CT,0.21848076581954956,104.96190476190478,27235
H21.33.029,L6 IT,0.10128378868103027,269.4768089053803,29700
H21.33.029,L6 IT Car3,0.25478196144104004,95.05759162303666,26901
H21.33.029,L6b,0.16546225547790527,134.73992673992674,28506
H21.33.029,Lamp5,0.49034857749938965,90.0,21827
H21.33.029,Lamp5 Lhx6,0.3832972049713135,55.1864406779661,22414
H21.33.029,OPC,0.4122579097747803,120.49792531120333,23696
H21.33.029,Oligodendrocyte,0.3044239282608032,337.33431952662716,24960
H21.33.029,Pax6,0.6055426597595215,20.558139534883722,20089
H21.33.029,Pvalb,0.16881807148456573,333.46326836581704,27926
H21.33.029,Sncg,1.0888700485229492,8.23529411764706,15244
H21.33.029,Sst,0.4697260856628418,64.0,22691
H21.33.029,VLMC & Perivascular,0.9888916015625,16.941176470588236,16091
H21.33.029,Vip,0.3318650722503662,115.29411764705883,24732
H21.33.030,Astrocyte,0.6532213091850281,32.54040404040404,25120
H21.33.030,Chandelier,0.4858880043029785,42.4421052631579,21476
H21.33.030,Endothelial,1.6224017143249512,8.0,12480
H21.33.030,Immune,0.7211687564849854,77.26829268292683,20796
H21.33.030,L2/3 IT,0.0648810863494873,1186.748920419494,32444
H21.33.030,L4 IT,0.10533219575881958,425.24595219737853,30904
H21.33.030,L5 ET,0.5615477561950684,10.181818181818182,22191
H21.33.030,L5 IT,0.11388969421386719,250.57627118644066,30635
H21.33.030,L5/6 NP,0.35747432708740234,47.5,24929
H21.33.030,L6 CT,0.37674808502197266,33.810526315789474,24641
H21.33.030,L6 IT,0.20820176601409912,66.57798165137615,27803
H21.33.030,L6 IT Car3,0.33316436409950256,37.86153846153846,25833
H21.33.030,L6b,0.6122674942016602,13.793103448275863,23187
H21.33.030,Lamp5,0.31636786460876465,105.6,24773
H21.33.030,Lamp5 Lhx6,0.4320828914642334,38.93805309734513,23467
H21.33.030,OPC,0.9152150750160217,30.475609756097565,21382
H21.33.030,Oligodendrocyte,0.43221330642700195,123.87240356083086,23929
H21.33.030,Pax6,0.8682601451873779,10.8,21206
H21.33.030,Pvalb,0.16084074974060059,272.0250941028858,29014
H21.33.030,Sncg,0.5406140089035034,49.27152317880795,22495
H21.33.030,Sst,0.24412265419960022,219.67944250871082,26600
H21.33.030,Vip,0.16483402252197266,343.44314558979806,29119
H21.33.031,Astrocyte,0.3680567741394043,217.95871559633025,25234
H21.33.031,Chandelier,0.4610896110534668,72.19736842105263,22152
H21.33.031,Endothelial,4.789557933807373,7.5,10348
H21.33.031,Immune,0.46836137771606445,201.29032258064518,21977
H21.33.031,L2/3 IT,0.059558965265750885,2159.600185099491,32415
H21.33.031,L4 IT,0.12440061569213867,699.3967119370978,30404
H21.33.031,L5 ET,0.812021017074585,10.909090909090908,19537
H21.33.031,L5 IT,0.11647725105285645,595.998322147651,30798
H21.33.031,L5/6 NP,0.3514111042022705,92.82795698924733,25283
H21.33.031,L6 CT,0.39412182569503784,68.28985507246377,24534
H21.33.031,L6 IT,0.27368593215942383,136.35164835164835,27094
H21.33.031,L6 IT Car3,0.3555111885070801,95.34358974358975,25363
H21.33.031,L6b,0.5205581188201904,35.32394366197183,22455
H21.33.031,Lamp5,0.26057711243629456,336.3451327433628,26745
H21.33.031,Lamp5 Lhx6,0.2994871139526367,170.4633431085044,25611
H21.33.031,OPC,0.4311995506286621,158.69182389937106,23465
H21.33.031,Oligodendrocyte,0.3915214538574219,339.03818953323906,24431
H21.33.031,Pax6,0.5073986053466797,54.12844036697248,22001
H21.33.031,Pvalb,0.13439631462097168,648.9984591679507,29568
H21.33.031,Sncg,0.36249780654907227,148.49831649831648,24501
H21.33.031,Sst,0.23924517631530762,336.0385756676558,26997
H21.33.031,VLMC & Perivascular,1.4342966079711914,19.200000000000003,14534
H21.33.031,Vip,0.16276347637176514,714.1899441340781,29323
H21.33.032,Astrocyte,0.4133765697479248,137.0,23932
H21.33.032,Chandelier,0.42122411727905273,69.48571428571428,22889
H21.33.032,Endothelial,1.7709341049194336,7.199999999999999,12027
H21.33.032,Immune,0.4986182451248169,159.77499999999998,21893
H21.33.032,L2/3 IT,0.042842984199523926,2314.3982795698926,33056
H21.33.032,L4 IT,0.08973574638366699,679.7688368690564,31109
H21.33.032,L5 ET,0.5446586608886719,13.928571428571429,22792
H21.33.032,L5 IT,0.07925176620483398,613.1384364820847,31635
H21.33.032,L5/6 NP,0.3109121024608612,75.67105263157895,25954
H21.33.032,L6 CT,0.286665678024292,74.46979865771813,26504
H21.33.032,L6 IT,0.14963021874427795,182.77929155313353,29241
H21.33.032,L6 IT Car3,0.24752306938171387,122.60162601626016,27220
H21.33.032,L6b,0.30782127380371094,49.50000000000001,26191
H21.33.032,Lamp5,0.23049545288085938,244.08163265306123,27276
H21.33.032,Lamp5 Lhx6,0.31196433305740356,99.40298507462687,25751
H21.33.032,OPC,0.37603703141212463,222.25514403292183,24964
H21.33.032,Oligodendrocyte,0.20817995071411133,841.6023738872404,27294
H21.33.032,Pax6,0.3844294548034668,66.94029850746269,24282
H21.33.032,Pvalb,0.10550571978092194,501.42430278884467,29975
H21.33.032,Sncg,0.3031466007232666,180.46537396121886,26002
H21.33.032,Sst,0.1970045566558838,422.6918536009445,27885
H21.33.032,VLMC & Perivascular,1.1152143478393555,19.950000000000003,15444
H21.33.032,Vip,0.13439670205116272,574.6505190311419,29925
H21.33.033,Astrocyte,0.1967781037092209,386.4217335058215,27251
H21.33.033,Chandelier,0.7924776077270508,24.96,16569
H21.33.033,Endothelial,1.30665922164917,9.473684210526315,12633
H21.33.033,Immune,0.3477191925048828,290.5349233390119,23410
H21.33.033,L2/3 IT,0.24871444702148438,297.0,26158
H21.33.033,L4 IT,0.24647212028503418,309.41252006420547,26336
H21.33.033,L5 ET,0.671142578125,8.0,19060
H21.33.033,L5 IT,0.29848527908325195,196.93069306930693,24982
H21.33.033,L5/6 NP,0.691591739654541,43.44827586206896,18396
H21.33.033,L6 CT,0.47772955894470215,33.97142857142857,21441
H21.33.033,L6 IT,0.28408050537109375,156.22641509433961,24779
H21.33.033,L6 IT Car3,0.3101080656051636,96.47668393782384,24128
H21.33.033,L6b,0.3333756923675537,63.30708661417323,23974
H21.33.033,Lamp5,0.7191715240478516,41.52808988764045,17533
H21.33.033,Lamp5 Lhx6,0.5916903018951416,60.18897637795276,19322
H21.33.033,OPC,0.3558969497680664,121.33333333333333,23667
H21.33.033,Oligodendrocyte,0.5448997020721436,92.30526315789474,20195
H21.33.033,Pax6,0.692812442779541,33.492537313432834,17744
H21.33.033,Pvalb,0.4091954231262207,148.93959731543626,23016
H21.33.033,Sncg,1.0560150146484375,27.59322033898305,15605
H21.33.033,Sst,0.5333294868469238,81.62424242424241,20290
H21.33.033,VLMC & Perivascular,1.0333776473999023,23.958333333333332,16053
H21.33.033,Vip,0.33629918098449707,187.98429319371726,24035
H21.33.034,Astrocyte,0.2762763500213623,493.49544072948333,25299
H21.33.034,Endothelial,1.0296919345855713,25.358490566037737,15393
H21.33.034,Immune,0.5999221801757812,106.30985915492958,19593
H21.33.034,L2/3 IT,0.310321569442749,212.34498834498834,25396
H21.33.034,L4 IT,0.5325617790222168,83.01176470588237,21021
H21.33.034,L5 IT,0.46991395950317383,91.49726775956283,22538
H21.33.034,L5/6 NP,1.4243178367614746,6.666666666666666,12527
H21.33.034,L6 IT,0.8394362926483154,22.304347826086957,16856
H21.33.034,L6 IT Car3,0.7645153999328613,23.404255319148938,16748
H21.33.034,Lamp5,1.0953166484832764,26.40740740740741,14753
H21.33.034,OPC,0.5503973960876465,94.43386243386244,19917
H21.33.034,Oligodendrocyte,3.142989158630371,8.842105263157896,10867
H21.33.034,Pvalb,0.9635512828826904,35.436619718309856,15724
H21.33.034,Sncg,4.478717803955078,5.833333333333333,10496
H21.33.034,Sst,1.6982569694519043,10.636363636363637,12098
H21.33.034,Vip,0.6091704368591309,57.14782608695653,19275
H21.33.035,Astrocyte,0.2016662359237671,604.4644628099174,27747
H21.33.035,Chandelier,0.5002601146697998,59.39495798319328,21170
H21.33.035,Endothelial,1.1319165229797363,16.0,14180
H21.33.035,Immune,0.46046924591064453,203.29411764705884,22419
H21.33.035,L2/3 IT,0.052002012729644775,1735.2943548387095,32064
H21.33.035,L4 IT,0.08657118678092957,931.9571045576406,30832
H21.33.035,L5 ET,0.5612690448760986,14.068965517241379,22410
H21.33.035,L5 IT,0.07857602834701538,713.3987386124737,31332
H21.33.035,L5/6 NP,0.28371191024780273,101.51960784313727,25944
H21.33.035,L6 CT,0.31588026881217957,60.396694214876035,24710
H21.33.035,L6 IT,0.21748125553131104,143.0,27920
H21.33.035,L6 IT Car3,0.3057384490966797,89.27374301675977,25853
H21.33.035,L6b,0.3867502212524414,45.97826086956522,24587
H21.33.035,Lamp5,0.2916240692138672,217.97260273972603,24615
H21.33.035,Lamp5 Lhx6,0.39083433151245117,67.05882352941177,22827
H21.33.035,OPC,0.3858785629272461,215.4398148148148,24622
H21.33.035,Oligodendrocyte,0.38587284088134766,273.985401459854,23313
H21.33.035,Pax6,0.5481967926025391,26.440677966101692,20345
H21.33.035,Pvalb,0.14749819040298462,392.63024142312577,28132
H21.33.035,Sncg,0.4950284957885742,77.53846153846155,21327
H21.33.035,Sst,0.27991509437561035,231.72707889125797,25718
H21.33.035,VLMC & Perivascular,0.9078974723815918,31.876923076923077,17116
H21.33.035,Vip,0.18632254004478455,479.9979166666667,28173
H21.33.036,Astrocyte,0.5898332595825195,40.342245989304814,22912
H21.33.036,Chandelier,0.4429473876953125,55.18333333333333,21601
H21.33.036,Immune,0.5119138956069946,119.49367088607595,22575
H21.33.036,L2/3 IT,0.05948781967163086,1199.4281546316558,32037
H21.33.036,L4 IT,0.10184574127197266,430.636186770428,30258
H21.33.036,L5 IT,0.1019902229309082,468.24883936861653,30545
H21.33.036,L5/6 NP,0.28734445571899414,100.69090909090909,25531
H21.33.036,L6 CT,0.29342395067214966,42.36521739130435,25485
H21.33.036,L6 IT,0.18470096588134766,88.57142857142858,27807
H21.33.036,L6 IT Car3,0.24188484251499176,77.91304347826087,26775
H21.33.036,L6b,0.3845560550689697,35.36842105263158,24099
H21.33.036,Lamp5,0.29644775390625,159.91256830601094,25061
H21.33.036,Lamp5 Lhx6,0.30402469635009766,90.11538461538461,24843
H21.33.036,OPC,1.0370745658874512,14.950819672131148,20449
H21.33.036,Oligodendrocyte,0.18651032447814941,774.3401519579194,27192
H21.33.036,Pax6,0.7166914939880371,20.603773584905664,20116
H21.33.036,Pvalb,0.14320072531700134,337.68854568854573,28359
H21.33.036,Sncg,0.427548885345459,79.47428571428571,22256
H21.33.036,Sst,0.3108680248260498,202.78758949880668,24948
H21.33.036,VLMC & Perivascular,1.597353458404541,8.727272727272728,13803
H21.33.036,Vip,0.1535886526107788,426.35999999999996,28690
H21.33.037,Astrocyte,0.8163933753967285,28.783783783783786,25827
H21.33.037,Chandelier,0.6433506011962891,23.571428571428573,21388
H21.33.037,Immune,0.7289146780967712,76.38376383763837,22314
H21.33.037,L2/3 IT,0.05520017072558403,1292.3168994015389,32951
H21.33.037,L4 IT,0.12585735321044922,245.55555555555554,30077
H21.33.037,L5 IT,0.15189337730407715,152.07466666666667,29679
H21.33.037,L5/6 NP,0.5349432826042175,20.366666666666664,23238
H21.33.037,L6 CT,0.6339516639709473,10.0,22417
H21.33.037,L6 IT,0.21747136116027832,47.970802919708035,27322
H21.33.037,L6 IT Car3,0.39274662733078003,23.91891891891892,25034
H21.33.037,Lamp5,0.2820383906364441,114.50871080139372,25715
H21.33.037,Lamp5 Lhx6,0.48522210121154785,21.96923076923077,22885
H21.33.037,OPC,1.0166478157043457,18.974358974358974,23683
H21.33.037,Oligodendrocyte,0.3080148696899414,239.33997785160577,26082
H21.33.037,Pax6,0.7559409141540527,12.878048780487806,20707
H21.33.037,Pvalb,0.14760112762451172,197.0070671378092,29125
H21.33.037,Sncg,0.38503360748291016,78.24489795918367,23871
H21.33.037,Sst,0.33893275260925293,166.0392156862745,25167
H21.33.037,VLMC & Perivascular,0.99588942527771,19.55,17357
H21.33.037,Vip,0.15119874477386475,283.3544303797468,29562
H21.33.039,Astrocyte,0.2533305883407593,281.49200710479573,25983
H21.33.039,Chandelier,0.8569965362548828,21.209302325581397,16451
H21.33.039,Immune,0.5000131130218506,99.99,20370
H21.33.039,L2/3 IT,0.08442044258117676,719.7277777777778,29716
H21.33.039,L4 IT,0.09043645858764648,713.9873949579833,29761
H21.33.039,L5 IT,0.09975671768188477,430.6666666666667,29421
H21.33.039,L5/6 NP,0.3983635902404785,92.95698924731182,22613
H21.33.039,L6 CT,0.47296059131622314,27.5,22055
H21.33.039,L6 IT,0.16370487213134766,132.9699248120301,27568
H21.33.039,L6 IT Car3,0.27343106269836426,66.49624060150376,25213
H21.33.039,L6b,0.37085700035095215,30.46875,23576
H21.33.039,Lamp5,0.39396345615386963,119.925,22529
H21.33.039,Lamp5 Lhx6,0.424172043800354,78.37974683544304,21804
H21.33.039,OPC,0.8136672973632812,26.962962962962962,17193
H21.33.039,Oligodendrocyte,0.2974088191986084,378.2087186261559,24776
H21.33.039,Pax6,0.7005796432495117,23.489361702127663,17567
H21.33.039,Pvalb,0.28120142221450806,199.395,24997
H21.33.039,Sncg,0.8140037059783936,36.0,16882
H21.33.039,Sst,0.4647800922393799,106.06542056074765,21690
H21.33.039,VLMC & Perivascular,1.321315050125122,8.88888888888889,12782
H21.33.039,Vip,0.2294454574584961,319.8753894080997,26381
H21.33.040,Astrocyte,0.19603705406188965,677.9867256637168,27237
H21.33.040,Chandelier,0.5806736946105957,37.97402597402598,19285
H21.33.040,Endothelial,1.2164626121520996,15.483870967741938,13496
H21.33.040,Immune,0.4539809226989746,189.467018469657,21745
H21.33.040,L2/3 IT,0.05628681182861328,1448.3341387642388,31494
H21.33.040,L4 IT,0.07994270324707031,1047.4997613365156,30430
H21.33.040,L5 ET,0.4980583190917969,17.405405405405407,22365
H21.33.040,L5 IT,0.07714635133743286,762.6596858638743,30742
H21.33.040,L5/6 NP,0.25133514404296875,193.979381443299,26033
H21.33.040,L6 CT,0.23315885663032532,118.39330543933056,26555
H21.33.040,L6 IT,0.10325288772583008,332.9519519519519,29482
H21.33.040,L6 IT Car3,0.1701524555683136,213.40515222482435,27860
H21.33.040,L6b,0.3002655506134033,59.49579831932773,25236
H21.33.040,Lamp5,0.3729372024536133,154.21935483870968,23481
H21.33.040,Lamp5 Lhx6,0.28893911838531494,158.84276729559747,24843
H21.33.040,OPC,0.40279674530029297,151.57894736842104,23019
H21.33.040,Oligodendrocyte,0.2600703239440918,587.8167938931298,24695
H21.33.040,Pax6,0.5172324180603027,43.03448275862069,21339
H21.33.040,Pvalb,0.1451570987701416,546.4995425434585,28020
H21.33.040,Sncg,0.5649871826171875,61.824,19987
H21.33.040,Sst,0.2851240634918213,265.9398496240602,25240
H21.33.040,Sst Chodl,1.0640387535095215,9.9,15990
H21.33.040,VLMC & Perivascular,1.0286126136779785,23.404255319148938,15373
H21.33.040,Vip,0.21110033988952637,402.27577639751553,27232
H21.33.041,Astrocyte,0.27857303619384766,344.44121915820034,26979
H21.33.041,Chandelier,0.6396880149841309,33.43283582089553,19349
H21.33.041,Endothelial,2.3111748695373535,6.666666666666666,11940
H21.33.041,Immune,0.4198136329650879,222.0044943820225,23354
H21.33.041,L2/3 IT,0.055674582719802856,1627.3168044077136,32205
H21.33.041,L4 IT,0.08774685859680176,858.5549738219896,30979
H21.33.041,L5 ET,0.6272196769714355,16.12121212121212,23394
H21.33.041,L5 IT,0.08069419860839844,784.5685279187817,31857
H21.33.041,L5/6 NP,0.2325897216796875,147.29491525423728,27365
H21.33.041,L6 CT,0.28510165214538574,76.67532467532467,26109
H21.33.041,L6 IT,0.11355850100517273,275.29582577132487,30113
H21.33.041,L6 IT Car3,0.22420156002044678,142.63888888888889,27910
H21.33.041,L6b,0.30719900131225586,61.170731707317074,26323
H21.33.041,Lamp5,0.3145453929901123,160.37888198757764,24984
H21.33.041,Lamp5 Lhx6,0.3479411005973816,91.90217391304348,24509
H21.33.041,OPC,0.38492631912231445,222.780269058296,25053
H21.33.041,Oligodendrocyte,0.2656293511390686,667.781388478582,26721
H21.33.041,Pax6,0.7410178184509277,20.571428571428573,18752
H21.33.041,Pvalb,0.11846904456615448,467.82146652497346,29413
H21.33.041,Sncg,0.6419491767883301,39.975,19228
H21.33.041,Sst,0.30701744556427,180.8011049723757,25370
H21.33.041,VLMC & Perivascular,1.1120052337646484,16.363636363636363,15327
H21.33.041,Vip,0.19182848930358887,411.8280871670702,28432
H21.33.042,Astrocyte,0.23841547966003418,352.04513399153734,27544
H21.33.042,Chandelier,0.5490610599517822,36.89189189189189,20153
H21.33.042,Immune,0.3811452388763428,220.0,23624
H21.33.042,L2/3 IT,0.055779218673706055,1730.9976891969961,32247
H21.33.042,L4 IT,0.08410286903381348,806.7566563467492,30929
H21.33.042,L5 ET,0.4146299362182617,18.16216216216216,24244
H21.33.042,L5 IT,0.07652172446250916,684.4967129291454,31660
H21.33.042,L5/6 NP,0.26413244009017944,122.79674796747969,26412
H21.33.042,L6 CT,0.15626953542232513,160.48598130841123,28543
H21.33.042,L6 IT,0.11465692520141602,208.69377990430624,29679
H21.33.042,L6 IT Car3,0.1916659027338028,122.23481781376519,28076
H21.33.042,L6b,0.24732846021652222,77.94871794871794,27262
H21.33.042,Lamp5,0.32940244674682617,146.89115646258503,24415
H21.33.042,Lamp5 Lhx6,0.2811903953552246,122.49795918367346,25166
H21.33.042,OPC,0.31939220428466797,210.29928741092635,25431
H21.33.042,Oligodendrocyte,0.15589892864227295,898.3250138657793,27730
H21.33.042,Pax6,0.6260945796966553,26.415094339622645,20324
H21.33.042,Pvalb,0.12228329479694366,468.77103301384454,29186
H21.33.042,Sncg,0.48269176483154297,62.60317460317461,20897
H21.33.042,Sst,0.333254337310791,129.26640926640925,24722
H21.33.042,VLMC & Perivascular,1.224135398864746,13.481481481481481,14756
H21.33.042,Vip,0.19428013265132904,333.95515695067263,27986
H21.33.043,Astrocyte,0.2704594135284424,301.2006633499171,26222
H21.33.043,Chandelier,0.396620512008667,71.31944444444444,22980
H21.33.043,Endothelial,1.0793557167053223,15.483870967741938,13618
H21.33.043,Immune,0.2983121871948242,481.9253112033195,24767
H21.33.043,L2/3 IT,0.04697620868682861,1787.4987412587411,32466
H21.33.043,L4 IT,0.08751296997070312,675.75,30484
H21.33.043,L5 ET,0.7263383865356445,7.466666666666667,19221
H21.33.043,L5 IT,0.08434802293777466,550.3448275862069,30881
H21.33.043,L5/6 NP,0.3489971160888672,64.24615384615385,24563
H21.33.043,L6 CT,0.3032379150390625,71.72413793103448,25205
H21.33.043,L6 IT,0.14977207779884338,180.18836565096953,28519
H21.33.043,L6 IT Car3,0.2738308906555176,84.2603550295858,26103
H21.33.043,L6b,0.38500499725341797,39.80487804878049,23602
H21.33.043,Lamp5,0.23426365852355957,258.4526112185687,26461
H21.33.043,Lamp5 Lhx6,0.3068411350250244,110.49773755656108,24408
H21.33.043,OPC,0.33089590072631836,226.98237885462552,24921
H21.33.043,Oligodendrocyte,0.30144810676574707,385.21400778210113,24523
H21.33.043,Pax6,0.46602725982666016,58.15384615384616,22601
H21.33.043,Pvalb,0.1065472885966301,546.3677950594694,29268
H21.33.043,Sncg,0.30424726009368896,167.31940298507462,25303
H21.33.043,Sst,0.26870298385620117,305.359477124183,26048
H21.33.043,Sst Chodl,1.1251592636108398,6.461538461538462,13794
H21.33.043,VLMC & Perivascular,1.1107449531555176,19.51219512195122,15101
H21.33.043,Vip,0.10195772349834442,782.0140575079872,30011
H21.33.044,Astrocyte,0.44989216327667236,210.4418052256532,21939
H21.33.044,Chandelier,1.1688439846038818,15.529411764705882,14482
H21.33.044,Endothelial,3.179598808288574,8.0,12473
H21.33.044,Immune,0.4452509880065918,197.87373737373736,21697
H21.33.044,L2/3 IT,0.14469075202941895,454.66520307354557,28714
H21.33.044,L4 IT,0.17569351196289062,457.9454148471616,27742
H21.33.044,L5 IT,0.2533102035522461,207.62589928057554,26202
H21.33.044,L5/6 NP,1.0036702156066895,13.333333333333332,15358
H21.33.044,L6 CT,0.4321787357330322,41.01204819277108,22335
H21.33.044,L6 IT,0.3486236333847046,82.80722891566266,24189
H21.33.044,L6 IT Car3,0.4573969841003418,51.92380952380953,21812
H21.33.044,L6b,0.3848543167114258,46.97872340425533,23551
H21.33.044,Lamp5,0.7359395027160645,30.098360655737704,17264
H21.33.044,Lamp5 Lhx6,0.6484835147857666,42.023529411764706,18847
H21.33.044,OPC,0.3641852140426636,181.05945945945948,23857
H21.33.044,Oligodendrocyte,1.1452813148498535,23.84313725490196,14271
H21.33.044,Pax6,0.7052030563354492,35.88888888888889,18471
H21.33.044,Pvalb,0.46789121627807617,126.07058823529412,21536
H21.33.044,Sncg,0.5552513599395752,68.89208633093526,20396
H21.33.044,Sst,0.5580301284790039,71.34246575342466,19836
H21.33.044,VLMC & Perivascular,2.9863438606262207,9.600000000000001,13513
H21.33.044,Vip,0.3250265121459961,194.2075949367089,24589
H21.33.045,Astrocyte,0.3305356502532959,332.48955223880597,25486
H21.33.045,Chandelier,0.8990433216094971,17.0,15607
H21.33.045,Endothelial,1.2558345794677734,11.478260869565217,13876
H21.33.045,Immune,0.4809863567352295,157.04126984126984,22137
H21.33.045,L2/3 IT,0.19750431180000305,330.24,27733
H21.33.045,L4 IT,0.19502384960651398,557.1843971631206,28198
H21.33.045,L5 IT,0.2183307409286499,350.73446327683615,27821
H21.33.045,L5/6 NP,0.6227173805236816,21.434782608695652,19084
H21.33.045,L6 CT,0.9137823581695557,9.0,16187
H21.33.045,L6 IT,0.7270731925964355,27.79746835443038,20629
H21.33.045,L6 IT Car3,0.8281388282775879,16.5,18436
H21.33.045,L6b,0.9233131408691406,11.0,16103
H21.33.045,Lamp5,0.3830409049987793,203.458432304038,24476
H21.33.045,Lamp5 Lhx6,0.9584102630615234,16.0,15776
H21.33.045,OPC,0.7374751567840576,25.333333333333336,18006
H21.33.045,Oligodendrocyte,0.7670106887817383,40.18604651162791,17400
H21.33.045,Pax6,0.5645368099212646,43.82022471910113,20765
H21.33.045,Pvalb,0.5061371326446533,132.7709090909091,22889
H21.33.045,Sncg,0.46164941787719727,104.24644549763033,23127
H21.33.045,Sst,0.5775957107543945,76.16883116883116,20647
H21.33.045,VLMC & Perivascular,0.6910877227783203,48.24742268041236,18637
H21.33.045,Vip,0.3280137777328491,221.90748898678413,25931
H21.33.047,Astrocyte,0.45631909370422363,144.4567474048443,24877
H21.33.047,Chandelier,0.41469669342041016,77.83647798742139,24075
H21.33.047,Endothelial,1.9935555458068848,9.904761904761905,12044
H21.33.047,Immune,0.5236051082611084,189.10994764397904,23668
H21.33.047,L2/3 IT,0.0826033353805542,1631.3152273420812,32529
H21.33.047,L4 IT,0.14260435104370117,631.371653543307,30925
H21.33.047,L5 IT,0.12802422046661377,440.88335220838053,30990
H21.33.047,L5/6 NP,0.39435893297195435,66.04511278195488,25616
H21.33.047,L6 CT,0.5061802864074707,32.30769230769231,23670
H21.33.047,L6 IT,0.29759740829467773,99.18407960199005,27887
H21.33.047,L6 IT Car3,0.37503528594970703,82.93491124260356,25958
H21.33.047,L6b,0.4227132797241211,35.67123287671233,24760
H21.33.047,Lamp5,0.2429131269454956,282.773851590106,27904
H21.33.047,Lamp5 Lhx6,0.36552000045776367,97.49999999999999,25576
H21.33.047,OPC,0.44455814361572266,177.32022471910113,24701
H21.33.047,Oligodendrocyte,0.39647436141967773,407.5353293413174,25607
H21.33.047,Pax6,0.4832735061645508,55.387387387387385,23378
H21.33.047,Pvalb,0.13613390922546387,540.1988950276243,30187
H21.33.047,Sncg,0.25552600622177124,281.6197183098592,27192
H21.33.047,Sst,0.1733248233795166,555.3987398739874,28976
H21.33.047,Sst Chodl,0.9725346565246582,8.842105263157896,16656
H21.33.047,VLMC & Perivascular,2.003138542175293,9.263157894736842,12689
H21.33.047,Vip,0.12926997244358063,733.6032608695652,30463
