ct,n,span,b
Endothelial,33,4.960000000000001,-0.7191606939783318
L5 IT,47,130.76142131979694,-0.6801169358050075
Pvalb,46,78.03288709578823,-0.6776414006766857
VLMC & Perivascular,42,6.2136832239925015,-0.6442285075821066
L2/3 IT,47,161.30970971083684,-0.6238198386719076
L4 IT,47,18.644012867869588,-0.6053118970719645
Sst,46,57.386309386309385,-0.5976133005744061
L6 IT,45,19.338118654822335,-0.5832309797330708
Sncg,46,48.277665995975866,-0.5672622346444477
Lamp5,46,32.37694464687431,-0.5617354422860803
Vip,46,36.723335834494584,-0.5587679497408362
L6b,41,14.581258741258743,-0.5200368505265717
Sst Chodl,12,3.322222222222222,-0.5086102466704024
Chandelier,45,10.074999999999998,-0.501131178245094
L6 IT Car3,45,20.006733021077284,-0.48510596631733455
L5/6 NP,45,29.096907216494852,-0.4839707561433926
L6 CT,44,18.666666666666668,-0.4825564422289731
Oligodendrocyte,46,163.26063873233684,-0.4761071473399893
Astrocyte,47,35.50964951338973,-0.46577924025429585
OPC,46,32.3039553915276,-0.45225291623448155
Immune,47,17.47331537696246,-0.4390310933709838
Lamp5 Lhx6,44,12.611204954954955,-0.4027578848628431
Pax6,43,12.074641691499929,-0.38906710916246845
L5 ET,30,3.768992248062016,-0.2972586640967377
